[2025-12-18T16:53:33.287Z] [31merror[39m: uncaughtException: a is not defined
ReferenceError: a is not defined
    at multer (C:\Users\BTA\Desktop\PJ\THDELIVERY\backend\src\modules\product\products.route.ts:34:7)
    at Object.<anonymous> (C:\Users\BTA\Desktop\PJ\THDELIVERY\backend\src\modules\product\products.route.ts:37:1)
    at Module._compile (node:internal/modules/cjs/loader:1706:14)
    at Object.transformer (C:\Users\BTA\Desktop\PJ\THDELIVERY\backend\node_modules\tsx\dist\register-D46fvsV_.cjs:3:1104)
    at Module.load (node:internal/modules/cjs/loader:1441:32)
    at Function._load (node:internal/modules/cjs/loader:1263:12)
    at TracingChannel.traceSync (node:diagnostics_channel:322:14)
    at wrapModuleLoad (node:internal/modules/cjs/loader:237:24)
    at Module.require (node:internal/modules/cjs/loader:1463:12)
    at require (node:internal/modules/helpers:147:16)
ReferenceError: a is not defined
    at multer (C:\Users\BTA\Desktop\PJ\THDELIVERY\backend\src\modules\product\products.route.ts:34:7)
    at Object.<anonymous> (C:\Users\BTA\Desktop\PJ\THDELIVERY\backend\src\modules\product\products.route.ts:37:1)
    at Module._compile (node:internal/modules/cjs/loader:1706:14)
    at Object.transformer (C:\Users\BTA\Desktop\PJ\THDELIVERY\backend\node_modules\tsx\dist\register-D46fvsV_.cjs:3:1104)
    at Module.load (node:internal/modules/cjs/loader:1441:32)
    at Function._load (node:internal/modules/cjs/loader:1263:12)
    at TracingChannel.traceSync (node:diagnostics_channel:322:14)
    at wrapModuleLoad (node:internal/modules/cjs/loader:237:24)
    at Module.require (node:internal/modules/cjs/loader:1463:12)
    at require (node:internal/modules/helpers:147:16){"error":{},"exception":true,"date":"Thu Dec 18 2025 13:53:33 GMT-0300 (Brasilia Standard Time)","process":{"pid":4772,"uid":null,"gid":null,"cwd":"C:\\Users\\BTA\\Desktop\\PJ\\THDELIVERY\\backend","execPath":"C:\\Program Files\\nodejs\\node.exe","version":"v22.20.0","argv":["C:\\Program Files\\nodejs\\node.exe","C:\\Users\\BTA\\Desktop\\PJ\\THDELIVERY\\backend\\src\\server.ts"],"memoryUsage":{"rss":111308800,"heapTotal":41054208,"heapUsed":24878176,"external":5030187,"arrayBuffers":218755}},"os":{"loadavg":[0,0,0],"uptime":2919.984},"trace":[{"column":7,"file":"C:\\Users\\BTA\\Desktop\\PJ\\THDELIVERY\\backend\\src\\modules\\product\\products.route.ts","function":"multer","line":34,"method":null,"native":false},{"column":1,"file":"C:\\Users\\BTA\\Desktop\\PJ\\THDELIVERY\\backend\\src\\modules\\product\\products.route.ts","function":null,"line":37,"method":null,"native":false},{"column":14,"file":"node:internal/modules/cjs/loader","function":"Module._compile","line":1706,"method":"_compile","native":false},{"column":1104,"file":"C:\\Users\\BTA\\Desktop\\PJ\\THDELIVERY\\backend\\node_modules\\tsx\\dist\\register-D46fvsV_.cjs","function":"Object.transformer","line":3,"method":"transformer","native":false},{"column":32,"file":"node:internal/modules/cjs/loader","function":"Module.load","line":1441,"method":"load","native":false},{"column":12,"file":"node:internal/modules/cjs/loader","function":"Function._load","line":1263,"method":"_load","native":false},{"column":14,"file":"node:diagnostics_channel","function":"TracingChannel.traceSync","line":322,"method":"traceSync","native":false},{"column":24,"file":"node:internal/modules/cjs/loader","function":"wrapModuleLoad","line":237,"method":null,"native":false},{"column":12,"file":"node:internal/modules/cjs/loader","function":"Module.require","line":1463,"method":"require","native":false},{"column":16,"file":"node:internal/modules/helpers","function":"require","line":147,"method":null,"native":false}]}
[2025-12-18T16:53:49.722Z] [31merror[39m: uncaughtException: router is not defined
ReferenceError: router is not defined
    at multer (C:\Users\BTA\Desktop\PJ\THDELIVERY\backend\src\modules\product\products.route.ts:24:1)
    at Object.<anonymous> (C:\Users\BTA\Desktop\PJ\THDELIVERY\backend\src\modules\product\products.route.ts:38:1)
    at Module._compile (node:internal/modules/cjs/loader:1706:14)
    at Object.transformer (C:\Users\BTA\Desktop\PJ\THDELIVERY\backend\node_modules\tsx\dist\register-D46fvsV_.cjs:3:1104)
    at Module.load (node:internal/modules/cjs/loader:1441:32)
    at Function._load (node:internal/modules/cjs/loader:1263:12)
    at TracingChannel.traceSync (node:diagnostics_channel:322:14)
    at wrapModuleLoad (node:internal/modules/cjs/loader:237:24)
    at Module.require (node:internal/modules/cjs/loader:1463:12)
    at require (node:internal/modules/helpers:147:16)
ReferenceError: router is not defined
    at multer (C:\Users\BTA\Desktop\PJ\THDELIVERY\backend\src\modules\product\products.route.ts:24:1)
    at Object.<anonymous> (C:\Users\BTA\Desktop\PJ\THDELIVERY\backend\src\modules\product\products.route.ts:38:1)
    at Module._compile (node:internal/modules/cjs/loader:1706:14)
    at Object.transformer (C:\Users\BTA\Desktop\PJ\THDELIVERY\backend\node_modules\tsx\dist\register-D46fvsV_.cjs:3:1104)
    at Module.load (node:internal/modules/cjs/loader:1441:32)
    at Function._load (node:internal/modules/cjs/loader:1263:12)
    at TracingChannel.traceSync (node:diagnostics_channel:322:14)
    at wrapModuleLoad (node:internal/modules/cjs/loader:237:24)
    at Module.require (node:internal/modules/cjs/loader:1463:12)
    at require (node:internal/modules/helpers:147:16){"error":{},"exception":true,"date":"Thu Dec 18 2025 13:53:49 GMT-0300 (Brasilia Standard Time)","process":{"pid":17420,"uid":null,"gid":null,"cwd":"C:\\Users\\BTA\\Desktop\\PJ\\THDELIVERY\\backend","execPath":"C:\\Program Files\\nodejs\\node.exe","version":"v22.20.0","argv":["C:\\Program Files\\nodejs\\node.exe","C:\\Users\\BTA\\Desktop\\PJ\\THDELIVERY\\backend\\src\\server.ts"],"memoryUsage":{"rss":110727168,"heapTotal":40792064,"heapUsed":25021024,"external":5030187,"arrayBuffers":218755}},"os":{"loadavg":[0,0,0],"uptime":2936.421},"trace":[{"column":1,"file":"C:\\Users\\BTA\\Desktop\\PJ\\THDELIVERY\\backend\\src\\modules\\product\\products.route.ts","function":"multer","line":24,"method":null,"native":false},{"column":1,"file":"C:\\Users\\BTA\\Desktop\\PJ\\THDELIVERY\\backend\\src\\modules\\product\\products.route.ts","function":null,"line":38,"method":null,"native":false},{"column":14,"file":"node:internal/modules/cjs/loader","function":"Module._compile","line":1706,"method":"_compile","native":false},{"column":1104,"file":"C:\\Users\\BTA\\Desktop\\PJ\\THDELIVERY\\backend\\node_modules\\tsx\\dist\\register-D46fvsV_.cjs","function":"Object.transformer","line":3,"method":"transformer","native":false},{"column":32,"file":"node:internal/modules/cjs/loader","function":"Module.load","line":1441,"method":"load","native":false},{"column":12,"file":"node:internal/modules/cjs/loader","function":"Function._load","line":1263,"method":"_load","native":false},{"column":14,"file":"node:diagnostics_channel","function":"TracingChannel.traceSync","line":322,"method":"traceSync","native":false},{"column":24,"file":"node:internal/modules/cjs/loader","function":"wrapModuleLoad","line":237,"method":null,"native":false},{"column":12,"file":"node:internal/modules/cjs/loader","function":"Module.require","line":1463,"method":"require","native":false},{"column":16,"file":"node:internal/modules/helpers","function":"require","line":147,"method":null,"native":false}]}
[2025-12-18T16:54:06.027Z] [31merror[39m: uncaughtException: router is not defined
ReferenceError: router is not defined
    at multer (C:\Users\BTA\Desktop\PJ\THDELIVERY\backend\src\modules\product\products.route.ts:11:1)
    at Object.<anonymous> (C:\Users\BTA\Desktop\PJ\THDELIVERY\backend\src\modules\product\products.route.ts:38:1)
    at Module._compile (node:internal/modules/cjs/loader:1706:14)
    at Object.transformer (C:\Users\BTA\Desktop\PJ\THDELIVERY\backend\node_modules\tsx\dist\register-D46fvsV_.cjs:3:1104)
    at Module.load (node:internal/modules/cjs/loader:1441:32)
    at Function._load (node:internal/modules/cjs/loader:1263:12)
    at TracingChannel.traceSync (node:diagnostics_channel:322:14)
    at wrapModuleLoad (node:internal/modules/cjs/loader:237:24)
    at Module.require (node:internal/modules/cjs/loader:1463:12)
    at require (node:internal/modules/helpers:147:16)
ReferenceError: router is not defined
    at multer (C:\Users\BTA\Desktop\PJ\THDELIVERY\backend\src\modules\product\products.route.ts:11:1)
    at Object.<anonymous> (C:\Users\BTA\Desktop\PJ\THDELIVERY\backend\src\modules\product\products.route.ts:38:1)
    at Module._compile (node:internal/modules/cjs/loader:1706:14)
    at Object.transformer (C:\Users\BTA\Desktop\PJ\THDELIVERY\backend\node_modules\tsx\dist\register-D46fvsV_.cjs:3:1104)
    at Module.load (node:internal/modules/cjs/loader:1441:32)
    at Function._load (node:internal/modules/cjs/loader:1263:12)
    at TracingChannel.traceSync (node:diagnostics_channel:322:14)
    at wrapModuleLoad (node:internal/modules/cjs/loader:237:24)
    at Module.require (node:internal/modules/cjs/loader:1463:12)
    at require (node:internal/modules/helpers:147:16){"error":{},"exception":true,"date":"Thu Dec 18 2025 13:54:06 GMT-0300 (Brasilia Standard Time)","process":{"pid":16784,"uid":null,"gid":null,"cwd":"C:\\Users\\BTA\\Desktop\\PJ\\THDELIVERY\\backend","execPath":"C:\\Program Files\\nodejs\\node.exe","version":"v22.20.0","argv":["C:\\Program Files\\nodejs\\node.exe","C:\\Users\\BTA\\Desktop\\PJ\\THDELIVERY\\backend\\src\\server.ts"],"memoryUsage":{"rss":111099904,"heapTotal":40984576,"heapUsed":25229584,"external":5030187,"arrayBuffers":218755}},"os":{"loadavg":[0,0,0],"uptime":2952.718},"trace":[{"column":1,"file":"C:\\Users\\BTA\\Desktop\\PJ\\THDELIVERY\\backend\\src\\modules\\product\\products.route.ts","function":"multer","line":11,"method":null,"native":false},{"column":1,"file":"C:\\Users\\BTA\\Desktop\\PJ\\THDELIVERY\\backend\\src\\modules\\product\\products.route.ts","function":null,"line":38,"method":null,"native":false},{"column":14,"file":"node:internal/modules/cjs/loader","function":"Module._compile","line":1706,"method":"_compile","native":false},{"column":1104,"file":"C:\\Users\\BTA\\Desktop\\PJ\\THDELIVERY\\backend\\node_modules\\tsx\\dist\\register-D46fvsV_.cjs","function":"Object.transformer","line":3,"method":"transformer","native":false},{"column":32,"file":"node:internal/modules/cjs/loader","function":"Module.load","line":1441,"method":"load","native":false},{"column":12,"file":"node:internal/modules/cjs/loader","function":"Function._load","line":1263,"method":"_load","native":false},{"column":14,"file":"node:diagnostics_channel","function":"TracingChannel.traceSync","line":322,"method":"traceSync","native":false},{"column":24,"file":"node:internal/modules/cjs/loader","function":"wrapModuleLoad","line":237,"method":null,"native":false},{"column":12,"file":"node:internal/modules/cjs/loader","function":"Module.require","line":1463,"method":"require","native":false},{"column":16,"file":"node:internal/modules/helpers","function":"require","line":147,"method":null,"native":false}]}
[2025-12-18T16:54:11.210Z] [31merror[39m: uncaughtException: ensureAuth is not defined
ReferenceError: ensureAuth is not defined
    at multer (C:\Users\BTA\Desktop\PJ\THDELIVERY\backend\src\modules\product\products.route.ts:11:19)
    at Object.<anonymous> (C:\Users\BTA\Desktop\PJ\THDELIVERY\backend\src\modules\product\products.route.ts:38:1)
    at Module._compile (node:internal/modules/cjs/loader:1706:14)
    at Object.transformer (C:\Users\BTA\Desktop\PJ\THDELIVERY\backend\node_modules\tsx\dist\register-D46fvsV_.cjs:3:1104)
    at Module.load (node:internal/modules/cjs/loader:1441:32)
    at Function._load (node:internal/modules/cjs/loader:1263:12)
    at TracingChannel.traceSync (node:diagnostics_channel:322:14)
    at wrapModuleLoad (node:internal/modules/cjs/loader:237:24)
    at Module.require (node:internal/modules/cjs/loader:1463:12)
    at require (node:internal/modules/helpers:147:16)
ReferenceError: ensureAuth is not defined
    at multer (C:\Users\BTA\Desktop\PJ\THDELIVERY\backend\src\modules\product\products.route.ts:11:19)
    at Object.<anonymous> (C:\Users\BTA\Desktop\PJ\THDELIVERY\backend\src\modules\product\products.route.ts:38:1)
    at Module._compile (node:internal/modules/cjs/loader:1706:14)
    at Object.transformer (C:\Users\BTA\Desktop\PJ\THDELIVERY\backend\node_modules\tsx\dist\register-D46fvsV_.cjs:3:1104)
    at Module.load (node:internal/modules/cjs/loader:1441:32)
    at Function._load (node:internal/modules/cjs/loader:1263:12)
    at TracingChannel.traceSync (node:diagnostics_channel:322:14)
    at wrapModuleLoad (node:internal/modules/cjs/loader:237:24)
    at Module.require (node:internal/modules/cjs/loader:1463:12)
    at require (node:internal/modules/helpers:147:16){"error":{},"exception":true,"date":"Thu Dec 18 2025 13:54:11 GMT-0300 (Brasilia Standard Time)","process":{"pid":13400,"uid":null,"gid":null,"cwd":"C:\\Users\\BTA\\Desktop\\PJ\\THDELIVERY\\backend","execPath":"C:\\Program Files\\nodejs\\node.exe","version":"v22.20.0","argv":["C:\\Program Files\\nodejs\\node.exe","C:\\Users\\BTA\\Desktop\\PJ\\THDELIVERY\\backend\\src\\server.ts"],"memoryUsage":{"rss":115040256,"heapTotal":41054208,"heapUsed":24946296,"external":5030187,"arrayBuffers":218755}},"os":{"loadavg":[0,0,0],"uptime":2957.906},"trace":[{"column":19,"file":"C:\\Users\\BTA\\Desktop\\PJ\\THDELIVERY\\backend\\src\\modules\\product\\products.route.ts","function":"multer","line":11,"method":null,"native":false},{"column":1,"file":"C:\\Users\\BTA\\Desktop\\PJ\\THDELIVERY\\backend\\src\\modules\\product\\products.route.ts","function":null,"line":38,"method":null,"native":false},{"column":14,"file":"node:internal/modules/cjs/loader","function":"Module._compile","line":1706,"method":"_compile","native":false},{"column":1104,"file":"C:\\Users\\BTA\\Desktop\\PJ\\THDELIVERY\\backend\\node_modules\\tsx\\dist\\register-D46fvsV_.cjs","function":"Object.transformer","line":3,"method":"transformer","native":false},{"column":32,"file":"node:internal/modules/cjs/loader","function":"Module.load","line":1441,"method":"load","native":false},{"column":12,"file":"node:internal/modules/cjs/loader","function":"Function._load","line":1263,"method":"_load","native":false},{"column":14,"file":"node:diagnostics_channel","function":"TracingChannel.traceSync","line":322,"method":"traceSync","native":false},{"column":24,"file":"node:internal/modules/cjs/loader","function":"wrapModuleLoad","line":237,"method":null,"native":false},{"column":12,"file":"node:internal/modules/cjs/loader","function":"Module.require","line":1463,"method":"require","native":false},{"column":16,"file":"node:internal/modules/helpers","function":"require","line":147,"method":null,"native":false}]}
[2025-12-19T19:15:26.290Z] [31merror[39m: uncaughtException: Transform failed with 1 error:
C:\Users\BTA\Desktop\PJ\THDELIVERY\backend\src\modules\categories\categories.schema.ts:4:9: ERROR: Expected "}" but found ")"
Error: Transform failed with 1 error:
C:\Users\BTA\Desktop\PJ\THDELIVERY\backend\src\modules\categories\categories.schema.ts:4:9: ERROR: Expected "}" but found ")"
    at failureErrorWithLog (C:\Users\BTA\Desktop\PJ\THDELIVERY\backend\node_modules\esbuild\lib\main.js:1467:15)
    at C:\Users\BTA\Desktop\PJ\THDELIVERY\backend\node_modules\esbuild\lib\main.js:736:50
    at responseCallbacks.<computed> (C:\Users\BTA\Desktop\PJ\THDELIVERY\backend\node_modules\esbuild\lib\main.js:603:9)
    at handleIncomingPacket (C:\Users\BTA\Desktop\PJ\THDELIVERY\backend\node_modules\esbuild\lib\main.js:658:12)
    at Socket.readFromStdout (C:\Users\BTA\Desktop\PJ\THDELIVERY\backend\node_modules\esbuild\lib\main.js:581:7)
    at Socket.emit (node:events:519:28)
    at addChunk (node:internal/streams/readable:561:12)
    at readableAddChunkPushByteMode (node:internal/streams/readable:512:3)
    at Readable.push (node:internal/streams/readable:392:5)
    at Pipe.onStreamRead (node:internal/stream_base_commons:189:23)
Error: Transform failed with 1 error:
C:\Users\BTA\Desktop\PJ\THDELIVERY\backend\src\modules\categories\categories.schema.ts:4:9: ERROR: Expected "}" but found ")"
    at failureErrorWithLog (C:\Users\BTA\Desktop\PJ\THDELIVERY\backend\node_modules\esbuild\lib\main.js:1467:15)
    at C:\Users\BTA\Desktop\PJ\THDELIVERY\backend\node_modules\esbuild\lib\main.js:736:50
    at responseCallbacks.<computed> (C:\Users\BTA\Desktop\PJ\THDELIVERY\backend\node_modules\esbuild\lib\main.js:603:9)
    at handleIncomingPacket (C:\Users\BTA\Desktop\PJ\THDELIVERY\backend\node_modules\esbuild\lib\main.js:658:12)
    at Socket.readFromStdout (C:\Users\BTA\Desktop\PJ\THDELIVERY\backend\node_modules\esbuild\lib\main.js:581:7)
    at Socket.emit (node:events:519:28)
    at addChunk (node:internal/streams/readable:561:12)
    at readableAddChunkPushByteMode (node:internal/streams/readable:512:3)
    at Readable.push (node:internal/streams/readable:392:5)
    at Pipe.onStreamRead (node:internal/stream_base_commons:189:23){"error":{"name":"TransformError"},"exception":true,"date":"Fri Dec 19 2025 16:15:26 GMT-0300 (Brasilia Standard Time)","process":{"pid":14248,"uid":null,"gid":null,"cwd":"C:\\Users\\BTA\\Desktop\\PJ\\THDELIVERY\\backend","execPath":"C:\\Program Files\\nodejs\\node.exe","version":"v22.20.0","argv":["C:\\Program Files\\nodejs\\node.exe","C:\\Users\\BTA\\Desktop\\PJ\\THDELIVERY\\backend\\src\\server.ts"],"memoryUsage":{"rss":98512896,"heapTotal":35262464,"heapUsed":21575168,"external":3400010,"arrayBuffers":137934}},"os":{"loadavg":[0,0,0],"uptime":97829.125},"trace":[{"column":15,"file":"C:\\Users\\BTA\\Desktop\\PJ\\THDELIVERY\\backend\\node_modules\\esbuild\\lib\\main.js","function":"failureErrorWithLog","line":1467,"method":null,"native":false},{"column":50,"file":"C:\\Users\\BTA\\Desktop\\PJ\\THDELIVERY\\backend\\node_modules\\esbuild\\lib\\main.js","function":null,"line":736,"method":null,"native":false},{"column":9,"file":"C:\\Users\\BTA\\Desktop\\PJ\\THDELIVERY\\backend\\node_modules\\esbuild\\lib\\main.js","function":"responseCallbacks.<computed>","line":603,"method":"<computed>","native":false},{"column":12,"file":"C:\\Users\\BTA\\Desktop\\PJ\\THDELIVERY\\backend\\node_modules\\esbuild\\lib\\main.js","function":"handleIncomingPacket","line":658,"method":null,"native":false},{"column":7,"file":"C:\\Users\\BTA\\Desktop\\PJ\\THDELIVERY\\backend\\node_modules\\esbuild\\lib\\main.js","function":"Socket.readFromStdout","line":581,"method":"readFromStdout","native":false},{"column":28,"file":"node:events","function":"Socket.emit","line":519,"method":"emit","native":false},{"column":12,"file":"node:internal/streams/readable","function":"addChunk","line":561,"method":null,"native":false},{"column":3,"file":"node:internal/streams/readable","function":"readableAddChunkPushByteMode","line":512,"method":null,"native":false},{"column":5,"file":"node:internal/streams/readable","function":"Readable.push","line":392,"method":"push","native":false},{"column":23,"file":"node:internal/stream_base_commons","function":"Pipe.onStreamRead","line":189,"method":"onStreamRead","native":false}]}
[2025-12-19T19:15:29.605Z] [31merror[39m: uncaughtException: Transform failed with 1 error:
C:\Users\BTA\Desktop\PJ\THDELIVERY\backend\src\modules\categories\categories.schema.ts:4:7: ERROR: Unexpected ","
Error: Transform failed with 1 error:
C:\Users\BTA\Desktop\PJ\THDELIVERY\backend\src\modules\categories\categories.schema.ts:4:7: ERROR: Unexpected ","
    at failureErrorWithLog (C:\Users\BTA\Desktop\PJ\THDELIVERY\backend\node_modules\esbuild\lib\main.js:1467:15)
    at C:\Users\BTA\Desktop\PJ\THDELIVERY\backend\node_modules\esbuild\lib\main.js:736:50
    at responseCallbacks.<computed> (C:\Users\BTA\Desktop\PJ\THDELIVERY\backend\node_modules\esbuild\lib\main.js:603:9)
    at handleIncomingPacket (C:\Users\BTA\Desktop\PJ\THDELIVERY\backend\node_modules\esbuild\lib\main.js:658:12)
    at Socket.readFromStdout (C:\Users\BTA\Desktop\PJ\THDELIVERY\backend\node_modules\esbuild\lib\main.js:581:7)
    at Socket.emit (node:events:519:28)
    at addChunk (node:internal/streams/readable:561:12)
    at readableAddChunkPushByteMode (node:internal/streams/readable:512:3)
    at Readable.push (node:internal/streams/readable:392:5)
    at Pipe.onStreamRead (node:internal/stream_base_commons:189:23)
Error: Transform failed with 1 error:
C:\Users\BTA\Desktop\PJ\THDELIVERY\backend\src\modules\categories\categories.schema.ts:4:7: ERROR: Unexpected ","
    at failureErrorWithLog (C:\Users\BTA\Desktop\PJ\THDELIVERY\backend\node_modules\esbuild\lib\main.js:1467:15)
    at C:\Users\BTA\Desktop\PJ\THDELIVERY\backend\node_modules\esbuild\lib\main.js:736:50
    at responseCallbacks.<computed> (C:\Users\BTA\Desktop\PJ\THDELIVERY\backend\node_modules\esbuild\lib\main.js:603:9)
    at handleIncomingPacket (C:\Users\BTA\Desktop\PJ\THDELIVERY\backend\node_modules\esbuild\lib\main.js:658:12)
    at Socket.readFromStdout (C:\Users\BTA\Desktop\PJ\THDELIVERY\backend\node_modules\esbuild\lib\main.js:581:7)
    at Socket.emit (node:events:519:28)
    at addChunk (node:internal/streams/readable:561:12)
    at readableAddChunkPushByteMode (node:internal/streams/readable:512:3)
    at Readable.push (node:internal/streams/readable:392:5)
    at Pipe.onStreamRead (node:internal/stream_base_commons:189:23){"error":{"name":"TransformError"},"exception":true,"date":"Fri Dec 19 2025 16:15:29 GMT-0300 (Brasilia Standard Time)","process":{"pid":12360,"uid":null,"gid":null,"cwd":"C:\\Users\\BTA\\Desktop\\PJ\\THDELIVERY\\backend","execPath":"C:\\Program Files\\nodejs\\node.exe","version":"v22.20.0","argv":["C:\\Program Files\\nodejs\\node.exe","C:\\Users\\BTA\\Desktop\\PJ\\THDELIVERY\\backend\\src\\server.ts"],"memoryUsage":{"rss":102211584,"heapTotal":36311040,"heapUsed":19798408,"external":3400010,"arrayBuffers":137934}},"os":{"loadavg":[0,0,0],"uptime":97832.437},"trace":[{"column":15,"file":"C:\\Users\\BTA\\Desktop\\PJ\\THDELIVERY\\backend\\node_modules\\esbuild\\lib\\main.js","function":"failureErrorWithLog","line":1467,"method":null,"native":false},{"column":50,"file":"C:\\Users\\BTA\\Desktop\\PJ\\THDELIVERY\\backend\\node_modules\\esbuild\\lib\\main.js","function":null,"line":736,"method":null,"native":false},{"column":9,"file":"C:\\Users\\BTA\\Desktop\\PJ\\THDELIVERY\\backend\\node_modules\\esbuild\\lib\\main.js","function":"responseCallbacks.<computed>","line":603,"method":"<computed>","native":false},{"column":12,"file":"C:\\Users\\BTA\\Desktop\\PJ\\THDELIVERY\\backend\\node_modules\\esbuild\\lib\\main.js","function":"handleIncomingPacket","line":658,"method":null,"native":false},{"column":7,"file":"C:\\Users\\BTA\\Desktop\\PJ\\THDELIVERY\\backend\\node_modules\\esbuild\\lib\\main.js","function":"Socket.readFromStdout","line":581,"method":"readFromStdout","native":false},{"column":28,"file":"node:events","function":"Socket.emit","line":519,"method":"emit","native":false},{"column":12,"file":"node:internal/streams/readable","function":"addChunk","line":561,"method":null,"native":false},{"column":3,"file":"node:internal/streams/readable","function":"readableAddChunkPushByteMode","line":512,"method":null,"native":false},{"column":5,"file":"node:internal/streams/readable","function":"Readable.push","line":392,"method":"push","native":false},{"column":23,"file":"node:internal/stream_base_commons","function":"Pipe.onStreamRead","line":189,"method":"onStreamRead","native":false}]}
[2025-12-19T19:18:37.473Z] [31merror[39m: uncaughtException: Transform failed with 2 errors:
C:\Users\BTA\Desktop\PJ\THDELIVERY\backend\src\modules\categories\categories.schema.ts:6:13: ERROR: Multiple exports with the same name "createCategorySchema"
C:\Users\BTA\Desktop\PJ\THDELIVERY\backend\src\modules\categories\categories.schema.ts:6:13: ERROR: The symbol "createCategorySchema" has already been declared
Error: Transform failed with 2 errors:
C:\Users\BTA\Desktop\PJ\THDELIVERY\backend\src\modules\categories\categories.schema.ts:6:13: ERROR: Multiple exports with the same name "createCategorySchema"
C:\Users\BTA\Desktop\PJ\THDELIVERY\backend\src\modules\categories\categories.schema.ts:6:13: ERROR: The symbol "createCategorySchema" has already been declared
    at failureErrorWithLog (C:\Users\BTA\Desktop\PJ\THDELIVERY\backend\node_modules\esbuild\lib\main.js:1467:15)
    at C:\Users\BTA\Desktop\PJ\THDELIVERY\backend\node_modules\esbuild\lib\main.js:736:50
    at responseCallbacks.<computed> (C:\Users\BTA\Desktop\PJ\THDELIVERY\backend\node_modules\esbuild\lib\main.js:603:9)
    at handleIncomingPacket (C:\Users\BTA\Desktop\PJ\THDELIVERY\backend\node_modules\esbuild\lib\main.js:658:12)
    at Socket.readFromStdout (C:\Users\BTA\Desktop\PJ\THDELIVERY\backend\node_modules\esbuild\lib\main.js:581:7)
    at Socket.emit (node:events:519:28)
    at addChunk (node:internal/streams/readable:561:12)
    at readableAddChunkPushByteMode (node:internal/streams/readable:512:3)
    at Readable.push (node:internal/streams/readable:392:5)
    at Pipe.onStreamRead (node:internal/stream_base_commons:189:23)
Error: Transform failed with 2 errors:
C:\Users\BTA\Desktop\PJ\THDELIVERY\backend\src\modules\categories\categories.schema.ts:6:13: ERROR: Multiple exports with the same name "createCategorySchema"
C:\Users\BTA\Desktop\PJ\THDELIVERY\backend\src\modules\categories\categories.schema.ts:6:13: ERROR: The symbol "createCategorySchema" has already been declared
    at failureErrorWithLog (C:\Users\BTA\Desktop\PJ\THDELIVERY\backend\node_modules\esbuild\lib\main.js:1467:15)
    at C:\Users\BTA\Desktop\PJ\THDELIVERY\backend\node_modules\esbuild\lib\main.js:736:50
    at responseCallbacks.<computed> (C:\Users\BTA\Desktop\PJ\THDELIVERY\backend\node_modules\esbuild\lib\main.js:603:9)
    at handleIncomingPacket (C:\Users\BTA\Desktop\PJ\THDELIVERY\backend\node_modules\esbuild\lib\main.js:658:12)
    at Socket.readFromStdout (C:\Users\BTA\Desktop\PJ\THDELIVERY\backend\node_modules\esbuild\lib\main.js:581:7)
    at Socket.emit (node:events:519:28)
    at addChunk (node:internal/streams/readable:561:12)
    at readableAddChunkPushByteMode (node:internal/streams/readable:512:3)
    at Readable.push (node:internal/streams/readable:392:5)
    at Pipe.onStreamRead (node:internal/stream_base_commons:189:23){"error":{"name":"TransformError"},"exception":true,"date":"Fri Dec 19 2025 16:18:37 GMT-0300 (Brasilia Standard Time)","process":{"pid":13420,"uid":null,"gid":null,"cwd":"C:\\Users\\BTA\\Desktop\\PJ\\THDELIVERY\\backend","execPath":"C:\\Program Files\\nodejs\\node.exe","version":"v22.20.0","argv":["C:\\Program Files\\nodejs\\node.exe","C:\\Users\\BTA\\Desktop\\PJ\\THDELIVERY\\backend\\src\\server.ts"],"memoryUsage":{"rss":102453248,"heapTotal":36573184,"heapUsed":19839624,"external":3400010,"arrayBuffers":137934}},"os":{"loadavg":[0,0,0],"uptime":98020.312},"trace":[{"column":15,"file":"C:\\Users\\BTA\\Desktop\\PJ\\THDELIVERY\\backend\\node_modules\\esbuild\\lib\\main.js","function":"failureErrorWithLog","line":1467,"method":null,"native":false},{"column":50,"file":"C:\\Users\\BTA\\Desktop\\PJ\\THDELIVERY\\backend\\node_modules\\esbuild\\lib\\main.js","function":null,"line":736,"method":null,"native":false},{"column":9,"file":"C:\\Users\\BTA\\Desktop\\PJ\\THDELIVERY\\backend\\node_modules\\esbuild\\lib\\main.js","function":"responseCallbacks.<computed>","line":603,"method":"<computed>","native":false},{"column":12,"file":"C:\\Users\\BTA\\Desktop\\PJ\\THDELIVERY\\backend\\node_modules\\esbuild\\lib\\main.js","function":"handleIncomingPacket","line":658,"method":null,"native":false},{"column":7,"file":"C:\\Users\\BTA\\Desktop\\PJ\\THDELIVERY\\backend\\node_modules\\esbuild\\lib\\main.js","function":"Socket.readFromStdout","line":581,"method":"readFromStdout","native":false},{"column":28,"file":"node:events","function":"Socket.emit","line":519,"method":"emit","native":false},{"column":12,"file":"node:internal/streams/readable","function":"addChunk","line":561,"method":null,"native":false},{"column":3,"file":"node:internal/streams/readable","function":"readableAddChunkPushByteMode","line":512,"method":null,"native":false},{"column":5,"file":"node:internal/streams/readable","function":"Readable.push","line":392,"method":"push","native":false},{"column":23,"file":"node:internal/stream_base_commons","function":"Pipe.onStreamRead","line":189,"method":"onStreamRead","native":false}]}
[2025-12-19T19:26:50.780Z] [31merror[39m: uncaughtException: Transform failed with 1 error:
C:\Users\BTA\Desktop\PJ\THDELIVERY\backend\src\modules\categories\categories.repository.ts:39:25: ERROR: Unexpected "}"
Error: Transform failed with 1 error:
C:\Users\BTA\Desktop\PJ\THDELIVERY\backend\src\modules\categories\categories.repository.ts:39:25: ERROR: Unexpected "}"
    at failureErrorWithLog (C:\Users\BTA\Desktop\PJ\THDELIVERY\backend\node_modules\esbuild\lib\main.js:1467:15)
    at C:\Users\BTA\Desktop\PJ\THDELIVERY\backend\node_modules\esbuild\lib\main.js:736:50
    at responseCallbacks.<computed> (C:\Users\BTA\Desktop\PJ\THDELIVERY\backend\node_modules\esbuild\lib\main.js:603:9)
    at handleIncomingPacket (C:\Users\BTA\Desktop\PJ\THDELIVERY\backend\node_modules\esbuild\lib\main.js:658:12)
    at Socket.readFromStdout (C:\Users\BTA\Desktop\PJ\THDELIVERY\backend\node_modules\esbuild\lib\main.js:581:7)
    at Socket.emit (node:events:519:28)
    at addChunk (node:internal/streams/readable:561:12)
    at readableAddChunkPushByteMode (node:internal/streams/readable:512:3)
    at Readable.push (node:internal/streams/readable:392:5)
    at Pipe.onStreamRead (node:internal/stream_base_commons:189:23)
Error: Transform failed with 1 error:
C:\Users\BTA\Desktop\PJ\THDELIVERY\backend\src\modules\categories\categories.repository.ts:39:25: ERROR: Unexpected "}"
    at failureErrorWithLog (C:\Users\BTA\Desktop\PJ\THDELIVERY\backend\node_modules\esbuild\lib\main.js:1467:15)
    at C:\Users\BTA\Desktop\PJ\THDELIVERY\backend\node_modules\esbuild\lib\main.js:736:50
    at responseCallbacks.<computed> (C:\Users\BTA\Desktop\PJ\THDELIVERY\backend\node_modules\esbuild\lib\main.js:603:9)
    at handleIncomingPacket (C:\Users\BTA\Desktop\PJ\THDELIVERY\backend\node_modules\esbuild\lib\main.js:658:12)
    at Socket.readFromStdout (C:\Users\BTA\Desktop\PJ\THDELIVERY\backend\node_modules\esbuild\lib\main.js:581:7)
    at Socket.emit (node:events:519:28)
    at addChunk (node:internal/streams/readable:561:12)
    at readableAddChunkPushByteMode (node:internal/streams/readable:512:3)
    at Readable.push (node:internal/streams/readable:392:5)
    at Pipe.onStreamRead (node:internal/stream_base_commons:189:23){"error":{"name":"TransformError"},"exception":true,"date":"Fri Dec 19 2025 16:26:50 GMT-0300 (Brasilia Standard Time)","process":{"pid":7364,"uid":null,"gid":null,"cwd":"C:\\Users\\BTA\\Desktop\\PJ\\THDELIVERY\\backend","execPath":"C:\\Program Files\\nodejs\\node.exe","version":"v22.20.0","argv":["C:\\Program Files\\nodejs\\node.exe","C:\\Users\\BTA\\Desktop\\PJ\\THDELIVERY\\backend\\src\\server.ts"],"memoryUsage":{"rss":98758656,"heapTotal":35524608,"heapUsed":21002152,"external":3400010,"arrayBuffers":137765}},"os":{"loadavg":[0,0,0],"uptime":98513.609},"trace":[{"column":15,"file":"C:\\Users\\BTA\\Desktop\\PJ\\THDELIVERY\\backend\\node_modules\\esbuild\\lib\\main.js","function":"failureErrorWithLog","line":1467,"method":null,"native":false},{"column":50,"file":"C:\\Users\\BTA\\Desktop\\PJ\\THDELIVERY\\backend\\node_modules\\esbuild\\lib\\main.js","function":null,"line":736,"method":null,"native":false},{"column":9,"file":"C:\\Users\\BTA\\Desktop\\PJ\\THDELIVERY\\backend\\node_modules\\esbuild\\lib\\main.js","function":"responseCallbacks.<computed>","line":603,"method":"<computed>","native":false},{"column":12,"file":"C:\\Users\\BTA\\Desktop\\PJ\\THDELIVERY\\backend\\node_modules\\esbuild\\lib\\main.js","function":"handleIncomingPacket","line":658,"method":null,"native":false},{"column":7,"file":"C:\\Users\\BTA\\Desktop\\PJ\\THDELIVERY\\backend\\node_modules\\esbuild\\lib\\main.js","function":"Socket.readFromStdout","line":581,"method":"readFromStdout","native":false},{"column":28,"file":"node:events","function":"Socket.emit","line":519,"method":"emit","native":false},{"column":12,"file":"node:internal/streams/readable","function":"addChunk","line":561,"method":null,"native":false},{"column":3,"file":"node:internal/streams/readable","function":"readableAddChunkPushByteMode","line":512,"method":null,"native":false},{"column":5,"file":"node:internal/streams/readable","function":"Readable.push","line":392,"method":"push","native":false},{"column":23,"file":"node:internal/stream_base_commons","function":"Pipe.onStreamRead","line":189,"method":"onStreamRead","native":false}]}
[2025-12-19T19:31:26.622Z] [31merror[39m: uncaughtException: argument handler must be a function
TypeError: argument handler must be a function
    at Route.<computed> [as put] (C:\Users\BTA\Desktop\PJ\THDELIVERY\backend\node_modules\router\lib\route.js:228:15)
    at Router.<computed> [as put] (C:\Users\BTA\Desktop\PJ\THDELIVERY\backend\node_modules\router\index.js:448:19)
    at <anonymous> (C:\Users\BTA\Desktop\PJ\THDELIVERY\backend\src\modules\categories\categories.route.ts:13:8)
    at Object.<anonymous> (C:\Users\BTA\Desktop\PJ\THDELIVERY\backend\src\modules\categories\categories.route.ts:14:51)
    at Module._compile (node:internal/modules/cjs/loader:1706:14)
    at Object.transformer (C:\Users\BTA\Desktop\PJ\THDELIVERY\backend\node_modules\tsx\dist\register-D46fvsV_.cjs:3:1104)
    at Module.load (node:internal/modules/cjs/loader:1441:32)
    at Function._load (node:internal/modules/cjs/loader:1263:12)
    at TracingChannel.traceSync (node:diagnostics_channel:322:14)
    at wrapModuleLoad (node:internal/modules/cjs/loader:237:24)
TypeError: argument handler must be a function
    at Route.<computed> [as put] (C:\Users\BTA\Desktop\PJ\THDELIVERY\backend\node_modules\router\lib\route.js:228:15)
    at Router.<computed> [as put] (C:\Users\BTA\Desktop\PJ\THDELIVERY\backend\node_modules\router\index.js:448:19)
    at <anonymous> (C:\Users\BTA\Desktop\PJ\THDELIVERY\backend\src\modules\categories\categories.route.ts:13:8)
    at Object.<anonymous> (C:\Users\BTA\Desktop\PJ\THDELIVERY\backend\src\modules\categories\categories.route.ts:14:51)
    at Module._compile (node:internal/modules/cjs/loader:1706:14)
    at Object.transformer (C:\Users\BTA\Desktop\PJ\THDELIVERY\backend\node_modules\tsx\dist\register-D46fvsV_.cjs:3:1104)
    at Module.load (node:internal/modules/cjs/loader:1441:32)
    at Function._load (node:internal/modules/cjs/loader:1263:12)
    at TracingChannel.traceSync (node:diagnostics_channel:322:14)
    at wrapModuleLoad (node:internal/modules/cjs/loader:237:24){"error":{},"exception":true,"date":"Fri Dec 19 2025 16:31:26 GMT-0300 (Brasilia Standard Time)","process":{"pid":17184,"uid":null,"gid":null,"cwd":"C:\\Users\\BTA\\Desktop\\PJ\\THDELIVERY\\backend","execPath":"C:\\Program Files\\nodejs\\node.exe","version":"v22.20.0","argv":["C:\\Program Files\\nodejs\\node.exe","C:\\Users\\BTA\\Desktop\\PJ\\THDELIVERY\\backend\\src\\server.ts"],"memoryUsage":{"rss":102727680,"heapTotal":36311040,"heapUsed":20487576,"external":3416594,"arrayBuffers":154729}},"os":{"loadavg":[0,0,0],"uptime":98789.453},"trace":[{"column":15,"file":"C:\\Users\\BTA\\Desktop\\PJ\\THDELIVERY\\backend\\node_modules\\router\\lib\\route.js","function":"Route.<computed> [as put]","line":228,"method":"<computed> [as put]","native":false},{"column":19,"file":"C:\\Users\\BTA\\Desktop\\PJ\\THDELIVERY\\backend\\node_modules\\router\\index.js","function":"Router.<computed> [as put]","line":448,"method":"<computed> [as put]","native":false},{"column":8,"file":"C:\\Users\\BTA\\Desktop\\PJ\\THDELIVERY\\backend\\src\\modules\\categories\\categories.route.ts","function":"<anonymous>","line":13,"method":null,"native":false},{"column":51,"file":"C:\\Users\\BTA\\Desktop\\PJ\\THDELIVERY\\backend\\src\\modules\\categories\\categories.route.ts","function":null,"line":14,"method":null,"native":false},{"column":14,"file":"node:internal/modules/cjs/loader","function":"Module._compile","line":1706,"method":"_compile","native":false},{"column":1104,"file":"C:\\Users\\BTA\\Desktop\\PJ\\THDELIVERY\\backend\\node_modules\\tsx\\dist\\register-D46fvsV_.cjs","function":"Object.transformer","line":3,"method":"transformer","native":false},{"column":32,"file":"node:internal/modules/cjs/loader","function":"Module.load","line":1441,"method":"load","native":false},{"column":12,"file":"node:internal/modules/cjs/loader","function":"Function._load","line":1263,"method":"_load","native":false},{"column":14,"file":"node:diagnostics_channel","function":"TracingChannel.traceSync","line":322,"method":"traceSync","native":false},{"column":24,"file":"node:internal/modules/cjs/loader","function":"wrapModuleLoad","line":237,"method":null,"native":false}]}
[2025-12-19T19:31:36.125Z] [31merror[39m: uncaughtException: argument handler must be a function
TypeError: argument handler must be a function
    at Route.<computed> [as put] (C:\Users\BTA\Desktop\PJ\THDELIVERY\backend\node_modules\router\lib\route.js:228:15)
    at Router.<computed> [as put] (C:\Users\BTA\Desktop\PJ\THDELIVERY\backend\node_modules\router\index.js:448:19)
    at <anonymous> (C:\Users\BTA\Desktop\PJ\THDELIVERY\backend\src\modules\categories\categories.route.ts:13:8)
    at Object.<anonymous> (C:\Users\BTA\Desktop\PJ\THDELIVERY\backend\src\modules\categories\categories.route.ts:14:51)
    at Module._compile (node:internal/modules/cjs/loader:1706:14)
    at Object.transformer (C:\Users\BTA\Desktop\PJ\THDELIVERY\backend\node_modules\tsx\dist\register-D46fvsV_.cjs:3:1104)
    at Module.load (node:internal/modules/cjs/loader:1441:32)
    at Function._load (node:internal/modules/cjs/loader:1263:12)
    at TracingChannel.traceSync (node:diagnostics_channel:322:14)
    at wrapModuleLoad (node:internal/modules/cjs/loader:237:24)
TypeError: argument handler must be a function
    at Route.<computed> [as put] (C:\Users\BTA\Desktop\PJ\THDELIVERY\backend\node_modules\router\lib\route.js:228:15)
    at Router.<computed> [as put] (C:\Users\BTA\Desktop\PJ\THDELIVERY\backend\node_modules\router\index.js:448:19)
    at <anonymous> (C:\Users\BTA\Desktop\PJ\THDELIVERY\backend\src\modules\categories\categories.route.ts:13:8)
    at Object.<anonymous> (C:\Users\BTA\Desktop\PJ\THDELIVERY\backend\src\modules\categories\categories.route.ts:14:51)
    at Module._compile (node:internal/modules/cjs/loader:1706:14)
    at Object.transformer (C:\Users\BTA\Desktop\PJ\THDELIVERY\backend\node_modules\tsx\dist\register-D46fvsV_.cjs:3:1104)
    at Module.load (node:internal/modules/cjs/loader:1441:32)
    at Function._load (node:internal/modules/cjs/loader:1263:12)
    at TracingChannel.traceSync (node:diagnostics_channel:322:14)
    at wrapModuleLoad (node:internal/modules/cjs/loader:237:24){"error":{},"exception":true,"date":"Fri Dec 19 2025 16:31:36 GMT-0300 (Brasilia Standard Time)","process":{"pid":9828,"uid":null,"gid":null,"cwd":"C:\\Users\\BTA\\Desktop\\PJ\\THDELIVERY\\backend","execPath":"C:\\Program Files\\nodejs\\node.exe","version":"v22.20.0","argv":["C:\\Program Files\\nodejs\\node.exe","C:\\Users\\BTA\\Desktop\\PJ\\THDELIVERY\\backend\\src\\server.ts"],"memoryUsage":{"rss":102973440,"heapTotal":35786752,"heapUsed":20680240,"external":3416594,"arrayBuffers":154729}},"os":{"loadavg":[0,0,0],"uptime":98798.953},"trace":[{"column":15,"file":"C:\\Users\\BTA\\Desktop\\PJ\\THDELIVERY\\backend\\node_modules\\router\\lib\\route.js","function":"Route.<computed> [as put]","line":228,"method":"<computed> [as put]","native":false},{"column":19,"file":"C:\\Users\\BTA\\Desktop\\PJ\\THDELIVERY\\backend\\node_modules\\router\\index.js","function":"Router.<computed> [as put]","line":448,"method":"<computed> [as put]","native":false},{"column":8,"file":"C:\\Users\\BTA\\Desktop\\PJ\\THDELIVERY\\backend\\src\\modules\\categories\\categories.route.ts","function":"<anonymous>","line":13,"method":null,"native":false},{"column":51,"file":"C:\\Users\\BTA\\Desktop\\PJ\\THDELIVERY\\backend\\src\\modules\\categories\\categories.route.ts","function":null,"line":14,"method":null,"native":false},{"column":14,"file":"node:internal/modules/cjs/loader","function":"Module._compile","line":1706,"method":"_compile","native":false},{"column":1104,"file":"C:\\Users\\BTA\\Desktop\\PJ\\THDELIVERY\\backend\\node_modules\\tsx\\dist\\register-D46fvsV_.cjs","function":"Object.transformer","line":3,"method":"transformer","native":false},{"column":32,"file":"node:internal/modules/cjs/loader","function":"Module.load","line":1441,"method":"load","native":false},{"column":12,"file":"node:internal/modules/cjs/loader","function":"Function._load","line":1263,"method":"_load","native":false},{"column":14,"file":"node:diagnostics_channel","function":"TracingChannel.traceSync","line":322,"method":"traceSync","native":false},{"column":24,"file":"node:internal/modules/cjs/loader","function":"wrapModuleLoad","line":237,"method":null,"native":false}]}
[2025-12-19T19:31:39.576Z] [31merror[39m: uncaughtException: argument handler must be a function
TypeError: argument handler must be a function
    at Route.<computed> [as put] (C:\Users\BTA\Desktop\PJ\THDELIVERY\backend\node_modules\router\lib\route.js:228:15)
    at Router.<computed> [as put] (C:\Users\BTA\Desktop\PJ\THDELIVERY\backend\node_modules\router\index.js:448:19)
    at <anonymous> (C:\Users\BTA\Desktop\PJ\THDELIVERY\backend\src\modules\categories\categories.route.ts:13:8)
    at Object.<anonymous> (C:\Users\BTA\Desktop\PJ\THDELIVERY\backend\src\modules\categories\categories.route.ts:14:51)
    at Module._compile (node:internal/modules/cjs/loader:1706:14)
    at Object.transformer (C:\Users\BTA\Desktop\PJ\THDELIVERY\backend\node_modules\tsx\dist\register-D46fvsV_.cjs:3:1104)
    at Module.load (node:internal/modules/cjs/loader:1441:32)
    at Function._load (node:internal/modules/cjs/loader:1263:12)
    at TracingChannel.traceSync (node:diagnostics_channel:322:14)
    at wrapModuleLoad (node:internal/modules/cjs/loader:237:24)
TypeError: argument handler must be a function
    at Route.<computed> [as put] (C:\Users\BTA\Desktop\PJ\THDELIVERY\backend\node_modules\router\lib\route.js:228:15)
    at Router.<computed> [as put] (C:\Users\BTA\Desktop\PJ\THDELIVERY\backend\node_modules\router\index.js:448:19)
    at <anonymous> (C:\Users\BTA\Desktop\PJ\THDELIVERY\backend\src\modules\categories\categories.route.ts:13:8)
    at Object.<anonymous> (C:\Users\BTA\Desktop\PJ\THDELIVERY\backend\src\modules\categories\categories.route.ts:14:51)
    at Module._compile (node:internal/modules/cjs/loader:1706:14)
    at Object.transformer (C:\Users\BTA\Desktop\PJ\THDELIVERY\backend\node_modules\tsx\dist\register-D46fvsV_.cjs:3:1104)
    at Module.load (node:internal/modules/cjs/loader:1441:32)
    at Function._load (node:internal/modules/cjs/loader:1263:12)
    at TracingChannel.traceSync (node:diagnostics_channel:322:14)
    at wrapModuleLoad (node:internal/modules/cjs/loader:237:24){"error":{},"exception":true,"date":"Fri Dec 19 2025 16:31:39 GMT-0300 (Brasilia Standard Time)","process":{"pid":18960,"uid":null,"gid":null,"cwd":"C:\\Users\\BTA\\Desktop\\PJ\\THDELIVERY\\backend","execPath":"C:\\Program Files\\nodejs\\node.exe","version":"v22.20.0","argv":["C:\\Program Files\\nodejs\\node.exe","C:\\Users\\BTA\\Desktop\\PJ\\THDELIVERY\\backend\\src\\server.ts"],"memoryUsage":{"rss":99082240,"heapTotal":35524608,"heapUsed":22214024,"external":3416594,"arrayBuffers":154729}},"os":{"loadavg":[0,0,0],"uptime":98802.406},"trace":[{"column":15,"file":"C:\\Users\\BTA\\Desktop\\PJ\\THDELIVERY\\backend\\node_modules\\router\\lib\\route.js","function":"Route.<computed> [as put]","line":228,"method":"<computed> [as put]","native":false},{"column":19,"file":"C:\\Users\\BTA\\Desktop\\PJ\\THDELIVERY\\backend\\node_modules\\router\\index.js","function":"Router.<computed> [as put]","line":448,"method":"<computed> [as put]","native":false},{"column":8,"file":"C:\\Users\\BTA\\Desktop\\PJ\\THDELIVERY\\backend\\src\\modules\\categories\\categories.route.ts","function":"<anonymous>","line":13,"method":null,"native":false},{"column":51,"file":"C:\\Users\\BTA\\Desktop\\PJ\\THDELIVERY\\backend\\src\\modules\\categories\\categories.route.ts","function":null,"line":14,"method":null,"native":false},{"column":14,"file":"node:internal/modules/cjs/loader","function":"Module._compile","line":1706,"method":"_compile","native":false},{"column":1104,"file":"C:\\Users\\BTA\\Desktop\\PJ\\THDELIVERY\\backend\\node_modules\\tsx\\dist\\register-D46fvsV_.cjs","function":"Object.transformer","line":3,"method":"transformer","native":false},{"column":32,"file":"node:internal/modules/cjs/loader","function":"Module.load","line":1441,"method":"load","native":false},{"column":12,"file":"node:internal/modules/cjs/loader","function":"Function._load","line":1263,"method":"_load","native":false},{"column":14,"file":"node:diagnostics_channel","function":"TracingChannel.traceSync","line":322,"method":"traceSync","native":false},{"column":24,"file":"node:internal/modules/cjs/loader","function":"wrapModuleLoad","line":237,"method":null,"native":false}]}
[2025-12-19T19:58:59.081Z] [31merror[39m: uncaughtException: Transform failed with 1 error:
C:\Users\BTA\Desktop\PJ\THDELIVERY\backend\src\modules\categories\categories.repository.ts:33:6: ERROR: Unexpected "}"
Error: Transform failed with 1 error:
C:\Users\BTA\Desktop\PJ\THDELIVERY\backend\src\modules\categories\categories.repository.ts:33:6: ERROR: Unexpected "}"
    at failureErrorWithLog (C:\Users\BTA\Desktop\PJ\THDELIVERY\backend\node_modules\esbuild\lib\main.js:1467:15)
    at C:\Users\BTA\Desktop\PJ\THDELIVERY\backend\node_modules\esbuild\lib\main.js:736:50
    at responseCallbacks.<computed> (C:\Users\BTA\Desktop\PJ\THDELIVERY\backend\node_modules\esbuild\lib\main.js:603:9)
    at handleIncomingPacket (C:\Users\BTA\Desktop\PJ\THDELIVERY\backend\node_modules\esbuild\lib\main.js:658:12)
    at Socket.readFromStdout (C:\Users\BTA\Desktop\PJ\THDELIVERY\backend\node_modules\esbuild\lib\main.js:581:7)
    at Socket.emit (node:events:519:28)
    at addChunk (node:internal/streams/readable:561:12)
    at readableAddChunkPushByteMode (node:internal/streams/readable:512:3)
    at Readable.push (node:internal/streams/readable:392:5)
    at Pipe.onStreamRead (node:internal/stream_base_commons:189:23)
Error: Transform failed with 1 error:
C:\Users\BTA\Desktop\PJ\THDELIVERY\backend\src\modules\categories\categories.repository.ts:33:6: ERROR: Unexpected "}"
    at failureErrorWithLog (C:\Users\BTA\Desktop\PJ\THDELIVERY\backend\node_modules\esbuild\lib\main.js:1467:15)
    at C:\Users\BTA\Desktop\PJ\THDELIVERY\backend\node_modules\esbuild\lib\main.js:736:50
    at responseCallbacks.<computed> (C:\Users\BTA\Desktop\PJ\THDELIVERY\backend\node_modules\esbuild\lib\main.js:603:9)
    at handleIncomingPacket (C:\Users\BTA\Desktop\PJ\THDELIVERY\backend\node_modules\esbuild\lib\main.js:658:12)
    at Socket.readFromStdout (C:\Users\BTA\Desktop\PJ\THDELIVERY\backend\node_modules\esbuild\lib\main.js:581:7)
    at Socket.emit (node:events:519:28)
    at addChunk (node:internal/streams/readable:561:12)
    at readableAddChunkPushByteMode (node:internal/streams/readable:512:3)
    at Readable.push (node:internal/streams/readable:392:5)
    at Pipe.onStreamRead (node:internal/stream_base_commons:189:23){"error":{"name":"TransformError"},"exception":true,"date":"Fri Dec 19 2025 16:58:59 GMT-0300 (Brasilia Standard Time)","process":{"pid":5464,"uid":null,"gid":null,"cwd":"C:\\Users\\BTA\\Desktop\\PJ\\THDELIVERY\\backend","execPath":"C:\\Program Files\\nodejs\\node.exe","version":"v22.20.0","argv":["C:\\Program Files\\nodejs\\node.exe","C:\\Users\\BTA\\Desktop\\PJ\\THDELIVERY\\backend\\src\\server.ts"],"memoryUsage":{"rss":102621184,"heapTotal":36311040,"heapUsed":19852232,"external":3400010,"arrayBuffers":137765}},"os":{"loadavg":[0,0,0],"uptime":100441.906},"trace":[{"column":15,"file":"C:\\Users\\BTA\\Desktop\\PJ\\THDELIVERY\\backend\\node_modules\\esbuild\\lib\\main.js","function":"failureErrorWithLog","line":1467,"method":null,"native":false},{"column":50,"file":"C:\\Users\\BTA\\Desktop\\PJ\\THDELIVERY\\backend\\node_modules\\esbuild\\lib\\main.js","function":null,"line":736,"method":null,"native":false},{"column":9,"file":"C:\\Users\\BTA\\Desktop\\PJ\\THDELIVERY\\backend\\node_modules\\esbuild\\lib\\main.js","function":"responseCallbacks.<computed>","line":603,"method":"<computed>","native":false},{"column":12,"file":"C:\\Users\\BTA\\Desktop\\PJ\\THDELIVERY\\backend\\node_modules\\esbuild\\lib\\main.js","function":"handleIncomingPacket","line":658,"method":null,"native":false},{"column":7,"file":"C:\\Users\\BTA\\Desktop\\PJ\\THDELIVERY\\backend\\node_modules\\esbuild\\lib\\main.js","function":"Socket.readFromStdout","line":581,"method":"readFromStdout","native":false},{"column":28,"file":"node:events","function":"Socket.emit","line":519,"method":"emit","native":false},{"column":12,"file":"node:internal/streams/readable","function":"addChunk","line":561,"method":null,"native":false},{"column":3,"file":"node:internal/streams/readable","function":"readableAddChunkPushByteMode","line":512,"method":null,"native":false},{"column":5,"file":"node:internal/streams/readable","function":"Readable.push","line":392,"method":"push","native":false},{"column":23,"file":"node:internal/stream_base_commons","function":"Pipe.onStreamRead","line":189,"method":"onStreamRead","native":false}]}
[2025-12-19T19:59:13.491Z] [31merror[39m: uncaughtException: Transform failed with 1 error:
C:\Users\BTA\Desktop\PJ\THDELIVERY\backend\src\modules\categories\categories.repository.ts:36:10: ERROR: Unexpected "}"
Error: Transform failed with 1 error:
C:\Users\BTA\Desktop\PJ\THDELIVERY\backend\src\modules\categories\categories.repository.ts:36:10: ERROR: Unexpected "}"
    at failureErrorWithLog (C:\Users\BTA\Desktop\PJ\THDELIVERY\backend\node_modules\esbuild\lib\main.js:1467:15)
    at C:\Users\BTA\Desktop\PJ\THDELIVERY\backend\node_modules\esbuild\lib\main.js:736:50
    at responseCallbacks.<computed> (C:\Users\BTA\Desktop\PJ\THDELIVERY\backend\node_modules\esbuild\lib\main.js:603:9)
    at handleIncomingPacket (C:\Users\BTA\Desktop\PJ\THDELIVERY\backend\node_modules\esbuild\lib\main.js:658:12)
    at Socket.readFromStdout (C:\Users\BTA\Desktop\PJ\THDELIVERY\backend\node_modules\esbuild\lib\main.js:581:7)
    at Socket.emit (node:events:519:28)
    at addChunk (node:internal/streams/readable:561:12)
    at readableAddChunkPushByteMode (node:internal/streams/readable:512:3)
    at Readable.push (node:internal/streams/readable:392:5)
    at Pipe.onStreamRead (node:internal/stream_base_commons:189:23)
Error: Transform failed with 1 error:
C:\Users\BTA\Desktop\PJ\THDELIVERY\backend\src\modules\categories\categories.repository.ts:36:10: ERROR: Unexpected "}"
    at failureErrorWithLog (C:\Users\BTA\Desktop\PJ\THDELIVERY\backend\node_modules\esbuild\lib\main.js:1467:15)
    at C:\Users\BTA\Desktop\PJ\THDELIVERY\backend\node_modules\esbuild\lib\main.js:736:50
    at responseCallbacks.<computed> (C:\Users\BTA\Desktop\PJ\THDELIVERY\backend\node_modules\esbuild\lib\main.js:603:9)
    at handleIncomingPacket (C:\Users\BTA\Desktop\PJ\THDELIVERY\backend\node_modules\esbuild\lib\main.js:658:12)
    at Socket.readFromStdout (C:\Users\BTA\Desktop\PJ\THDELIVERY\backend\node_modules\esbuild\lib\main.js:581:7)
    at Socket.emit (node:events:519:28)
    at addChunk (node:internal/streams/readable:561:12)
    at readableAddChunkPushByteMode (node:internal/streams/readable:512:3)
    at Readable.push (node:internal/streams/readable:392:5)
    at Pipe.onStreamRead (node:internal/stream_base_commons:189:23){"error":{"name":"TransformError"},"exception":true,"date":"Fri Dec 19 2025 16:59:13 GMT-0300 (Brasilia Standard Time)","process":{"pid":3040,"uid":null,"gid":null,"cwd":"C:\\Users\\BTA\\Desktop\\PJ\\THDELIVERY\\backend","execPath":"C:\\Program Files\\nodejs\\node.exe","version":"v22.20.0","argv":["C:\\Program Files\\nodejs\\node.exe","C:\\Users\\BTA\\Desktop\\PJ\\THDELIVERY\\backend\\src\\server.ts"],"memoryUsage":{"rss":98512896,"heapTotal":35524608,"heapUsed":21782288,"external":3400010,"arrayBuffers":137765}},"os":{"loadavg":[0,0,0],"uptime":100456.328},"trace":[{"column":15,"file":"C:\\Users\\BTA\\Desktop\\PJ\\THDELIVERY\\backend\\node_modules\\esbuild\\lib\\main.js","function":"failureErrorWithLog","line":1467,"method":null,"native":false},{"column":50,"file":"C:\\Users\\BTA\\Desktop\\PJ\\THDELIVERY\\backend\\node_modules\\esbuild\\lib\\main.js","function":null,"line":736,"method":null,"native":false},{"column":9,"file":"C:\\Users\\BTA\\Desktop\\PJ\\THDELIVERY\\backend\\node_modules\\esbuild\\lib\\main.js","function":"responseCallbacks.<computed>","line":603,"method":"<computed>","native":false},{"column":12,"file":"C:\\Users\\BTA\\Desktop\\PJ\\THDELIVERY\\backend\\node_modules\\esbuild\\lib\\main.js","function":"handleIncomingPacket","line":658,"method":null,"native":false},{"column":7,"file":"C:\\Users\\BTA\\Desktop\\PJ\\THDELIVERY\\backend\\node_modules\\esbuild\\lib\\main.js","function":"Socket.readFromStdout","line":581,"method":"readFromStdout","native":false},{"column":28,"file":"node:events","function":"Socket.emit","line":519,"method":"emit","native":false},{"column":12,"file":"node:internal/streams/readable","function":"addChunk","line":561,"method":null,"native":false},{"column":3,"file":"node:internal/streams/readable","function":"readableAddChunkPushByteMode","line":512,"method":null,"native":false},{"column":5,"file":"node:internal/streams/readable","function":"Readable.push","line":392,"method":"push","native":false},{"column":23,"file":"node:internal/stream_base_commons","function":"Pipe.onStreamRead","line":189,"method":"onStreamRead","native":false}]}
[2025-12-19T21:15:26.256Z] [31merror[39m: uncaughtException: Cannot read properties of undefined (reading 'bind')
TypeError: Cannot read properties of undefined (reading 'bind')
    at <anonymous> (C:\Users\BTA\Desktop\PJ\THDELIVERY\backend\src\modules\categories\categories.route.ts:10:62)
    at Object.<anonymous> (C:\Users\BTA\Desktop\PJ\THDELIVERY\backend\src\modules\categories\categories.route.ts:12:80)
    at Module._compile (node:internal/modules/cjs/loader:1706:14)
    at Object.transformer (C:\Users\BTA\Desktop\PJ\THDELIVERY\backend\node_modules\tsx\dist\register-D46fvsV_.cjs:3:1104)
    at Module.load (node:internal/modules/cjs/loader:1441:32)
    at Function._load (node:internal/modules/cjs/loader:1263:12)
    at TracingChannel.traceSync (node:diagnostics_channel:322:14)
    at wrapModuleLoad (node:internal/modules/cjs/loader:237:24)
    at Module.require (node:internal/modules/cjs/loader:1463:12)
    at require (node:internal/modules/helpers:147:16)
TypeError: Cannot read properties of undefined (reading 'bind')
    at <anonymous> (C:\Users\BTA\Desktop\PJ\THDELIVERY\backend\src\modules\categories\categories.route.ts:10:62)
    at Object.<anonymous> (C:\Users\BTA\Desktop\PJ\THDELIVERY\backend\src\modules\categories\categories.route.ts:12:80)
    at Module._compile (node:internal/modules/cjs/loader:1706:14)
    at Object.transformer (C:\Users\BTA\Desktop\PJ\THDELIVERY\backend\node_modules\tsx\dist\register-D46fvsV_.cjs:3:1104)
    at Module.load (node:internal/modules/cjs/loader:1441:32)
    at Function._load (node:internal/modules/cjs/loader:1263:12)
    at TracingChannel.traceSync (node:diagnostics_channel:322:14)
    at wrapModuleLoad (node:internal/modules/cjs/loader:237:24)
    at Module.require (node:internal/modules/cjs/loader:1463:12)
    at require (node:internal/modules/helpers:147:16){"error":{},"exception":true,"date":"Fri Dec 19 2025 18:15:26 GMT-0300 (Brasilia Standard Time)","process":{"pid":13084,"uid":null,"gid":null,"cwd":"C:\\Users\\BTA\\Desktop\\PJ\\THDELIVERY\\backend","execPath":"C:\\Program Files\\nodejs\\node.exe","version":"v22.20.0","argv":["C:\\Program Files\\nodejs\\node.exe","C:\\Users\\BTA\\Desktop\\PJ\\THDELIVERY\\backend\\src\\server.ts"],"memoryUsage":{"rss":96632832,"heapTotal":35786752,"heapUsed":23949400,"external":3435646,"arrayBuffers":173756}},"os":{"loadavg":[0,0,0],"uptime":105029.093},"trace":[{"column":62,"file":"C:\\Users\\BTA\\Desktop\\PJ\\THDELIVERY\\backend\\src\\modules\\categories\\categories.route.ts","function":"<anonymous>","line":10,"method":null,"native":false},{"column":80,"file":"C:\\Users\\BTA\\Desktop\\PJ\\THDELIVERY\\backend\\src\\modules\\categories\\categories.route.ts","function":null,"line":12,"method":null,"native":false},{"column":14,"file":"node:internal/modules/cjs/loader","function":"Module._compile","line":1706,"method":"_compile","native":false},{"column":1104,"file":"C:\\Users\\BTA\\Desktop\\PJ\\THDELIVERY\\backend\\node_modules\\tsx\\dist\\register-D46fvsV_.cjs","function":"Object.transformer","line":3,"method":"transformer","native":false},{"column":32,"file":"node:internal/modules/cjs/loader","function":"Module.load","line":1441,"method":"load","native":false},{"column":12,"file":"node:internal/modules/cjs/loader","function":"Function._load","line":1263,"method":"_load","native":false},{"column":14,"file":"node:diagnostics_channel","function":"TracingChannel.traceSync","line":322,"method":"traceSync","native":false},{"column":24,"file":"node:internal/modules/cjs/loader","function":"wrapModuleLoad","line":237,"method":null,"native":false},{"column":12,"file":"node:internal/modules/cjs/loader","function":"Module.require","line":1463,"method":"require","native":false},{"column":16,"file":"node:internal/modules/helpers","function":"require","line":147,"method":null,"native":false}]}
[2025-12-19T21:59:15.224Z] [31merror[39m: uncaughtException: Transform failed with 1 error:
C:\Users\BTA\Desktop\PJ\THDELIVERY\backend\src\modules\product\product.repository.ts:79:0: ERROR: Unexpected end of file
Error: Transform failed with 1 error:
C:\Users\BTA\Desktop\PJ\THDELIVERY\backend\src\modules\product\product.repository.ts:79:0: ERROR: Unexpected end of file
    at failureErrorWithLog (C:\Users\BTA\Desktop\PJ\THDELIVERY\backend\node_modules\esbuild\lib\main.js:1467:15)
    at C:\Users\BTA\Desktop\PJ\THDELIVERY\backend\node_modules\esbuild\lib\main.js:736:50
    at responseCallbacks.<computed> (C:\Users\BTA\Desktop\PJ\THDELIVERY\backend\node_modules\esbuild\lib\main.js:603:9)
    at handleIncomingPacket (C:\Users\BTA\Desktop\PJ\THDELIVERY\backend\node_modules\esbuild\lib\main.js:658:12)
    at Socket.readFromStdout (C:\Users\BTA\Desktop\PJ\THDELIVERY\backend\node_modules\esbuild\lib\main.js:581:7)
    at Socket.emit (node:events:519:28)
    at addChunk (node:internal/streams/readable:561:12)
    at readableAddChunkPushByteMode (node:internal/streams/readable:512:3)
    at Readable.push (node:internal/streams/readable:392:5)
    at Pipe.onStreamRead (node:internal/stream_base_commons:189:23)
Error: Transform failed with 1 error:
C:\Users\BTA\Desktop\PJ\THDELIVERY\backend\src\modules\product\product.repository.ts:79:0: ERROR: Unexpected end of file
    at failureErrorWithLog (C:\Users\BTA\Desktop\PJ\THDELIVERY\backend\node_modules\esbuild\lib\main.js:1467:15)
    at C:\Users\BTA\Desktop\PJ\THDELIVERY\backend\node_modules\esbuild\lib\main.js:736:50
    at responseCallbacks.<computed> (C:\Users\BTA\Desktop\PJ\THDELIVERY\backend\node_modules\esbuild\lib\main.js:603:9)
    at handleIncomingPacket (C:\Users\BTA\Desktop\PJ\THDELIVERY\backend\node_modules\esbuild\lib\main.js:658:12)
    at Socket.readFromStdout (C:\Users\BTA\Desktop\PJ\THDELIVERY\backend\node_modules\esbuild\lib\main.js:581:7)
    at Socket.emit (node:events:519:28)
    at addChunk (node:internal/streams/readable:561:12)
    at readableAddChunkPushByteMode (node:internal/streams/readable:512:3)
    at Readable.push (node:internal/streams/readable:392:5)
    at Pipe.onStreamRead (node:internal/stream_base_commons:189:23){"error":{"name":"TransformError"},"exception":true,"date":"Fri Dec 19 2025 18:59:15 GMT-0300 (Brasilia Standard Time)","process":{"pid":12332,"uid":null,"gid":null,"cwd":"C:\\Users\\BTA\\Desktop\\PJ\\THDELIVERY\\backend","execPath":"C:\\Program Files\\nodejs\\node.exe","version":"v22.20.0","argv":["C:\\Program Files\\nodejs\\node.exe","C:\\Users\\BTA\\Desktop\\PJ\\THDELIVERY\\backend\\src\\server.ts"],"memoryUsage":{"rss":110088192,"heapTotal":40792064,"heapUsed":24327408,"external":5021794,"arrayBuffers":203982}},"os":{"loadavg":[0,0,0],"uptime":107658.062},"trace":[{"column":15,"file":"C:\\Users\\BTA\\Desktop\\PJ\\THDELIVERY\\backend\\node_modules\\esbuild\\lib\\main.js","function":"failureErrorWithLog","line":1467,"method":null,"native":false},{"column":50,"file":"C:\\Users\\BTA\\Desktop\\PJ\\THDELIVERY\\backend\\node_modules\\esbuild\\lib\\main.js","function":null,"line":736,"method":null,"native":false},{"column":9,"file":"C:\\Users\\BTA\\Desktop\\PJ\\THDELIVERY\\backend\\node_modules\\esbuild\\lib\\main.js","function":"responseCallbacks.<computed>","line":603,"method":"<computed>","native":false},{"column":12,"file":"C:\\Users\\BTA\\Desktop\\PJ\\THDELIVERY\\backend\\node_modules\\esbuild\\lib\\main.js","function":"handleIncomingPacket","line":658,"method":null,"native":false},{"column":7,"file":"C:\\Users\\BTA\\Desktop\\PJ\\THDELIVERY\\backend\\node_modules\\esbuild\\lib\\main.js","function":"Socket.readFromStdout","line":581,"method":"readFromStdout","native":false},{"column":28,"file":"node:events","function":"Socket.emit","line":519,"method":"emit","native":false},{"column":12,"file":"node:internal/streams/readable","function":"addChunk","line":561,"method":null,"native":false},{"column":3,"file":"node:internal/streams/readable","function":"readableAddChunkPushByteMode","line":512,"method":null,"native":false},{"column":5,"file":"node:internal/streams/readable","function":"Readable.push","line":392,"method":"push","native":false},{"column":23,"file":"node:internal/stream_base_commons","function":"Pipe.onStreamRead","line":189,"method":"onStreamRead","native":false}]}
[2025-12-19T21:59:20.961Z] [31merror[39m: uncaughtException: import_product.productRepository is not a constructor
TypeError: import_product.productRepository is not a constructor
    at ProductService.<instance_members_initializer> (C:\Users\BTA\Desktop\PJ\THDELIVERY\backend\src\modules\product\producvt.service.ts:10:18)
    at new ProductService (C:\Users\BTA\Desktop\PJ\THDELIVERY\backend\src\modules\product\producvt.service.ts:9:8)
    at ProductController.<instance_members_initializer> (C:\Users\BTA\Desktop\PJ\THDELIVERY\backend\src\modules\product\products.controller.ts:7:21)
    at new ProductController (C:\Users\BTA\Desktop\PJ\THDELIVERY\backend\src\modules\product\products.controller.ts:6:8)
    at multer (C:\Users\BTA\Desktop\PJ\THDELIVERY\backend\src\modules\product\products.route.ts:11:20)
    at Object.<anonymous> (C:\Users\BTA\Desktop\PJ\THDELIVERY\backend\src\modules\product\products.route.ts:39:1)
    at Module._compile (node:internal/modules/cjs/loader:1706:14)
    at Object.transformer (C:\Users\BTA\Desktop\PJ\THDELIVERY\backend\node_modules\tsx\dist\register-D46fvsV_.cjs:3:1104)
    at Module.load (node:internal/modules/cjs/loader:1441:32)
    at Function._load (node:internal/modules/cjs/loader:1263:12)
TypeError: import_product.productRepository is not a constructor
    at ProductService.<instance_members_initializer> (C:\Users\BTA\Desktop\PJ\THDELIVERY\backend\src\modules\product\producvt.service.ts:10:18)
    at new ProductService (C:\Users\BTA\Desktop\PJ\THDELIVERY\backend\src\modules\product\producvt.service.ts:9:8)
    at ProductController.<instance_members_initializer> (C:\Users\BTA\Desktop\PJ\THDELIVERY\backend\src\modules\product\products.controller.ts:7:21)
    at new ProductController (C:\Users\BTA\Desktop\PJ\THDELIVERY\backend\src\modules\product\products.controller.ts:6:8)
    at multer (C:\Users\BTA\Desktop\PJ\THDELIVERY\backend\src\modules\product\products.route.ts:11:20)
    at Object.<anonymous> (C:\Users\BTA\Desktop\PJ\THDELIVERY\backend\src\modules\product\products.route.ts:39:1)
    at Module._compile (node:internal/modules/cjs/loader:1706:14)
    at Object.transformer (C:\Users\BTA\Desktop\PJ\THDELIVERY\backend\node_modules\tsx\dist\register-D46fvsV_.cjs:3:1104)
    at Module.load (node:internal/modules/cjs/loader:1441:32)
    at Function._load (node:internal/modules/cjs/loader:1263:12){"error":{},"exception":true,"date":"Fri Dec 19 2025 18:59:20 GMT-0300 (Brasilia Standard Time)","process":{"pid":8704,"uid":null,"gid":null,"cwd":"C:\\Users\\BTA\\Desktop\\PJ\\THDELIVERY\\backend","execPath":"C:\\Program Files\\nodejs\\node.exe","version":"v22.20.0","argv":["C:\\Program Files\\nodejs\\node.exe","C:\\Users\\BTA\\Desktop\\PJ\\THDELIVERY\\backend\\src\\server.ts"],"memoryUsage":{"rss":111394816,"heapTotal":40984576,"heapUsed":26756760,"external":5042490,"arrayBuffers":233177}},"os":{"loadavg":[0,0,0],"uptime":107663.796},"trace":[{"column":18,"file":"C:\\Users\\BTA\\Desktop\\PJ\\THDELIVERY\\backend\\src\\modules\\product\\producvt.service.ts","function":"ProductService.<instance_members_initializer>","line":10,"method":"<instance_members_initializer>","native":false},{"column":8,"file":"C:\\Users\\BTA\\Desktop\\PJ\\THDELIVERY\\backend\\src\\modules\\product\\producvt.service.ts","function":"new ProductService","line":9,"method":null,"native":false},{"column":21,"file":"C:\\Users\\BTA\\Desktop\\PJ\\THDELIVERY\\backend\\src\\modules\\product\\products.controller.ts","function":"ProductController.<instance_members_initializer>","line":7,"method":"<instance_members_initializer>","native":false},{"column":8,"file":"C:\\Users\\BTA\\Desktop\\PJ\\THDELIVERY\\backend\\src\\modules\\product\\products.controller.ts","function":"new ProductController","line":6,"method":null,"native":false},{"column":20,"file":"C:\\Users\\BTA\\Desktop\\PJ\\THDELIVERY\\backend\\src\\modules\\product\\products.route.ts","function":"multer","line":11,"method":null,"native":false},{"column":1,"file":"C:\\Users\\BTA\\Desktop\\PJ\\THDELIVERY\\backend\\src\\modules\\product\\products.route.ts","function":null,"line":39,"method":null,"native":false},{"column":14,"file":"node:internal/modules/cjs/loader","function":"Module._compile","line":1706,"method":"_compile","native":false},{"column":1104,"file":"C:\\Users\\BTA\\Desktop\\PJ\\THDELIVERY\\backend\\node_modules\\tsx\\dist\\register-D46fvsV_.cjs","function":"Object.transformer","line":3,"method":"transformer","native":false},{"column":32,"file":"node:internal/modules/cjs/loader","function":"Module.load","line":1441,"method":"load","native":false},{"column":12,"file":"node:internal/modules/cjs/loader","function":"Function._load","line":1263,"method":"_load","native":false}]}
[2025-12-21T18:12:33.294Z] [31merror[39m: uncaughtException: import_product.productRepository is not a constructor
TypeError: import_product.productRepository is not a constructor
    at ProductService.<instance_members_initializer> (C:\Users\BTA\Desktop\PJ\THDELIVERY\backend\src\modules\product\producvt.service.ts:10:18)
    at new ProductService (C:\Users\BTA\Desktop\PJ\THDELIVERY\backend\src\modules\product\producvt.service.ts:9:8)
    at ProductController.<instance_members_initializer> (C:\Users\BTA\Desktop\PJ\THDELIVERY\backend\src\modules\product\products.controller.ts:7:21)
    at new ProductController (C:\Users\BTA\Desktop\PJ\THDELIVERY\backend\src\modules\product\products.controller.ts:6:8)
    at multer (C:\Users\BTA\Desktop\PJ\THDELIVERY\backend\src\modules\product\products.route.ts:11:20)
    at Object.<anonymous> (C:\Users\BTA\Desktop\PJ\THDELIVERY\backend\src\modules\product\products.route.ts:39:1)
    at Module._compile (node:internal/modules/cjs/loader:1706:14)
    at Object.transformer (C:\Users\BTA\Desktop\PJ\THDELIVERY\backend\node_modules\tsx\dist\register-D46fvsV_.cjs:3:1104)
    at Module.load (node:internal/modules/cjs/loader:1441:32)
    at Function._load (node:internal/modules/cjs/loader:1263:12)
TypeError: import_product.productRepository is not a constructor
    at ProductService.<instance_members_initializer> (C:\Users\BTA\Desktop\PJ\THDELIVERY\backend\src\modules\product\producvt.service.ts:10:18)
    at new ProductService (C:\Users\BTA\Desktop\PJ\THDELIVERY\backend\src\modules\product\producvt.service.ts:9:8)
    at ProductController.<instance_members_initializer> (C:\Users\BTA\Desktop\PJ\THDELIVERY\backend\src\modules\product\products.controller.ts:7:21)
    at new ProductController (C:\Users\BTA\Desktop\PJ\THDELIVERY\backend\src\modules\product\products.controller.ts:6:8)
    at multer (C:\Users\BTA\Desktop\PJ\THDELIVERY\backend\src\modules\product\products.route.ts:11:20)
    at Object.<anonymous> (C:\Users\BTA\Desktop\PJ\THDELIVERY\backend\src\modules\product\products.route.ts:39:1)
    at Module._compile (node:internal/modules/cjs/loader:1706:14)
    at Object.transformer (C:\Users\BTA\Desktop\PJ\THDELIVERY\backend\node_modules\tsx\dist\register-D46fvsV_.cjs:3:1104)
    at Module.load (node:internal/modules/cjs/loader:1441:32)
    at Function._load (node:internal/modules/cjs/loader:1263:12){"error":{},"exception":true,"date":"Sun Dec 21 2025 15:12:33 GMT-0300 (Brasilia Standard Time)","process":{"pid":21464,"uid":null,"gid":null,"cwd":"C:\\Users\\BTA\\Desktop\\PJ\\THDELIVERY\\backend","execPath":"C:\\Program Files\\nodejs\\node.exe","version":"v22.20.0","argv":["C:\\Program Files\\nodejs\\node.exe","C:\\Users\\BTA\\Desktop\\PJ\\THDELIVERY\\backend\\src\\server.ts"],"memoryUsage":{"rss":101244928,"heapTotal":40984576,"heapUsed":26147064,"external":5021795,"arrayBuffers":212473}},"os":{"loadavg":[0,0,0],"uptime":266849.046},"trace":[{"column":18,"file":"C:\\Users\\BTA\\Desktop\\PJ\\THDELIVERY\\backend\\src\\modules\\product\\producvt.service.ts","function":"ProductService.<instance_members_initializer>","line":10,"method":"<instance_members_initializer>","native":false},{"column":8,"file":"C:\\Users\\BTA\\Desktop\\PJ\\THDELIVERY\\backend\\src\\modules\\product\\producvt.service.ts","function":"new ProductService","line":9,"method":null,"native":false},{"column":21,"file":"C:\\Users\\BTA\\Desktop\\PJ\\THDELIVERY\\backend\\src\\modules\\product\\products.controller.ts","function":"ProductController.<instance_members_initializer>","line":7,"method":"<instance_members_initializer>","native":false},{"column":8,"file":"C:\\Users\\BTA\\Desktop\\PJ\\THDELIVERY\\backend\\src\\modules\\product\\products.controller.ts","function":"new ProductController","line":6,"method":null,"native":false},{"column":20,"file":"C:\\Users\\BTA\\Desktop\\PJ\\THDELIVERY\\backend\\src\\modules\\product\\products.route.ts","function":"multer","line":11,"method":null,"native":false},{"column":1,"file":"C:\\Users\\BTA\\Desktop\\PJ\\THDELIVERY\\backend\\src\\modules\\product\\products.route.ts","function":null,"line":39,"method":null,"native":false},{"column":14,"file":"node:internal/modules/cjs/loader","function":"Module._compile","line":1706,"method":"_compile","native":false},{"column":1104,"file":"C:\\Users\\BTA\\Desktop\\PJ\\THDELIVERY\\backend\\node_modules\\tsx\\dist\\register-D46fvsV_.cjs","function":"Object.transformer","line":3,"method":"transformer","native":false},{"column":32,"file":"node:internal/modules/cjs/loader","function":"Module.load","line":1441,"method":"load","native":false},{"column":12,"file":"node:internal/modules/cjs/loader","function":"Function._load","line":1263,"method":"_load","native":false}]}
[2025-12-21T18:12:35.449Z] [31merror[39m: uncaughtException: import_product.productRepository is not a constructor
TypeError: import_product.productRepository is not a constructor
    at ProductService.<instance_members_initializer> (C:\Users\BTA\Desktop\PJ\THDELIVERY\backend\src\modules\product\producvt.service.ts:10:18)
    at new ProductService (C:\Users\BTA\Desktop\PJ\THDELIVERY\backend\src\modules\product\producvt.service.ts:9:8)
    at ProductController.<instance_members_initializer> (C:\Users\BTA\Desktop\PJ\THDELIVERY\backend\src\modules\product\products.controller.ts:7:21)
    at new ProductController (C:\Users\BTA\Desktop\PJ\THDELIVERY\backend\src\modules\product\products.controller.ts:6:8)
    at multer (C:\Users\BTA\Desktop\PJ\THDELIVERY\backend\src\modules\product\products.route.ts:11:20)
    at Object.<anonymous> (C:\Users\BTA\Desktop\PJ\THDELIVERY\backend\src\modules\product\products.route.ts:39:1)
    at Module._compile (node:internal/modules/cjs/loader:1706:14)
    at Object.transformer (C:\Users\BTA\Desktop\PJ\THDELIVERY\backend\node_modules\tsx\dist\register-D46fvsV_.cjs:3:1104)
    at Module.load (node:internal/modules/cjs/loader:1441:32)
    at Function._load (node:internal/modules/cjs/loader:1263:12)
TypeError: import_product.productRepository is not a constructor
    at ProductService.<instance_members_initializer> (C:\Users\BTA\Desktop\PJ\THDELIVERY\backend\src\modules\product\producvt.service.ts:10:18)
    at new ProductService (C:\Users\BTA\Desktop\PJ\THDELIVERY\backend\src\modules\product\producvt.service.ts:9:8)
    at ProductController.<instance_members_initializer> (C:\Users\BTA\Desktop\PJ\THDELIVERY\backend\src\modules\product\products.controller.ts:7:21)
    at new ProductController (C:\Users\BTA\Desktop\PJ\THDELIVERY\backend\src\modules\product\products.controller.ts:6:8)
    at multer (C:\Users\BTA\Desktop\PJ\THDELIVERY\backend\src\modules\product\products.route.ts:11:20)
    at Object.<anonymous> (C:\Users\BTA\Desktop\PJ\THDELIVERY\backend\src\modules\product\products.route.ts:39:1)
    at Module._compile (node:internal/modules/cjs/loader:1706:14)
    at Object.transformer (C:\Users\BTA\Desktop\PJ\THDELIVERY\backend\node_modules\tsx\dist\register-D46fvsV_.cjs:3:1104)
    at Module.load (node:internal/modules/cjs/loader:1441:32)
    at Function._load (node:internal/modules/cjs/loader:1263:12){"error":{},"exception":true,"date":"Sun Dec 21 2025 15:12:35 GMT-0300 (Brasilia Standard Time)","process":{"pid":17724,"uid":null,"gid":null,"cwd":"C:\\Users\\BTA\\Desktop\\PJ\\THDELIVERY\\backend","execPath":"C:\\Program Files\\nodejs\\node.exe","version":"v22.20.0","argv":["C:\\Program Files\\nodejs\\node.exe","C:\\Users\\BTA\\Desktop\\PJ\\THDELIVERY\\backend\\src\\server.ts"],"memoryUsage":{"rss":101437440,"heapTotal":41316352,"heapUsed":24858968,"external":5021794,"arrayBuffers":212473}},"os":{"loadavg":[0,0,0],"uptime":266851.203},"trace":[{"column":18,"file":"C:\\Users\\BTA\\Desktop\\PJ\\THDELIVERY\\backend\\src\\modules\\product\\producvt.service.ts","function":"ProductService.<instance_members_initializer>","line":10,"method":"<instance_members_initializer>","native":false},{"column":8,"file":"C:\\Users\\BTA\\Desktop\\PJ\\THDELIVERY\\backend\\src\\modules\\product\\producvt.service.ts","function":"new ProductService","line":9,"method":null,"native":false},{"column":21,"file":"C:\\Users\\BTA\\Desktop\\PJ\\THDELIVERY\\backend\\src\\modules\\product\\products.controller.ts","function":"ProductController.<instance_members_initializer>","line":7,"method":"<instance_members_initializer>","native":false},{"column":8,"file":"C:\\Users\\BTA\\Desktop\\PJ\\THDELIVERY\\backend\\src\\modules\\product\\products.controller.ts","function":"new ProductController","line":6,"method":null,"native":false},{"column":20,"file":"C:\\Users\\BTA\\Desktop\\PJ\\THDELIVERY\\backend\\src\\modules\\product\\products.route.ts","function":"multer","line":11,"method":null,"native":false},{"column":1,"file":"C:\\Users\\BTA\\Desktop\\PJ\\THDELIVERY\\backend\\src\\modules\\product\\products.route.ts","function":null,"line":39,"method":null,"native":false},{"column":14,"file":"node:internal/modules/cjs/loader","function":"Module._compile","line":1706,"method":"_compile","native":false},{"column":1104,"file":"C:\\Users\\BTA\\Desktop\\PJ\\THDELIVERY\\backend\\node_modules\\tsx\\dist\\register-D46fvsV_.cjs","function":"Object.transformer","line":3,"method":"transformer","native":false},{"column":32,"file":"node:internal/modules/cjs/loader","function":"Module.load","line":1441,"method":"load","native":false},{"column":12,"file":"node:internal/modules/cjs/loader","function":"Function._load","line":1263,"method":"_load","native":false}]}
[2025-12-21T18:13:14.719Z] [31merror[39m: uncaughtException: import_product.productRepository is not a constructor
TypeError: import_product.productRepository is not a constructor
    at ProductService.<instance_members_initializer> (C:\Users\BTA\Desktop\PJ\THDELIVERY\backend\src\modules\product\producvt.service.ts:10:18)
    at new ProductService (C:\Users\BTA\Desktop\PJ\THDELIVERY\backend\src\modules\product\producvt.service.ts:9:8)
    at ProductController.<instance_members_initializer> (C:\Users\BTA\Desktop\PJ\THDELIVERY\backend\src\modules\product\products.controller.ts:7:21)
    at new ProductController (C:\Users\BTA\Desktop\PJ\THDELIVERY\backend\src\modules\product\products.controller.ts:6:8)
    at multer (C:\Users\BTA\Desktop\PJ\THDELIVERY\backend\src\modules\product\products.route.ts:11:20)
    at Object.<anonymous> (C:\Users\BTA\Desktop\PJ\THDELIVERY\backend\src\modules\product\products.route.ts:39:1)
    at Module._compile (node:internal/modules/cjs/loader:1706:14)
    at Object.transformer (C:\Users\BTA\Desktop\PJ\THDELIVERY\backend\node_modules\tsx\dist\register-D46fvsV_.cjs:3:1104)
    at Module.load (node:internal/modules/cjs/loader:1441:32)
    at Function._load (node:internal/modules/cjs/loader:1263:12)
TypeError: import_product.productRepository is not a constructor
    at ProductService.<instance_members_initializer> (C:\Users\BTA\Desktop\PJ\THDELIVERY\backend\src\modules\product\producvt.service.ts:10:18)
    at new ProductService (C:\Users\BTA\Desktop\PJ\THDELIVERY\backend\src\modules\product\producvt.service.ts:9:8)
    at ProductController.<instance_members_initializer> (C:\Users\BTA\Desktop\PJ\THDELIVERY\backend\src\modules\product\products.controller.ts:7:21)
    at new ProductController (C:\Users\BTA\Desktop\PJ\THDELIVERY\backend\src\modules\product\products.controller.ts:6:8)
    at multer (C:\Users\BTA\Desktop\PJ\THDELIVERY\backend\src\modules\product\products.route.ts:11:20)
    at Object.<anonymous> (C:\Users\BTA\Desktop\PJ\THDELIVERY\backend\src\modules\product\products.route.ts:39:1)
    at Module._compile (node:internal/modules/cjs/loader:1706:14)
    at Object.transformer (C:\Users\BTA\Desktop\PJ\THDELIVERY\backend\node_modules\tsx\dist\register-D46fvsV_.cjs:3:1104)
    at Module.load (node:internal/modules/cjs/loader:1441:32)
    at Function._load (node:internal/modules/cjs/loader:1263:12){"error":{},"exception":true,"date":"Sun Dec 21 2025 15:13:14 GMT-0300 (Brasilia Standard Time)","process":{"pid":13080,"uid":null,"gid":null,"cwd":"C:\\Users\\BTA\\Desktop\\PJ\\THDELIVERY\\backend","execPath":"C:\\Program Files\\nodejs\\node.exe","version":"v22.20.0","argv":["C:\\Program Files\\nodejs\\node.exe","C:\\Users\\BTA\\Desktop\\PJ\\THDELIVERY\\backend\\src\\server.ts"],"memoryUsage":{"rss":111955968,"heapTotal":40984576,"heapUsed":26804600,"external":5046570,"arrayBuffers":237257}},"os":{"loadavg":[0,0,0],"uptime":266890.468},"trace":[{"column":18,"file":"C:\\Users\\BTA\\Desktop\\PJ\\THDELIVERY\\backend\\src\\modules\\product\\producvt.service.ts","function":"ProductService.<instance_members_initializer>","line":10,"method":"<instance_members_initializer>","native":false},{"column":8,"file":"C:\\Users\\BTA\\Desktop\\PJ\\THDELIVERY\\backend\\src\\modules\\product\\producvt.service.ts","function":"new ProductService","line":9,"method":null,"native":false},{"column":21,"file":"C:\\Users\\BTA\\Desktop\\PJ\\THDELIVERY\\backend\\src\\modules\\product\\products.controller.ts","function":"ProductController.<instance_members_initializer>","line":7,"method":"<instance_members_initializer>","native":false},{"column":8,"file":"C:\\Users\\BTA\\Desktop\\PJ\\THDELIVERY\\backend\\src\\modules\\product\\products.controller.ts","function":"new ProductController","line":6,"method":null,"native":false},{"column":20,"file":"C:\\Users\\BTA\\Desktop\\PJ\\THDELIVERY\\backend\\src\\modules\\product\\products.route.ts","function":"multer","line":11,"method":null,"native":false},{"column":1,"file":"C:\\Users\\BTA\\Desktop\\PJ\\THDELIVERY\\backend\\src\\modules\\product\\products.route.ts","function":null,"line":39,"method":null,"native":false},{"column":14,"file":"node:internal/modules/cjs/loader","function":"Module._compile","line":1706,"method":"_compile","native":false},{"column":1104,"file":"C:\\Users\\BTA\\Desktop\\PJ\\THDELIVERY\\backend\\node_modules\\tsx\\dist\\register-D46fvsV_.cjs","function":"Object.transformer","line":3,"method":"transformer","native":false},{"column":32,"file":"node:internal/modules/cjs/loader","function":"Module.load","line":1441,"method":"load","native":false},{"column":12,"file":"node:internal/modules/cjs/loader","function":"Function._load","line":1263,"method":"_load","native":false}]}
[2025-12-21T18:15:22.785Z] [31merror[39m: uncaughtException: import_product.productRepository is not a constructor
TypeError: import_product.productRepository is not a constructor
    at ProductService.<instance_members_initializer> (C:\Users\BTA\Desktop\PJ\THDELIVERY\backend\src\modules\product\producvt.service.ts:10:18)
    at new ProductService (C:\Users\BTA\Desktop\PJ\THDELIVERY\backend\src\modules\product\producvt.service.ts:9:8)
    at ProductController.<instance_members_initializer> (C:\Users\BTA\Desktop\PJ\THDELIVERY\backend\src\modules\product\products.controller.ts:7:21)
    at new ProductController (C:\Users\BTA\Desktop\PJ\THDELIVERY\backend\src\modules\product\products.controller.ts:6:8)
    at multer (C:\Users\BTA\Desktop\PJ\THDELIVERY\backend\src\modules\product\products.route.ts:11:20)
    at Object.<anonymous> (C:\Users\BTA\Desktop\PJ\THDELIVERY\backend\src\modules\product\products.route.ts:39:1)
    at Module._compile (node:internal/modules/cjs/loader:1706:14)
    at Object.transformer (C:\Users\BTA\Desktop\PJ\THDELIVERY\backend\node_modules\tsx\dist\register-D46fvsV_.cjs:3:1104)
    at Module.load (node:internal/modules/cjs/loader:1441:32)
    at Function._load (node:internal/modules/cjs/loader:1263:12)
TypeError: import_product.productRepository is not a constructor
    at ProductService.<instance_members_initializer> (C:\Users\BTA\Desktop\PJ\THDELIVERY\backend\src\modules\product\producvt.service.ts:10:18)
    at new ProductService (C:\Users\BTA\Desktop\PJ\THDELIVERY\backend\src\modules\product\producvt.service.ts:9:8)
    at ProductController.<instance_members_initializer> (C:\Users\BTA\Desktop\PJ\THDELIVERY\backend\src\modules\product\products.controller.ts:7:21)
    at new ProductController (C:\Users\BTA\Desktop\PJ\THDELIVERY\backend\src\modules\product\products.controller.ts:6:8)
    at multer (C:\Users\BTA\Desktop\PJ\THDELIVERY\backend\src\modules\product\products.route.ts:11:20)
    at Object.<anonymous> (C:\Users\BTA\Desktop\PJ\THDELIVERY\backend\src\modules\product\products.route.ts:39:1)
    at Module._compile (node:internal/modules/cjs/loader:1706:14)
    at Object.transformer (C:\Users\BTA\Desktop\PJ\THDELIVERY\backend\node_modules\tsx\dist\register-D46fvsV_.cjs:3:1104)
    at Module.load (node:internal/modules/cjs/loader:1441:32)
    at Function._load (node:internal/modules/cjs/loader:1263:12){"error":{},"exception":true,"date":"Sun Dec 21 2025 15:15:22 GMT-0300 (Brasilia Standard Time)","process":{"pid":20500,"uid":null,"gid":null,"cwd":"C:\\Users\\BTA\\Desktop\\PJ\\THDELIVERY\\backend","execPath":"C:\\Program Files\\nodejs\\node.exe","version":"v22.20.0","argv":["C:\\Program Files\\nodejs\\node.exe","C:\\Users\\BTA\\Desktop\\PJ\\THDELIVERY\\backend\\src\\server.ts"],"memoryUsage":{"rss":101273600,"heapTotal":41246720,"heapUsed":26178712,"external":5021795,"arrayBuffers":212473}},"os":{"loadavg":[0,0,0],"uptime":267018.531},"trace":[{"column":18,"file":"C:\\Users\\BTA\\Desktop\\PJ\\THDELIVERY\\backend\\src\\modules\\product\\producvt.service.ts","function":"ProductService.<instance_members_initializer>","line":10,"method":"<instance_members_initializer>","native":false},{"column":8,"file":"C:\\Users\\BTA\\Desktop\\PJ\\THDELIVERY\\backend\\src\\modules\\product\\producvt.service.ts","function":"new ProductService","line":9,"method":null,"native":false},{"column":21,"file":"C:\\Users\\BTA\\Desktop\\PJ\\THDELIVERY\\backend\\src\\modules\\product\\products.controller.ts","function":"ProductController.<instance_members_initializer>","line":7,"method":"<instance_members_initializer>","native":false},{"column":8,"file":"C:\\Users\\BTA\\Desktop\\PJ\\THDELIVERY\\backend\\src\\modules\\product\\products.controller.ts","function":"new ProductController","line":6,"method":null,"native":false},{"column":20,"file":"C:\\Users\\BTA\\Desktop\\PJ\\THDELIVERY\\backend\\src\\modules\\product\\products.route.ts","function":"multer","line":11,"method":null,"native":false},{"column":1,"file":"C:\\Users\\BTA\\Desktop\\PJ\\THDELIVERY\\backend\\src\\modules\\product\\products.route.ts","function":null,"line":39,"method":null,"native":false},{"column":14,"file":"node:internal/modules/cjs/loader","function":"Module._compile","line":1706,"method":"_compile","native":false},{"column":1104,"file":"C:\\Users\\BTA\\Desktop\\PJ\\THDELIVERY\\backend\\node_modules\\tsx\\dist\\register-D46fvsV_.cjs","function":"Object.transformer","line":3,"method":"transformer","native":false},{"column":32,"file":"node:internal/modules/cjs/loader","function":"Module.load","line":1441,"method":"load","native":false},{"column":12,"file":"node:internal/modules/cjs/loader","function":"Function._load","line":1263,"method":"_load","native":false}]}
[2025-12-21T18:15:40.252Z] [31merror[39m: uncaughtException: import_product.productRepository is not a constructor
TypeError: import_product.productRepository is not a constructor
    at ProductService.<instance_members_initializer> (C:\Users\BTA\Desktop\PJ\THDELIVERY\backend\src\modules\product\producvt.service.ts:10:18)
    at new ProductService (C:\Users\BTA\Desktop\PJ\THDELIVERY\backend\src\modules\product\producvt.service.ts:9:8)
    at ProductController.<instance_members_initializer> (C:\Users\BTA\Desktop\PJ\THDELIVERY\backend\src\modules\product\products.controller.ts:7:21)
    at new ProductController (C:\Users\BTA\Desktop\PJ\THDELIVERY\backend\src\modules\product\products.controller.ts:6:8)
    at multer (C:\Users\BTA\Desktop\PJ\THDELIVERY\backend\src\modules\product\products.route.ts:11:20)
    at Object.<anonymous> (C:\Users\BTA\Desktop\PJ\THDELIVERY\backend\src\modules\product\products.route.ts:39:1)
    at Module._compile (node:internal/modules/cjs/loader:1706:14)
    at Object.transformer (C:\Users\BTA\Desktop\PJ\THDELIVERY\backend\node_modules\tsx\dist\register-D46fvsV_.cjs:3:1104)
    at Module.load (node:internal/modules/cjs/loader:1441:32)
    at Function._load (node:internal/modules/cjs/loader:1263:12)
TypeError: import_product.productRepository is not a constructor
    at ProductService.<instance_members_initializer> (C:\Users\BTA\Desktop\PJ\THDELIVERY\backend\src\modules\product\producvt.service.ts:10:18)
    at new ProductService (C:\Users\BTA\Desktop\PJ\THDELIVERY\backend\src\modules\product\producvt.service.ts:9:8)
    at ProductController.<instance_members_initializer> (C:\Users\BTA\Desktop\PJ\THDELIVERY\backend\src\modules\product\products.controller.ts:7:21)
    at new ProductController (C:\Users\BTA\Desktop\PJ\THDELIVERY\backend\src\modules\product\products.controller.ts:6:8)
    at multer (C:\Users\BTA\Desktop\PJ\THDELIVERY\backend\src\modules\product\products.route.ts:11:20)
    at Object.<anonymous> (C:\Users\BTA\Desktop\PJ\THDELIVERY\backend\src\modules\product\products.route.ts:39:1)
    at Module._compile (node:internal/modules/cjs/loader:1706:14)
    at Object.transformer (C:\Users\BTA\Desktop\PJ\THDELIVERY\backend\node_modules\tsx\dist\register-D46fvsV_.cjs:3:1104)
    at Module.load (node:internal/modules/cjs/loader:1441:32)
    at Function._load (node:internal/modules/cjs/loader:1263:12){"error":{},"exception":true,"date":"Sun Dec 21 2025 15:15:40 GMT-0300 (Brasilia Standard Time)","process":{"pid":15812,"uid":null,"gid":null,"cwd":"C:\\Users\\BTA\\Desktop\\PJ\\THDELIVERY\\backend","execPath":"C:\\Program Files\\nodejs\\node.exe","version":"v22.20.0","argv":["C:\\Program Files\\nodejs\\node.exe","C:\\Users\\BTA\\Desktop\\PJ\\THDELIVERY\\backend\\src\\server.ts"],"memoryUsage":{"rss":101412864,"heapTotal":40984576,"heapUsed":26629904,"external":5021795,"arrayBuffers":212473}},"os":{"loadavg":[0,0,0],"uptime":267036},"trace":[{"column":18,"file":"C:\\Users\\BTA\\Desktop\\PJ\\THDELIVERY\\backend\\src\\modules\\product\\producvt.service.ts","function":"ProductService.<instance_members_initializer>","line":10,"method":"<instance_members_initializer>","native":false},{"column":8,"file":"C:\\Users\\BTA\\Desktop\\PJ\\THDELIVERY\\backend\\src\\modules\\product\\producvt.service.ts","function":"new ProductService","line":9,"method":null,"native":false},{"column":21,"file":"C:\\Users\\BTA\\Desktop\\PJ\\THDELIVERY\\backend\\src\\modules\\product\\products.controller.ts","function":"ProductController.<instance_members_initializer>","line":7,"method":"<instance_members_initializer>","native":false},{"column":8,"file":"C:\\Users\\BTA\\Desktop\\PJ\\THDELIVERY\\backend\\src\\modules\\product\\products.controller.ts","function":"new ProductController","line":6,"method":null,"native":false},{"column":20,"file":"C:\\Users\\BTA\\Desktop\\PJ\\THDELIVERY\\backend\\src\\modules\\product\\products.route.ts","function":"multer","line":11,"method":null,"native":false},{"column":1,"file":"C:\\Users\\BTA\\Desktop\\PJ\\THDELIVERY\\backend\\src\\modules\\product\\products.route.ts","function":null,"line":39,"method":null,"native":false},{"column":14,"file":"node:internal/modules/cjs/loader","function":"Module._compile","line":1706,"method":"_compile","native":false},{"column":1104,"file":"C:\\Users\\BTA\\Desktop\\PJ\\THDELIVERY\\backend\\node_modules\\tsx\\dist\\register-D46fvsV_.cjs","function":"Object.transformer","line":3,"method":"transformer","native":false},{"column":32,"file":"node:internal/modules/cjs/loader","function":"Module.load","line":1441,"method":"load","native":false},{"column":12,"file":"node:internal/modules/cjs/loader","function":"Function._load","line":1263,"method":"_load","native":false}]}
[2025-12-21T18:17:55.187Z] [31merror[39m: uncaughtException: import_product.productRepository is not a constructor
TypeError: import_product.productRepository is not a constructor
    at ProductService.<instance_members_initializer> (C:\Users\BTA\Desktop\PJ\THDELIVERY\backend\src\modules\product\producvt.service.ts:10:18)
    at new ProductService (C:\Users\BTA\Desktop\PJ\THDELIVERY\backend\src\modules\product\producvt.service.ts:9:8)
    at ProductController.<instance_members_initializer> (C:\Users\BTA\Desktop\PJ\THDELIVERY\backend\src\modules\product\products.controller.ts:7:21)
    at new ProductController (C:\Users\BTA\Desktop\PJ\THDELIVERY\backend\src\modules\product\products.controller.ts:6:8)
    at multer (C:\Users\BTA\Desktop\PJ\THDELIVERY\backend\src\modules\product\products.route.ts:11:20)
    at Object.<anonymous> (C:\Users\BTA\Desktop\PJ\THDELIVERY\backend\src\modules\product\products.route.ts:39:1)
    at Module._compile (node:internal/modules/cjs/loader:1706:14)
    at Object.transformer (C:\Users\BTA\Desktop\PJ\THDELIVERY\backend\node_modules\tsx\dist\register-D46fvsV_.cjs:3:1104)
    at Module.load (node:internal/modules/cjs/loader:1441:32)
    at Function._load (node:internal/modules/cjs/loader:1263:12)
TypeError: import_product.productRepository is not a constructor
    at ProductService.<instance_members_initializer> (C:\Users\BTA\Desktop\PJ\THDELIVERY\backend\src\modules\product\producvt.service.ts:10:18)
    at new ProductService (C:\Users\BTA\Desktop\PJ\THDELIVERY\backend\src\modules\product\producvt.service.ts:9:8)
    at ProductController.<instance_members_initializer> (C:\Users\BTA\Desktop\PJ\THDELIVERY\backend\src\modules\product\products.controller.ts:7:21)
    at new ProductController (C:\Users\BTA\Desktop\PJ\THDELIVERY\backend\src\modules\product\products.controller.ts:6:8)
    at multer (C:\Users\BTA\Desktop\PJ\THDELIVERY\backend\src\modules\product\products.route.ts:11:20)
    at Object.<anonymous> (C:\Users\BTA\Desktop\PJ\THDELIVERY\backend\src\modules\product\products.route.ts:39:1)
    at Module._compile (node:internal/modules/cjs/loader:1706:14)
    at Object.transformer (C:\Users\BTA\Desktop\PJ\THDELIVERY\backend\node_modules\tsx\dist\register-D46fvsV_.cjs:3:1104)
    at Module.load (node:internal/modules/cjs/loader:1441:32)
    at Function._load (node:internal/modules/cjs/loader:1263:12){"error":{},"exception":true,"date":"Sun Dec 21 2025 15:17:55 GMT-0300 (Brasilia Standard Time)","process":{"pid":14340,"uid":null,"gid":null,"cwd":"C:\\Users\\BTA\\Desktop\\PJ\\THDELIVERY\\backend","execPath":"C:\\Program Files\\nodejs\\node.exe","version":"v22.20.0","argv":["C:\\Program Files\\nodejs\\node.exe","C:\\Users\\BTA\\Desktop\\PJ\\THDELIVERY\\backend\\src\\server.ts"],"memoryUsage":{"rss":101691392,"heapTotal":40984576,"heapUsed":26017832,"external":5021795,"arrayBuffers":212473}},"os":{"loadavg":[0,0,0],"uptime":267170.937},"trace":[{"column":18,"file":"C:\\Users\\BTA\\Desktop\\PJ\\THDELIVERY\\backend\\src\\modules\\product\\producvt.service.ts","function":"ProductService.<instance_members_initializer>","line":10,"method":"<instance_members_initializer>","native":false},{"column":8,"file":"C:\\Users\\BTA\\Desktop\\PJ\\THDELIVERY\\backend\\src\\modules\\product\\producvt.service.ts","function":"new ProductService","line":9,"method":null,"native":false},{"column":21,"file":"C:\\Users\\BTA\\Desktop\\PJ\\THDELIVERY\\backend\\src\\modules\\product\\products.controller.ts","function":"ProductController.<instance_members_initializer>","line":7,"method":"<instance_members_initializer>","native":false},{"column":8,"file":"C:\\Users\\BTA\\Desktop\\PJ\\THDELIVERY\\backend\\src\\modules\\product\\products.controller.ts","function":"new ProductController","line":6,"method":null,"native":false},{"column":20,"file":"C:\\Users\\BTA\\Desktop\\PJ\\THDELIVERY\\backend\\src\\modules\\product\\products.route.ts","function":"multer","line":11,"method":null,"native":false},{"column":1,"file":"C:\\Users\\BTA\\Desktop\\PJ\\THDELIVERY\\backend\\src\\modules\\product\\products.route.ts","function":null,"line":39,"method":null,"native":false},{"column":14,"file":"node:internal/modules/cjs/loader","function":"Module._compile","line":1706,"method":"_compile","native":false},{"column":1104,"file":"C:\\Users\\BTA\\Desktop\\PJ\\THDELIVERY\\backend\\node_modules\\tsx\\dist\\register-D46fvsV_.cjs","function":"Object.transformer","line":3,"method":"transformer","native":false},{"column":32,"file":"node:internal/modules/cjs/loader","function":"Module.load","line":1441,"method":"load","native":false},{"column":12,"file":"node:internal/modules/cjs/loader","function":"Function._load","line":1263,"method":"_load","native":false}]}
[2025-12-21T18:17:58.081Z] [31merror[39m: uncaughtException: import_product.productRepository is not a constructor
TypeError: import_product.productRepository is not a constructor
    at ProductService.<instance_members_initializer> (C:\Users\BTA\Desktop\PJ\THDELIVERY\backend\src\modules\product\producvt.service.ts:10:18)
    at new ProductService (C:\Users\BTA\Desktop\PJ\THDELIVERY\backend\src\modules\product\producvt.service.ts:9:8)
    at ProductController.<instance_members_initializer> (C:\Users\BTA\Desktop\PJ\THDELIVERY\backend\src\modules\product\products.controller.ts:7:21)
    at new ProductController (C:\Users\BTA\Desktop\PJ\THDELIVERY\backend\src\modules\product\products.controller.ts:6:8)
    at multer (C:\Users\BTA\Desktop\PJ\THDELIVERY\backend\src\modules\product\products.route.ts:11:20)
    at Object.<anonymous> (C:\Users\BTA\Desktop\PJ\THDELIVERY\backend\src\modules\product\products.route.ts:39:1)
    at Module._compile (node:internal/modules/cjs/loader:1706:14)
    at Object.transformer (C:\Users\BTA\Desktop\PJ\THDELIVERY\backend\node_modules\tsx\dist\register-D46fvsV_.cjs:3:1104)
    at Module.load (node:internal/modules/cjs/loader:1441:32)
    at Function._load (node:internal/modules/cjs/loader:1263:12)
TypeError: import_product.productRepository is not a constructor
    at ProductService.<instance_members_initializer> (C:\Users\BTA\Desktop\PJ\THDELIVERY\backend\src\modules\product\producvt.service.ts:10:18)
    at new ProductService (C:\Users\BTA\Desktop\PJ\THDELIVERY\backend\src\modules\product\producvt.service.ts:9:8)
    at ProductController.<instance_members_initializer> (C:\Users\BTA\Desktop\PJ\THDELIVERY\backend\src\modules\product\products.controller.ts:7:21)
    at new ProductController (C:\Users\BTA\Desktop\PJ\THDELIVERY\backend\src\modules\product\products.controller.ts:6:8)
    at multer (C:\Users\BTA\Desktop\PJ\THDELIVERY\backend\src\modules\product\products.route.ts:11:20)
    at Object.<anonymous> (C:\Users\BTA\Desktop\PJ\THDELIVERY\backend\src\modules\product\products.route.ts:39:1)
    at Module._compile (node:internal/modules/cjs/loader:1706:14)
    at Object.transformer (C:\Users\BTA\Desktop\PJ\THDELIVERY\backend\node_modules\tsx\dist\register-D46fvsV_.cjs:3:1104)
    at Module.load (node:internal/modules/cjs/loader:1441:32)
    at Function._load (node:internal/modules/cjs/loader:1263:12){"error":{},"exception":true,"date":"Sun Dec 21 2025 15:17:58 GMT-0300 (Brasilia Standard Time)","process":{"pid":17004,"uid":null,"gid":null,"cwd":"C:\\Users\\BTA\\Desktop\\PJ\\THDELIVERY\\backend","execPath":"C:\\Program Files\\nodejs\\node.exe","version":"v22.20.0","argv":["C:\\Program Files\\nodejs\\node.exe","C:\\Users\\BTA\\Desktop\\PJ\\THDELIVERY\\backend\\src\\server.ts"],"memoryUsage":{"rss":101482496,"heapTotal":41246720,"heapUsed":26026768,"external":5021795,"arrayBuffers":212473}},"os":{"loadavg":[0,0,0],"uptime":267173.828},"trace":[{"column":18,"file":"C:\\Users\\BTA\\Desktop\\PJ\\THDELIVERY\\backend\\src\\modules\\product\\producvt.service.ts","function":"ProductService.<instance_members_initializer>","line":10,"method":"<instance_members_initializer>","native":false},{"column":8,"file":"C:\\Users\\BTA\\Desktop\\PJ\\THDELIVERY\\backend\\src\\modules\\product\\producvt.service.ts","function":"new ProductService","line":9,"method":null,"native":false},{"column":21,"file":"C:\\Users\\BTA\\Desktop\\PJ\\THDELIVERY\\backend\\src\\modules\\product\\products.controller.ts","function":"ProductController.<instance_members_initializer>","line":7,"method":"<instance_members_initializer>","native":false},{"column":8,"file":"C:\\Users\\BTA\\Desktop\\PJ\\THDELIVERY\\backend\\src\\modules\\product\\products.controller.ts","function":"new ProductController","line":6,"method":null,"native":false},{"column":20,"file":"C:\\Users\\BTA\\Desktop\\PJ\\THDELIVERY\\backend\\src\\modules\\product\\products.route.ts","function":"multer","line":11,"method":null,"native":false},{"column":1,"file":"C:\\Users\\BTA\\Desktop\\PJ\\THDELIVERY\\backend\\src\\modules\\product\\products.route.ts","function":null,"line":39,"method":null,"native":false},{"column":14,"file":"node:internal/modules/cjs/loader","function":"Module._compile","line":1706,"method":"_compile","native":false},{"column":1104,"file":"C:\\Users\\BTA\\Desktop\\PJ\\THDELIVERY\\backend\\node_modules\\tsx\\dist\\register-D46fvsV_.cjs","function":"Object.transformer","line":3,"method":"transformer","native":false},{"column":32,"file":"node:internal/modules/cjs/loader","function":"Module.load","line":1441,"method":"load","native":false},{"column":12,"file":"node:internal/modules/cjs/loader","function":"Function._load","line":1263,"method":"_load","native":false}]}
[2025-12-21T18:18:06.878Z] [31merror[39m: uncaughtException: import_product.productRepository is not a constructor
TypeError: import_product.productRepository is not a constructor
    at ProductService.<instance_members_initializer> (C:\Users\BTA\Desktop\PJ\THDELIVERY\backend\src\modules\product\producvt.service.ts:10:18)
    at new ProductService (C:\Users\BTA\Desktop\PJ\THDELIVERY\backend\src\modules\product\producvt.service.ts:9:8)
    at ProductController.<instance_members_initializer> (C:\Users\BTA\Desktop\PJ\THDELIVERY\backend\src\modules\product\products.controller.ts:7:21)
    at new ProductController (C:\Users\BTA\Desktop\PJ\THDELIVERY\backend\src\modules\product\products.controller.ts:6:8)
    at multer (C:\Users\BTA\Desktop\PJ\THDELIVERY\backend\src\modules\product\products.route.ts:11:20)
    at Object.<anonymous> (C:\Users\BTA\Desktop\PJ\THDELIVERY\backend\src\modules\product\products.route.ts:39:1)
    at Module._compile (node:internal/modules/cjs/loader:1706:14)
    at Object.transformer (C:\Users\BTA\Desktop\PJ\THDELIVERY\backend\node_modules\tsx\dist\register-D46fvsV_.cjs:3:1104)
    at Module.load (node:internal/modules/cjs/loader:1441:32)
    at Function._load (node:internal/modules/cjs/loader:1263:12)
TypeError: import_product.productRepository is not a constructor
    at ProductService.<instance_members_initializer> (C:\Users\BTA\Desktop\PJ\THDELIVERY\backend\src\modules\product\producvt.service.ts:10:18)
    at new ProductService (C:\Users\BTA\Desktop\PJ\THDELIVERY\backend\src\modules\product\producvt.service.ts:9:8)
    at ProductController.<instance_members_initializer> (C:\Users\BTA\Desktop\PJ\THDELIVERY\backend\src\modules\product\products.controller.ts:7:21)
    at new ProductController (C:\Users\BTA\Desktop\PJ\THDELIVERY\backend\src\modules\product\products.controller.ts:6:8)
    at multer (C:\Users\BTA\Desktop\PJ\THDELIVERY\backend\src\modules\product\products.route.ts:11:20)
    at Object.<anonymous> (C:\Users\BTA\Desktop\PJ\THDELIVERY\backend\src\modules\product\products.route.ts:39:1)
    at Module._compile (node:internal/modules/cjs/loader:1706:14)
    at Object.transformer (C:\Users\BTA\Desktop\PJ\THDELIVERY\backend\node_modules\tsx\dist\register-D46fvsV_.cjs:3:1104)
    at Module.load (node:internal/modules/cjs/loader:1441:32)
    at Function._load (node:internal/modules/cjs/loader:1263:12){"error":{},"exception":true,"date":"Sun Dec 21 2025 15:18:06 GMT-0300 (Brasilia Standard Time)","process":{"pid":12392,"uid":null,"gid":null,"cwd":"C:\\Users\\BTA\\Desktop\\PJ\\THDELIVERY\\backend","execPath":"C:\\Program Files\\nodejs\\node.exe","version":"v22.20.0","argv":["C:\\Program Files\\nodejs\\node.exe","C:\\Users\\BTA\\Desktop\\PJ\\THDELIVERY\\backend\\src\\server.ts"],"memoryUsage":{"rss":101933056,"heapTotal":40984576,"heapUsed":26030808,"external":5021795,"arrayBuffers":212473}},"os":{"loadavg":[0,0,0],"uptime":267182.625},"trace":[{"column":18,"file":"C:\\Users\\BTA\\Desktop\\PJ\\THDELIVERY\\backend\\src\\modules\\product\\producvt.service.ts","function":"ProductService.<instance_members_initializer>","line":10,"method":"<instance_members_initializer>","native":false},{"column":8,"file":"C:\\Users\\BTA\\Desktop\\PJ\\THDELIVERY\\backend\\src\\modules\\product\\producvt.service.ts","function":"new ProductService","line":9,"method":null,"native":false},{"column":21,"file":"C:\\Users\\BTA\\Desktop\\PJ\\THDELIVERY\\backend\\src\\modules\\product\\products.controller.ts","function":"ProductController.<instance_members_initializer>","line":7,"method":"<instance_members_initializer>","native":false},{"column":8,"file":"C:\\Users\\BTA\\Desktop\\PJ\\THDELIVERY\\backend\\src\\modules\\product\\products.controller.ts","function":"new ProductController","line":6,"method":null,"native":false},{"column":20,"file":"C:\\Users\\BTA\\Desktop\\PJ\\THDELIVERY\\backend\\src\\modules\\product\\products.route.ts","function":"multer","line":11,"method":null,"native":false},{"column":1,"file":"C:\\Users\\BTA\\Desktop\\PJ\\THDELIVERY\\backend\\src\\modules\\product\\products.route.ts","function":null,"line":39,"method":null,"native":false},{"column":14,"file":"node:internal/modules/cjs/loader","function":"Module._compile","line":1706,"method":"_compile","native":false},{"column":1104,"file":"C:\\Users\\BTA\\Desktop\\PJ\\THDELIVERY\\backend\\node_modules\\tsx\\dist\\register-D46fvsV_.cjs","function":"Object.transformer","line":3,"method":"transformer","native":false},{"column":32,"file":"node:internal/modules/cjs/loader","function":"Module.load","line":1441,"method":"load","native":false},{"column":12,"file":"node:internal/modules/cjs/loader","function":"Function._load","line":1263,"method":"_load","native":false}]}
[2025-12-21T18:18:11.160Z] [31merror[39m: uncaughtException: import_product.productRepository is not a constructor
TypeError: import_product.productRepository is not a constructor
    at ProductService.<instance_members_initializer> (C:\Users\BTA\Desktop\PJ\THDELIVERY\backend\src\modules\product\producvt.service.ts:10:18)
    at new ProductService (C:\Users\BTA\Desktop\PJ\THDELIVERY\backend\src\modules\product\producvt.service.ts:9:8)
    at ProductController.<instance_members_initializer> (C:\Users\BTA\Desktop\PJ\THDELIVERY\backend\src\modules\product\products.controller.ts:7:21)
    at new ProductController (C:\Users\BTA\Desktop\PJ\THDELIVERY\backend\src\modules\product\products.controller.ts:6:8)
    at multer (C:\Users\BTA\Desktop\PJ\THDELIVERY\backend\src\modules\product\products.route.ts:11:20)
    at Object.<anonymous> (C:\Users\BTA\Desktop\PJ\THDELIVERY\backend\src\modules\product\products.route.ts:39:1)
    at Module._compile (node:internal/modules/cjs/loader:1706:14)
    at Object.transformer (C:\Users\BTA\Desktop\PJ\THDELIVERY\backend\node_modules\tsx\dist\register-D46fvsV_.cjs:3:1104)
    at Module.load (node:internal/modules/cjs/loader:1441:32)
    at Function._load (node:internal/modules/cjs/loader:1263:12)
TypeError: import_product.productRepository is not a constructor
    at ProductService.<instance_members_initializer> (C:\Users\BTA\Desktop\PJ\THDELIVERY\backend\src\modules\product\producvt.service.ts:10:18)
    at new ProductService (C:\Users\BTA\Desktop\PJ\THDELIVERY\backend\src\modules\product\producvt.service.ts:9:8)
    at ProductController.<instance_members_initializer> (C:\Users\BTA\Desktop\PJ\THDELIVERY\backend\src\modules\product\products.controller.ts:7:21)
    at new ProductController (C:\Users\BTA\Desktop\PJ\THDELIVERY\backend\src\modules\product\products.controller.ts:6:8)
    at multer (C:\Users\BTA\Desktop\PJ\THDELIVERY\backend\src\modules\product\products.route.ts:11:20)
    at Object.<anonymous> (C:\Users\BTA\Desktop\PJ\THDELIVERY\backend\src\modules\product\products.route.ts:39:1)
    at Module._compile (node:internal/modules/cjs/loader:1706:14)
    at Object.transformer (C:\Users\BTA\Desktop\PJ\THDELIVERY\backend\node_modules\tsx\dist\register-D46fvsV_.cjs:3:1104)
    at Module.load (node:internal/modules/cjs/loader:1441:32)
    at Function._load (node:internal/modules/cjs/loader:1263:12){"error":{},"exception":true,"date":"Sun Dec 21 2025 15:18:11 GMT-0300 (Brasilia Standard Time)","process":{"pid":19724,"uid":null,"gid":null,"cwd":"C:\\Users\\BTA\\Desktop\\PJ\\THDELIVERY\\backend","execPath":"C:\\Program Files\\nodejs\\node.exe","version":"v22.20.0","argv":["C:\\Program Files\\nodejs\\node.exe","C:\\Users\\BTA\\Desktop\\PJ\\THDELIVERY\\backend\\src\\server.ts"],"memoryUsage":{"rss":101945344,"heapTotal":40984576,"heapUsed":26526608,"external":5021795,"arrayBuffers":212473}},"os":{"loadavg":[0,0,0],"uptime":267186.906},"trace":[{"column":18,"file":"C:\\Users\\BTA\\Desktop\\PJ\\THDELIVERY\\backend\\src\\modules\\product\\producvt.service.ts","function":"ProductService.<instance_members_initializer>","line":10,"method":"<instance_members_initializer>","native":false},{"column":8,"file":"C:\\Users\\BTA\\Desktop\\PJ\\THDELIVERY\\backend\\src\\modules\\product\\producvt.service.ts","function":"new ProductService","line":9,"method":null,"native":false},{"column":21,"file":"C:\\Users\\BTA\\Desktop\\PJ\\THDELIVERY\\backend\\src\\modules\\product\\products.controller.ts","function":"ProductController.<instance_members_initializer>","line":7,"method":"<instance_members_initializer>","native":false},{"column":8,"file":"C:\\Users\\BTA\\Desktop\\PJ\\THDELIVERY\\backend\\src\\modules\\product\\products.controller.ts","function":"new ProductController","line":6,"method":null,"native":false},{"column":20,"file":"C:\\Users\\BTA\\Desktop\\PJ\\THDELIVERY\\backend\\src\\modules\\product\\products.route.ts","function":"multer","line":11,"method":null,"native":false},{"column":1,"file":"C:\\Users\\BTA\\Desktop\\PJ\\THDELIVERY\\backend\\src\\modules\\product\\products.route.ts","function":null,"line":39,"method":null,"native":false},{"column":14,"file":"node:internal/modules/cjs/loader","function":"Module._compile","line":1706,"method":"_compile","native":false},{"column":1104,"file":"C:\\Users\\BTA\\Desktop\\PJ\\THDELIVERY\\backend\\node_modules\\tsx\\dist\\register-D46fvsV_.cjs","function":"Object.transformer","line":3,"method":"transformer","native":false},{"column":32,"file":"node:internal/modules/cjs/loader","function":"Module.load","line":1441,"method":"load","native":false},{"column":12,"file":"node:internal/modules/cjs/loader","function":"Function._load","line":1263,"method":"_load","native":false}]}
[2025-12-21T18:18:46.813Z] [31merror[39m: uncaughtException: import_product.productRepository is not a constructor
TypeError: import_product.productRepository is not a constructor
    at ProductService.<instance_members_initializer> (C:\Users\BTA\Desktop\PJ\THDELIVERY\backend\src\modules\product\producvt.service.ts:10:18)
    at new ProductService (C:\Users\BTA\Desktop\PJ\THDELIVERY\backend\src\modules\product\producvt.service.ts:9:8)
    at ProductController.<instance_members_initializer> (C:\Users\BTA\Desktop\PJ\THDELIVERY\backend\src\modules\product\products.controller.ts:7:21)
    at new ProductController (C:\Users\BTA\Desktop\PJ\THDELIVERY\backend\src\modules\product\products.controller.ts:6:8)
    at multer (C:\Users\BTA\Desktop\PJ\THDELIVERY\backend\src\modules\product\products.route.ts:11:20)
    at Object.<anonymous> (C:\Users\BTA\Desktop\PJ\THDELIVERY\backend\src\modules\product\products.route.ts:39:1)
    at Module._compile (node:internal/modules/cjs/loader:1706:14)
    at Object.transformer (C:\Users\BTA\Desktop\PJ\THDELIVERY\backend\node_modules\tsx\dist\register-D46fvsV_.cjs:3:1104)
    at Module.load (node:internal/modules/cjs/loader:1441:32)
    at Function._load (node:internal/modules/cjs/loader:1263:12)
TypeError: import_product.productRepository is not a constructor
    at ProductService.<instance_members_initializer> (C:\Users\BTA\Desktop\PJ\THDELIVERY\backend\src\modules\product\producvt.service.ts:10:18)
    at new ProductService (C:\Users\BTA\Desktop\PJ\THDELIVERY\backend\src\modules\product\producvt.service.ts:9:8)
    at ProductController.<instance_members_initializer> (C:\Users\BTA\Desktop\PJ\THDELIVERY\backend\src\modules\product\products.controller.ts:7:21)
    at new ProductController (C:\Users\BTA\Desktop\PJ\THDELIVERY\backend\src\modules\product\products.controller.ts:6:8)
    at multer (C:\Users\BTA\Desktop\PJ\THDELIVERY\backend\src\modules\product\products.route.ts:11:20)
    at Object.<anonymous> (C:\Users\BTA\Desktop\PJ\THDELIVERY\backend\src\modules\product\products.route.ts:39:1)
    at Module._compile (node:internal/modules/cjs/loader:1706:14)
    at Object.transformer (C:\Users\BTA\Desktop\PJ\THDELIVERY\backend\node_modules\tsx\dist\register-D46fvsV_.cjs:3:1104)
    at Module.load (node:internal/modules/cjs/loader:1441:32)
    at Function._load (node:internal/modules/cjs/loader:1263:12){"error":{},"exception":true,"date":"Sun Dec 21 2025 15:18:46 GMT-0300 (Brasilia Standard Time)","process":{"pid":14964,"uid":null,"gid":null,"cwd":"C:\\Users\\BTA\\Desktop\\PJ\\THDELIVERY\\backend","execPath":"C:\\Program Files\\nodejs\\node.exe","version":"v22.20.0","argv":["C:\\Program Files\\nodejs\\node.exe","C:\\Users\\BTA\\Desktop\\PJ\\THDELIVERY\\backend\\src\\server.ts"],"memoryUsage":{"rss":123351040,"heapTotal":41508864,"heapUsed":26374552,"external":5030186,"arrayBuffers":220873}},"os":{"loadavg":[0,0,0],"uptime":267222.562},"trace":[{"column":18,"file":"C:\\Users\\BTA\\Desktop\\PJ\\THDELIVERY\\backend\\src\\modules\\product\\producvt.service.ts","function":"ProductService.<instance_members_initializer>","line":10,"method":"<instance_members_initializer>","native":false},{"column":8,"file":"C:\\Users\\BTA\\Desktop\\PJ\\THDELIVERY\\backend\\src\\modules\\product\\producvt.service.ts","function":"new ProductService","line":9,"method":null,"native":false},{"column":21,"file":"C:\\Users\\BTA\\Desktop\\PJ\\THDELIVERY\\backend\\src\\modules\\product\\products.controller.ts","function":"ProductController.<instance_members_initializer>","line":7,"method":"<instance_members_initializer>","native":false},{"column":8,"file":"C:\\Users\\BTA\\Desktop\\PJ\\THDELIVERY\\backend\\src\\modules\\product\\products.controller.ts","function":"new ProductController","line":6,"method":null,"native":false},{"column":20,"file":"C:\\Users\\BTA\\Desktop\\PJ\\THDELIVERY\\backend\\src\\modules\\product\\products.route.ts","function":"multer","line":11,"method":null,"native":false},{"column":1,"file":"C:\\Users\\BTA\\Desktop\\PJ\\THDELIVERY\\backend\\src\\modules\\product\\products.route.ts","function":null,"line":39,"method":null,"native":false},{"column":14,"file":"node:internal/modules/cjs/loader","function":"Module._compile","line":1706,"method":"_compile","native":false},{"column":1104,"file":"C:\\Users\\BTA\\Desktop\\PJ\\THDELIVERY\\backend\\node_modules\\tsx\\dist\\register-D46fvsV_.cjs","function":"Object.transformer","line":3,"method":"transformer","native":false},{"column":32,"file":"node:internal/modules/cjs/loader","function":"Module.load","line":1441,"method":"load","native":false},{"column":12,"file":"node:internal/modules/cjs/loader","function":"Function._load","line":1263,"method":"_load","native":false}]}
[2025-12-21T18:21:15.258Z] [31merror[39m: uncaughtException: import_product.productRepository is not a constructor
TypeError: import_product.productRepository is not a constructor
    at ProductService.<instance_members_initializer> (C:\Users\BTA\Desktop\PJ\THDELIVERY\backend\src\modules\product\producvt.service.ts:10:18)
    at new ProductService (C:\Users\BTA\Desktop\PJ\THDELIVERY\backend\src\modules\product\producvt.service.ts:9:8)
    at ProductController.<instance_members_initializer> (C:\Users\BTA\Desktop\PJ\THDELIVERY\backend\src\modules\product\products.controller.ts:7:21)
    at new ProductController (C:\Users\BTA\Desktop\PJ\THDELIVERY\backend\src\modules\product\products.controller.ts:6:8)
    at multer (C:\Users\BTA\Desktop\PJ\THDELIVERY\backend\src\modules\product\products.route.ts:11:20)
    at Object.<anonymous> (C:\Users\BTA\Desktop\PJ\THDELIVERY\backend\src\modules\product\products.route.ts:39:1)
    at Module._compile (node:internal/modules/cjs/loader:1706:14)
    at Object.transformer (C:\Users\BTA\Desktop\PJ\THDELIVERY\backend\node_modules\tsx\dist\register-D46fvsV_.cjs:3:1104)
    at Module.load (node:internal/modules/cjs/loader:1441:32)
    at Function._load (node:internal/modules/cjs/loader:1263:12)
TypeError: import_product.productRepository is not a constructor
    at ProductService.<instance_members_initializer> (C:\Users\BTA\Desktop\PJ\THDELIVERY\backend\src\modules\product\producvt.service.ts:10:18)
    at new ProductService (C:\Users\BTA\Desktop\PJ\THDELIVERY\backend\src\modules\product\producvt.service.ts:9:8)
    at ProductController.<instance_members_initializer> (C:\Users\BTA\Desktop\PJ\THDELIVERY\backend\src\modules\product\products.controller.ts:7:21)
    at new ProductController (C:\Users\BTA\Desktop\PJ\THDELIVERY\backend\src\modules\product\products.controller.ts:6:8)
    at multer (C:\Users\BTA\Desktop\PJ\THDELIVERY\backend\src\modules\product\products.route.ts:11:20)
    at Object.<anonymous> (C:\Users\BTA\Desktop\PJ\THDELIVERY\backend\src\modules\product\products.route.ts:39:1)
    at Module._compile (node:internal/modules/cjs/loader:1706:14)
    at Object.transformer (C:\Users\BTA\Desktop\PJ\THDELIVERY\backend\node_modules\tsx\dist\register-D46fvsV_.cjs:3:1104)
    at Module.load (node:internal/modules/cjs/loader:1441:32)
    at Function._load (node:internal/modules/cjs/loader:1263:12){"error":{},"exception":true,"date":"Sun Dec 21 2025 15:21:15 GMT-0300 (Brasilia Standard Time)","process":{"pid":6736,"uid":null,"gid":null,"cwd":"C:\\Users\\BTA\\Desktop\\PJ\\THDELIVERY\\backend","execPath":"C:\\Program Files\\nodejs\\node.exe","version":"v22.20.0","argv":["C:\\Program Files\\nodejs\\node.exe","C:\\Users\\BTA\\Desktop\\PJ\\THDELIVERY\\backend\\src\\server.ts"],"memoryUsage":{"rss":98820096,"heapTotal":39936000,"heapUsed":26754664,"external":5200230,"arrayBuffers":256931}},"os":{"loadavg":[0,0,0],"uptime":267371},"trace":[{"column":18,"file":"C:\\Users\\BTA\\Desktop\\PJ\\THDELIVERY\\backend\\src\\modules\\product\\producvt.service.ts","function":"ProductService.<instance_members_initializer>","line":10,"method":"<instance_members_initializer>","native":false},{"column":8,"file":"C:\\Users\\BTA\\Desktop\\PJ\\THDELIVERY\\backend\\src\\modules\\product\\producvt.service.ts","function":"new ProductService","line":9,"method":null,"native":false},{"column":21,"file":"C:\\Users\\BTA\\Desktop\\PJ\\THDELIVERY\\backend\\src\\modules\\product\\products.controller.ts","function":"ProductController.<instance_members_initializer>","line":7,"method":"<instance_members_initializer>","native":false},{"column":8,"file":"C:\\Users\\BTA\\Desktop\\PJ\\THDELIVERY\\backend\\src\\modules\\product\\products.controller.ts","function":"new ProductController","line":6,"method":null,"native":false},{"column":20,"file":"C:\\Users\\BTA\\Desktop\\PJ\\THDELIVERY\\backend\\src\\modules\\product\\products.route.ts","function":"multer","line":11,"method":null,"native":false},{"column":1,"file":"C:\\Users\\BTA\\Desktop\\PJ\\THDELIVERY\\backend\\src\\modules\\product\\products.route.ts","function":null,"line":39,"method":null,"native":false},{"column":14,"file":"node:internal/modules/cjs/loader","function":"Module._compile","line":1706,"method":"_compile","native":false},{"column":1104,"file":"C:\\Users\\BTA\\Desktop\\PJ\\THDELIVERY\\backend\\node_modules\\tsx\\dist\\register-D46fvsV_.cjs","function":"Object.transformer","line":3,"method":"transformer","native":false},{"column":32,"file":"node:internal/modules/cjs/loader","function":"Module.load","line":1441,"method":"load","native":false},{"column":12,"file":"node:internal/modules/cjs/loader","function":"Function._load","line":1263,"method":"_load","native":false}]}
[2025-12-21T18:22:10.265Z] [31merror[39m: uncaughtException: import_product.productRepository is not a constructor
TypeError: import_product.productRepository is not a constructor
    at ProductService.<instance_members_initializer> (C:\Users\BTA\Desktop\PJ\THDELIVERY\backend\src\modules\product\producvt.service.ts:10:18)
    at new ProductService (C:\Users\BTA\Desktop\PJ\THDELIVERY\backend\src\modules\product\producvt.service.ts:9:8)
    at ProductController.<instance_members_initializer> (C:\Users\BTA\Desktop\PJ\THDELIVERY\backend\src\modules\product\products.controller.ts:7:21)
    at new ProductController (C:\Users\BTA\Desktop\PJ\THDELIVERY\backend\src\modules\product\products.controller.ts:6:8)
    at multer (C:\Users\BTA\Desktop\PJ\THDELIVERY\backend\src\modules\product\products.route.ts:11:20)
    at Object.<anonymous> (C:\Users\BTA\Desktop\PJ\THDELIVERY\backend\src\modules\product\products.route.ts:39:1)
    at Module._compile (node:internal/modules/cjs/loader:1706:14)
    at Object.transformer (C:\Users\BTA\Desktop\PJ\THDELIVERY\backend\node_modules\tsx\dist\register-D46fvsV_.cjs:3:1104)
    at Module.load (node:internal/modules/cjs/loader:1441:32)
    at Function._load (node:internal/modules/cjs/loader:1263:12)
TypeError: import_product.productRepository is not a constructor
    at ProductService.<instance_members_initializer> (C:\Users\BTA\Desktop\PJ\THDELIVERY\backend\src\modules\product\producvt.service.ts:10:18)
    at new ProductService (C:\Users\BTA\Desktop\PJ\THDELIVERY\backend\src\modules\product\producvt.service.ts:9:8)
    at ProductController.<instance_members_initializer> (C:\Users\BTA\Desktop\PJ\THDELIVERY\backend\src\modules\product\products.controller.ts:7:21)
    at new ProductController (C:\Users\BTA\Desktop\PJ\THDELIVERY\backend\src\modules\product\products.controller.ts:6:8)
    at multer (C:\Users\BTA\Desktop\PJ\THDELIVERY\backend\src\modules\product\products.route.ts:11:20)
    at Object.<anonymous> (C:\Users\BTA\Desktop\PJ\THDELIVERY\backend\src\modules\product\products.route.ts:39:1)
    at Module._compile (node:internal/modules/cjs/loader:1706:14)
    at Object.transformer (C:\Users\BTA\Desktop\PJ\THDELIVERY\backend\node_modules\tsx\dist\register-D46fvsV_.cjs:3:1104)
    at Module.load (node:internal/modules/cjs/loader:1441:32)
    at Function._load (node:internal/modules/cjs/loader:1263:12){"error":{},"exception":true,"date":"Sun Dec 21 2025 15:22:10 GMT-0300 (Brasilia Standard Time)","process":{"pid":12268,"uid":null,"gid":null,"cwd":"C:\\Users\\BTA\\Desktop\\PJ\\THDELIVERY\\backend","execPath":"C:\\Program Files\\nodejs\\node.exe","version":"v22.20.0","argv":["C:\\Program Files\\nodejs\\node.exe","C:\\Users\\BTA\\Desktop\\PJ\\THDELIVERY\\backend\\src\\server.ts"],"memoryUsage":{"rss":94556160,"heapTotal":39936000,"heapUsed":26751288,"external":5200230,"arrayBuffers":256931}},"os":{"loadavg":[0,0,0],"uptime":267426.015},"trace":[{"column":18,"file":"C:\\Users\\BTA\\Desktop\\PJ\\THDELIVERY\\backend\\src\\modules\\product\\producvt.service.ts","function":"ProductService.<instance_members_initializer>","line":10,"method":"<instance_members_initializer>","native":false},{"column":8,"file":"C:\\Users\\BTA\\Desktop\\PJ\\THDELIVERY\\backend\\src\\modules\\product\\producvt.service.ts","function":"new ProductService","line":9,"method":null,"native":false},{"column":21,"file":"C:\\Users\\BTA\\Desktop\\PJ\\THDELIVERY\\backend\\src\\modules\\product\\products.controller.ts","function":"ProductController.<instance_members_initializer>","line":7,"method":"<instance_members_initializer>","native":false},{"column":8,"file":"C:\\Users\\BTA\\Desktop\\PJ\\THDELIVERY\\backend\\src\\modules\\product\\products.controller.ts","function":"new ProductController","line":6,"method":null,"native":false},{"column":20,"file":"C:\\Users\\BTA\\Desktop\\PJ\\THDELIVERY\\backend\\src\\modules\\product\\products.route.ts","function":"multer","line":11,"method":null,"native":false},{"column":1,"file":"C:\\Users\\BTA\\Desktop\\PJ\\THDELIVERY\\backend\\src\\modules\\product\\products.route.ts","function":null,"line":39,"method":null,"native":false},{"column":14,"file":"node:internal/modules/cjs/loader","function":"Module._compile","line":1706,"method":"_compile","native":false},{"column":1104,"file":"C:\\Users\\BTA\\Desktop\\PJ\\THDELIVERY\\backend\\node_modules\\tsx\\dist\\register-D46fvsV_.cjs","function":"Object.transformer","line":3,"method":"transformer","native":false},{"column":32,"file":"node:internal/modules/cjs/loader","function":"Module.load","line":1441,"method":"load","native":false},{"column":12,"file":"node:internal/modules/cjs/loader","function":"Function._load","line":1263,"method":"_load","native":false}]}
[2025-12-21T18:22:56.679Z] [31merror[39m: uncaughtException: import_product.productRepository is not a constructor
TypeError: import_product.productRepository is not a constructor
    at ProductService.<instance_members_initializer> (C:\Users\BTA\Desktop\PJ\THDELIVERY\backend\src\modules\product\producvt.service.ts:10:18)
    at new ProductService (C:\Users\BTA\Desktop\PJ\THDELIVERY\backend\src\modules\product\producvt.service.ts:9:8)
    at ProductController.<instance_members_initializer> (C:\Users\BTA\Desktop\PJ\THDELIVERY\backend\src\modules\product\products.controller.ts:7:21)
    at new ProductController (C:\Users\BTA\Desktop\PJ\THDELIVERY\backend\src\modules\product\products.controller.ts:6:8)
    at multer (C:\Users\BTA\Desktop\PJ\THDELIVERY\backend\src\modules\product\products.route.ts:11:20)
    at Object.<anonymous> (C:\Users\BTA\Desktop\PJ\THDELIVERY\backend\src\modules\product\products.route.ts:39:1)
    at Module._compile (node:internal/modules/cjs/loader:1706:14)
    at Object.transformer (C:\Users\BTA\Desktop\PJ\THDELIVERY\backend\node_modules\tsx\dist\register-D46fvsV_.cjs:3:1104)
    at Module.load (node:internal/modules/cjs/loader:1441:32)
    at Function._load (node:internal/modules/cjs/loader:1263:12)
TypeError: import_product.productRepository is not a constructor
    at ProductService.<instance_members_initializer> (C:\Users\BTA\Desktop\PJ\THDELIVERY\backend\src\modules\product\producvt.service.ts:10:18)
    at new ProductService (C:\Users\BTA\Desktop\PJ\THDELIVERY\backend\src\modules\product\producvt.service.ts:9:8)
    at ProductController.<instance_members_initializer> (C:\Users\BTA\Desktop\PJ\THDELIVERY\backend\src\modules\product\products.controller.ts:7:21)
    at new ProductController (C:\Users\BTA\Desktop\PJ\THDELIVERY\backend\src\modules\product\products.controller.ts:6:8)
    at multer (C:\Users\BTA\Desktop\PJ\THDELIVERY\backend\src\modules\product\products.route.ts:11:20)
    at Object.<anonymous> (C:\Users\BTA\Desktop\PJ\THDELIVERY\backend\src\modules\product\products.route.ts:39:1)
    at Module._compile (node:internal/modules/cjs/loader:1706:14)
    at Object.transformer (C:\Users\BTA\Desktop\PJ\THDELIVERY\backend\node_modules\tsx\dist\register-D46fvsV_.cjs:3:1104)
    at Module.load (node:internal/modules/cjs/loader:1441:32)
    at Function._load (node:internal/modules/cjs/loader:1263:12){"error":{},"exception":true,"date":"Sun Dec 21 2025 15:22:56 GMT-0300 (Brasilia Standard Time)","process":{"pid":15296,"uid":null,"gid":null,"cwd":"C:\\Users\\BTA\\Desktop\\PJ\\THDELIVERY\\backend","execPath":"C:\\Program Files\\nodejs\\node.exe","version":"v22.20.0","argv":["C:\\Program Files\\nodejs\\node.exe","C:\\Users\\BTA\\Desktop\\PJ\\THDELIVERY\\backend\\src\\server.ts"],"memoryUsage":{"rss":97341440,"heapTotal":41246720,"heapUsed":26147536,"external":5021795,"arrayBuffers":212473}},"os":{"loadavg":[0,0,0],"uptime":267472.421},"trace":[{"column":18,"file":"C:\\Users\\BTA\\Desktop\\PJ\\THDELIVERY\\backend\\src\\modules\\product\\producvt.service.ts","function":"ProductService.<instance_members_initializer>","line":10,"method":"<instance_members_initializer>","native":false},{"column":8,"file":"C:\\Users\\BTA\\Desktop\\PJ\\THDELIVERY\\backend\\src\\modules\\product\\producvt.service.ts","function":"new ProductService","line":9,"method":null,"native":false},{"column":21,"file":"C:\\Users\\BTA\\Desktop\\PJ\\THDELIVERY\\backend\\src\\modules\\product\\products.controller.ts","function":"ProductController.<instance_members_initializer>","line":7,"method":"<instance_members_initializer>","native":false},{"column":8,"file":"C:\\Users\\BTA\\Desktop\\PJ\\THDELIVERY\\backend\\src\\modules\\product\\products.controller.ts","function":"new ProductController","line":6,"method":null,"native":false},{"column":20,"file":"C:\\Users\\BTA\\Desktop\\PJ\\THDELIVERY\\backend\\src\\modules\\product\\products.route.ts","function":"multer","line":11,"method":null,"native":false},{"column":1,"file":"C:\\Users\\BTA\\Desktop\\PJ\\THDELIVERY\\backend\\src\\modules\\product\\products.route.ts","function":null,"line":39,"method":null,"native":false},{"column":14,"file":"node:internal/modules/cjs/loader","function":"Module._compile","line":1706,"method":"_compile","native":false},{"column":1104,"file":"C:\\Users\\BTA\\Desktop\\PJ\\THDELIVERY\\backend\\node_modules\\tsx\\dist\\register-D46fvsV_.cjs","function":"Object.transformer","line":3,"method":"transformer","native":false},{"column":32,"file":"node:internal/modules/cjs/loader","function":"Module.load","line":1441,"method":"load","native":false},{"column":12,"file":"node:internal/modules/cjs/loader","function":"Function._load","line":1263,"method":"_load","native":false}]}
[2025-12-21T18:23:34.699Z] [31merror[39m: uncaughtException: import_product.productRepository is not a constructor
TypeError: import_product.productRepository is not a constructor
    at ProductService.<instance_members_initializer> (C:\Users\BTA\Desktop\PJ\THDELIVERY\backend\src\modules\product\producvt.service.ts:10:18)
    at new ProductService (C:\Users\BTA\Desktop\PJ\THDELIVERY\backend\src\modules\product\producvt.service.ts:9:8)
    at ProductController.<instance_members_initializer> (C:\Users\BTA\Desktop\PJ\THDELIVERY\backend\src\modules\product\products.controller.ts:7:21)
    at new ProductController (C:\Users\BTA\Desktop\PJ\THDELIVERY\backend\src\modules\product\products.controller.ts:6:8)
    at multer (C:\Users\BTA\Desktop\PJ\THDELIVERY\backend\src\modules\product\products.route.ts:11:20)
    at Object.<anonymous> (C:\Users\BTA\Desktop\PJ\THDELIVERY\backend\src\modules\product\products.route.ts:39:1)
    at Module._compile (node:internal/modules/cjs/loader:1706:14)
    at Object.transformer (C:\Users\BTA\Desktop\PJ\THDELIVERY\backend\node_modules\tsx\dist\register-D46fvsV_.cjs:3:1104)
    at Module.load (node:internal/modules/cjs/loader:1441:32)
    at Function._load (node:internal/modules/cjs/loader:1263:12)
TypeError: import_product.productRepository is not a constructor
    at ProductService.<instance_members_initializer> (C:\Users\BTA\Desktop\PJ\THDELIVERY\backend\src\modules\product\producvt.service.ts:10:18)
    at new ProductService (C:\Users\BTA\Desktop\PJ\THDELIVERY\backend\src\modules\product\producvt.service.ts:9:8)
    at ProductController.<instance_members_initializer> (C:\Users\BTA\Desktop\PJ\THDELIVERY\backend\src\modules\product\products.controller.ts:7:21)
    at new ProductController (C:\Users\BTA\Desktop\PJ\THDELIVERY\backend\src\modules\product\products.controller.ts:6:8)
    at multer (C:\Users\BTA\Desktop\PJ\THDELIVERY\backend\src\modules\product\products.route.ts:11:20)
    at Object.<anonymous> (C:\Users\BTA\Desktop\PJ\THDELIVERY\backend\src\modules\product\products.route.ts:39:1)
    at Module._compile (node:internal/modules/cjs/loader:1706:14)
    at Object.transformer (C:\Users\BTA\Desktop\PJ\THDELIVERY\backend\node_modules\tsx\dist\register-D46fvsV_.cjs:3:1104)
    at Module.load (node:internal/modules/cjs/loader:1441:32)
    at Function._load (node:internal/modules/cjs/loader:1263:12){"error":{},"exception":true,"date":"Sun Dec 21 2025 15:23:34 GMT-0300 (Brasilia Standard Time)","process":{"pid":13212,"uid":null,"gid":null,"cwd":"C:\\Users\\BTA\\Desktop\\PJ\\THDELIVERY\\backend","execPath":"C:\\Program Files\\nodejs\\node.exe","version":"v22.20.0","argv":["C:\\Program Files\\nodejs\\node.exe","C:\\Users\\BTA\\Desktop\\PJ\\THDELIVERY\\backend\\src\\server.ts"],"memoryUsage":{"rss":97628160,"heapTotal":40984576,"heapUsed":25941736,"external":5021795,"arrayBuffers":212473}},"os":{"loadavg":[0,0,0],"uptime":267510.453},"trace":[{"column":18,"file":"C:\\Users\\BTA\\Desktop\\PJ\\THDELIVERY\\backend\\src\\modules\\product\\producvt.service.ts","function":"ProductService.<instance_members_initializer>","line":10,"method":"<instance_members_initializer>","native":false},{"column":8,"file":"C:\\Users\\BTA\\Desktop\\PJ\\THDELIVERY\\backend\\src\\modules\\product\\producvt.service.ts","function":"new ProductService","line":9,"method":null,"native":false},{"column":21,"file":"C:\\Users\\BTA\\Desktop\\PJ\\THDELIVERY\\backend\\src\\modules\\product\\products.controller.ts","function":"ProductController.<instance_members_initializer>","line":7,"method":"<instance_members_initializer>","native":false},{"column":8,"file":"C:\\Users\\BTA\\Desktop\\PJ\\THDELIVERY\\backend\\src\\modules\\product\\products.controller.ts","function":"new ProductController","line":6,"method":null,"native":false},{"column":20,"file":"C:\\Users\\BTA\\Desktop\\PJ\\THDELIVERY\\backend\\src\\modules\\product\\products.route.ts","function":"multer","line":11,"method":null,"native":false},{"column":1,"file":"C:\\Users\\BTA\\Desktop\\PJ\\THDELIVERY\\backend\\src\\modules\\product\\products.route.ts","function":null,"line":39,"method":null,"native":false},{"column":14,"file":"node:internal/modules/cjs/loader","function":"Module._compile","line":1706,"method":"_compile","native":false},{"column":1104,"file":"C:\\Users\\BTA\\Desktop\\PJ\\THDELIVERY\\backend\\node_modules\\tsx\\dist\\register-D46fvsV_.cjs","function":"Object.transformer","line":3,"method":"transformer","native":false},{"column":32,"file":"node:internal/modules/cjs/loader","function":"Module.load","line":1441,"method":"load","native":false},{"column":12,"file":"node:internal/modules/cjs/loader","function":"Function._load","line":1263,"method":"_load","native":false}]}
[2025-12-21T18:25:42.396Z] [31merror[39m: uncaughtException: import_product.productRepository is not a constructor
TypeError: import_product.productRepository is not a constructor
    at ProductService.<instance_members_initializer> (C:\Users\BTA\Desktop\PJ\THDELIVERY\backend\src\modules\product\producvt.service.ts:10:18)
    at new ProductService (C:\Users\BTA\Desktop\PJ\THDELIVERY\backend\src\modules\product\producvt.service.ts:9:8)
    at ProductController.<instance_members_initializer> (C:\Users\BTA\Desktop\PJ\THDELIVERY\backend\src\modules\product\products.controller.ts:7:21)
    at new ProductController (C:\Users\BTA\Desktop\PJ\THDELIVERY\backend\src\modules\product\products.controller.ts:6:8)
    at multer (C:\Users\BTA\Desktop\PJ\THDELIVERY\backend\src\modules\product\products.route.ts:11:20)
    at Object.<anonymous> (C:\Users\BTA\Desktop\PJ\THDELIVERY\backend\src\modules\product\products.route.ts:39:1)
    at Module._compile (node:internal/modules/cjs/loader:1706:14)
    at Object.transformer (C:\Users\BTA\Desktop\PJ\THDELIVERY\backend\node_modules\tsx\dist\register-D46fvsV_.cjs:3:1104)
    at Module.load (node:internal/modules/cjs/loader:1441:32)
    at Function._load (node:internal/modules/cjs/loader:1263:12)
TypeError: import_product.productRepository is not a constructor
    at ProductService.<instance_members_initializer> (C:\Users\BTA\Desktop\PJ\THDELIVERY\backend\src\modules\product\producvt.service.ts:10:18)
    at new ProductService (C:\Users\BTA\Desktop\PJ\THDELIVERY\backend\src\modules\product\producvt.service.ts:9:8)
    at ProductController.<instance_members_initializer> (C:\Users\BTA\Desktop\PJ\THDELIVERY\backend\src\modules\product\products.controller.ts:7:21)
    at new ProductController (C:\Users\BTA\Desktop\PJ\THDELIVERY\backend\src\modules\product\products.controller.ts:6:8)
    at multer (C:\Users\BTA\Desktop\PJ\THDELIVERY\backend\src\modules\product\products.route.ts:11:20)
    at Object.<anonymous> (C:\Users\BTA\Desktop\PJ\THDELIVERY\backend\src\modules\product\products.route.ts:39:1)
    at Module._compile (node:internal/modules/cjs/loader:1706:14)
    at Object.transformer (C:\Users\BTA\Desktop\PJ\THDELIVERY\backend\node_modules\tsx\dist\register-D46fvsV_.cjs:3:1104)
    at Module.load (node:internal/modules/cjs/loader:1441:32)
    at Function._load (node:internal/modules/cjs/loader:1263:12){"error":{},"exception":true,"date":"Sun Dec 21 2025 15:25:42 GMT-0300 (Brasilia Standard Time)","process":{"pid":17412,"uid":null,"gid":null,"cwd":"C:\\Users\\BTA\\Desktop\\PJ\\THDELIVERY\\backend","execPath":"C:\\Program Files\\nodejs\\node.exe","version":"v22.20.0","argv":["C:\\Program Files\\nodejs\\node.exe","C:\\Users\\BTA\\Desktop\\PJ\\THDELIVERY\\backend\\src\\server.ts"],"memoryUsage":{"rss":105656320,"heapTotal":39936000,"heapUsed":26850920,"external":5200430,"arrayBuffers":257139}},"os":{"loadavg":[0,0,0],"uptime":267638.14},"trace":[{"column":18,"file":"C:\\Users\\BTA\\Desktop\\PJ\\THDELIVERY\\backend\\src\\modules\\product\\producvt.service.ts","function":"ProductService.<instance_members_initializer>","line":10,"method":"<instance_members_initializer>","native":false},{"column":8,"file":"C:\\Users\\BTA\\Desktop\\PJ\\THDELIVERY\\backend\\src\\modules\\product\\producvt.service.ts","function":"new ProductService","line":9,"method":null,"native":false},{"column":21,"file":"C:\\Users\\BTA\\Desktop\\PJ\\THDELIVERY\\backend\\src\\modules\\product\\products.controller.ts","function":"ProductController.<instance_members_initializer>","line":7,"method":"<instance_members_initializer>","native":false},{"column":8,"file":"C:\\Users\\BTA\\Desktop\\PJ\\THDELIVERY\\backend\\src\\modules\\product\\products.controller.ts","function":"new ProductController","line":6,"method":null,"native":false},{"column":20,"file":"C:\\Users\\BTA\\Desktop\\PJ\\THDELIVERY\\backend\\src\\modules\\product\\products.route.ts","function":"multer","line":11,"method":null,"native":false},{"column":1,"file":"C:\\Users\\BTA\\Desktop\\PJ\\THDELIVERY\\backend\\src\\modules\\product\\products.route.ts","function":null,"line":39,"method":null,"native":false},{"column":14,"file":"node:internal/modules/cjs/loader","function":"Module._compile","line":1706,"method":"_compile","native":false},{"column":1104,"file":"C:\\Users\\BTA\\Desktop\\PJ\\THDELIVERY\\backend\\node_modules\\tsx\\dist\\register-D46fvsV_.cjs","function":"Object.transformer","line":3,"method":"transformer","native":false},{"column":32,"file":"node:internal/modules/cjs/loader","function":"Module.load","line":1441,"method":"load","native":false},{"column":12,"file":"node:internal/modules/cjs/loader","function":"Function._load","line":1263,"method":"_load","native":false}]}
[2025-12-21T18:25:51.087Z] [31merror[39m: uncaughtException: import_product.productRepository is not a constructor
TypeError: import_product.productRepository is not a constructor
    at ProductService.<instance_members_initializer> (C:\Users\BTA\Desktop\PJ\THDELIVERY\backend\src\modules\product\producvt.service.ts:10:18)
    at new ProductService (C:\Users\BTA\Desktop\PJ\THDELIVERY\backend\src\modules\product\producvt.service.ts:9:8)
    at ProductController.<instance_members_initializer> (C:\Users\BTA\Desktop\PJ\THDELIVERY\backend\src\modules\product\products.controller.ts:7:21)
    at new ProductController (C:\Users\BTA\Desktop\PJ\THDELIVERY\backend\src\modules\product\products.controller.ts:6:8)
    at multer (C:\Users\BTA\Desktop\PJ\THDELIVERY\backend\src\modules\product\products.route.ts:11:20)
    at Object.<anonymous> (C:\Users\BTA\Desktop\PJ\THDELIVERY\backend\src\modules\product\products.route.ts:39:1)
    at Module._compile (node:internal/modules/cjs/loader:1706:14)
    at Object.transformer (C:\Users\BTA\Desktop\PJ\THDELIVERY\backend\node_modules\tsx\dist\register-D46fvsV_.cjs:3:1104)
    at Module.load (node:internal/modules/cjs/loader:1441:32)
    at Function._load (node:internal/modules/cjs/loader:1263:12)
TypeError: import_product.productRepository is not a constructor
    at ProductService.<instance_members_initializer> (C:\Users\BTA\Desktop\PJ\THDELIVERY\backend\src\modules\product\producvt.service.ts:10:18)
    at new ProductService (C:\Users\BTA\Desktop\PJ\THDELIVERY\backend\src\modules\product\producvt.service.ts:9:8)
    at ProductController.<instance_members_initializer> (C:\Users\BTA\Desktop\PJ\THDELIVERY\backend\src\modules\product\products.controller.ts:7:21)
    at new ProductController (C:\Users\BTA\Desktop\PJ\THDELIVERY\backend\src\modules\product\products.controller.ts:6:8)
    at multer (C:\Users\BTA\Desktop\PJ\THDELIVERY\backend\src\modules\product\products.route.ts:11:20)
    at Object.<anonymous> (C:\Users\BTA\Desktop\PJ\THDELIVERY\backend\src\modules\product\products.route.ts:39:1)
    at Module._compile (node:internal/modules/cjs/loader:1706:14)
    at Object.transformer (C:\Users\BTA\Desktop\PJ\THDELIVERY\backend\node_modules\tsx\dist\register-D46fvsV_.cjs:3:1104)
    at Module.load (node:internal/modules/cjs/loader:1441:32)
    at Function._load (node:internal/modules/cjs/loader:1263:12){"error":{},"exception":true,"date":"Sun Dec 21 2025 15:25:51 GMT-0300 (Brasilia Standard Time)","process":{"pid":14776,"uid":null,"gid":null,"cwd":"C:\\Users\\BTA\\Desktop\\PJ\\THDELIVERY\\backend","execPath":"C:\\Program Files\\nodejs\\node.exe","version":"v22.20.0","argv":["C:\\Program Files\\nodejs\\node.exe","C:\\Users\\BTA\\Desktop\\PJ\\THDELIVERY\\backend\\src\\server.ts"],"memoryUsage":{"rss":97058816,"heapTotal":39673856,"heapUsed":26722688,"external":5200230,"arrayBuffers":256931}},"os":{"loadavg":[0,0,0],"uptime":267646.828},"trace":[{"column":18,"file":"C:\\Users\\BTA\\Desktop\\PJ\\THDELIVERY\\backend\\src\\modules\\product\\producvt.service.ts","function":"ProductService.<instance_members_initializer>","line":10,"method":"<instance_members_initializer>","native":false},{"column":8,"file":"C:\\Users\\BTA\\Desktop\\PJ\\THDELIVERY\\backend\\src\\modules\\product\\producvt.service.ts","function":"new ProductService","line":9,"method":null,"native":false},{"column":21,"file":"C:\\Users\\BTA\\Desktop\\PJ\\THDELIVERY\\backend\\src\\modules\\product\\products.controller.ts","function":"ProductController.<instance_members_initializer>","line":7,"method":"<instance_members_initializer>","native":false},{"column":8,"file":"C:\\Users\\BTA\\Desktop\\PJ\\THDELIVERY\\backend\\src\\modules\\product\\products.controller.ts","function":"new ProductController","line":6,"method":null,"native":false},{"column":20,"file":"C:\\Users\\BTA\\Desktop\\PJ\\THDELIVERY\\backend\\src\\modules\\product\\products.route.ts","function":"multer","line":11,"method":null,"native":false},{"column":1,"file":"C:\\Users\\BTA\\Desktop\\PJ\\THDELIVERY\\backend\\src\\modules\\product\\products.route.ts","function":null,"line":39,"method":null,"native":false},{"column":14,"file":"node:internal/modules/cjs/loader","function":"Module._compile","line":1706,"method":"_compile","native":false},{"column":1104,"file":"C:\\Users\\BTA\\Desktop\\PJ\\THDELIVERY\\backend\\node_modules\\tsx\\dist\\register-D46fvsV_.cjs","function":"Object.transformer","line":3,"method":"transformer","native":false},{"column":32,"file":"node:internal/modules/cjs/loader","function":"Module.load","line":1441,"method":"load","native":false},{"column":12,"file":"node:internal/modules/cjs/loader","function":"Function._load","line":1263,"method":"_load","native":false}]}
[2025-12-21T18:26:13.674Z] [31merror[39m: uncaughtException: import_product.productRepository is not a constructor
TypeError: import_product.productRepository is not a constructor
    at ProductService.<instance_members_initializer> (C:\Users\BTA\Desktop\PJ\THDELIVERY\backend\src\modules\product\producvt.service.ts:10:18)
    at new ProductService (C:\Users\BTA\Desktop\PJ\THDELIVERY\backend\src\modules\product\producvt.service.ts:9:8)
    at ProductController.<instance_members_initializer> (C:\Users\BTA\Desktop\PJ\THDELIVERY\backend\src\modules\product\products.controller.ts:7:21)
    at new ProductController (C:\Users\BTA\Desktop\PJ\THDELIVERY\backend\src\modules\product\products.controller.ts:6:8)
    at multer (C:\Users\BTA\Desktop\PJ\THDELIVERY\backend\src\modules\product\products.route.ts:11:20)
    at Object.<anonymous> (C:\Users\BTA\Desktop\PJ\THDELIVERY\backend\src\modules\product\products.route.ts:39:1)
    at Module._compile (node:internal/modules/cjs/loader:1706:14)
    at Object.transformer (C:\Users\BTA\Desktop\PJ\THDELIVERY\backend\node_modules\tsx\dist\register-D46fvsV_.cjs:3:1104)
    at Module.load (node:internal/modules/cjs/loader:1441:32)
    at Function._load (node:internal/modules/cjs/loader:1263:12)
TypeError: import_product.productRepository is not a constructor
    at ProductService.<instance_members_initializer> (C:\Users\BTA\Desktop\PJ\THDELIVERY\backend\src\modules\product\producvt.service.ts:10:18)
    at new ProductService (C:\Users\BTA\Desktop\PJ\THDELIVERY\backend\src\modules\product\producvt.service.ts:9:8)
    at ProductController.<instance_members_initializer> (C:\Users\BTA\Desktop\PJ\THDELIVERY\backend\src\modules\product\products.controller.ts:7:21)
    at new ProductController (C:\Users\BTA\Desktop\PJ\THDELIVERY\backend\src\modules\product\products.controller.ts:6:8)
    at multer (C:\Users\BTA\Desktop\PJ\THDELIVERY\backend\src\modules\product\products.route.ts:11:20)
    at Object.<anonymous> (C:\Users\BTA\Desktop\PJ\THDELIVERY\backend\src\modules\product\products.route.ts:39:1)
    at Module._compile (node:internal/modules/cjs/loader:1706:14)
    at Object.transformer (C:\Users\BTA\Desktop\PJ\THDELIVERY\backend\node_modules\tsx\dist\register-D46fvsV_.cjs:3:1104)
    at Module.load (node:internal/modules/cjs/loader:1441:32)
    at Function._load (node:internal/modules/cjs/loader:1263:12){"error":{},"exception":true,"date":"Sun Dec 21 2025 15:26:13 GMT-0300 (Brasilia Standard Time)","process":{"pid":11104,"uid":null,"gid":null,"cwd":"C:\\Users\\BTA\\Desktop\\PJ\\THDELIVERY\\backend","execPath":"C:\\Program Files\\nodejs\\node.exe","version":"v22.20.0","argv":["C:\\Program Files\\nodejs\\node.exe","C:\\Users\\BTA\\Desktop\\PJ\\THDELIVERY\\backend\\src\\server.ts"],"memoryUsage":{"rss":94912512,"heapTotal":40177664,"heapUsed":27847648,"external":5200230,"arrayBuffers":256931}},"os":{"loadavg":[0,0,0],"uptime":267669.421},"trace":[{"column":18,"file":"C:\\Users\\BTA\\Desktop\\PJ\\THDELIVERY\\backend\\src\\modules\\product\\producvt.service.ts","function":"ProductService.<instance_members_initializer>","line":10,"method":"<instance_members_initializer>","native":false},{"column":8,"file":"C:\\Users\\BTA\\Desktop\\PJ\\THDELIVERY\\backend\\src\\modules\\product\\producvt.service.ts","function":"new ProductService","line":9,"method":null,"native":false},{"column":21,"file":"C:\\Users\\BTA\\Desktop\\PJ\\THDELIVERY\\backend\\src\\modules\\product\\products.controller.ts","function":"ProductController.<instance_members_initializer>","line":7,"method":"<instance_members_initializer>","native":false},{"column":8,"file":"C:\\Users\\BTA\\Desktop\\PJ\\THDELIVERY\\backend\\src\\modules\\product\\products.controller.ts","function":"new ProductController","line":6,"method":null,"native":false},{"column":20,"file":"C:\\Users\\BTA\\Desktop\\PJ\\THDELIVERY\\backend\\src\\modules\\product\\products.route.ts","function":"multer","line":11,"method":null,"native":false},{"column":1,"file":"C:\\Users\\BTA\\Desktop\\PJ\\THDELIVERY\\backend\\src\\modules\\product\\products.route.ts","function":null,"line":39,"method":null,"native":false},{"column":14,"file":"node:internal/modules/cjs/loader","function":"Module._compile","line":1706,"method":"_compile","native":false},{"column":1104,"file":"C:\\Users\\BTA\\Desktop\\PJ\\THDELIVERY\\backend\\node_modules\\tsx\\dist\\register-D46fvsV_.cjs","function":"Object.transformer","line":3,"method":"transformer","native":false},{"column":32,"file":"node:internal/modules/cjs/loader","function":"Module.load","line":1441,"method":"load","native":false},{"column":12,"file":"node:internal/modules/cjs/loader","function":"Function._load","line":1263,"method":"_load","native":false}]}
[2025-12-21T18:26:19.524Z] [31merror[39m: uncaughtException: import_product.productRepository is not a constructor
TypeError: import_product.productRepository is not a constructor
    at ProductService.<instance_members_initializer> (C:\Users\BTA\Desktop\PJ\THDELIVERY\backend\src\modules\product\producvt.service.ts:10:18)
    at new ProductService (C:\Users\BTA\Desktop\PJ\THDELIVERY\backend\src\modules\product\producvt.service.ts:9:8)
    at ProductController.<instance_members_initializer> (C:\Users\BTA\Desktop\PJ\THDELIVERY\backend\src\modules\product\products.controller.ts:7:21)
    at new ProductController (C:\Users\BTA\Desktop\PJ\THDELIVERY\backend\src\modules\product\products.controller.ts:6:8)
    at multer (C:\Users\BTA\Desktop\PJ\THDELIVERY\backend\src\modules\product\products.route.ts:11:20)
    at Object.<anonymous> (C:\Users\BTA\Desktop\PJ\THDELIVERY\backend\src\modules\product\products.route.ts:39:1)
    at Module._compile (node:internal/modules/cjs/loader:1706:14)
    at Object.transformer (C:\Users\BTA\Desktop\PJ\THDELIVERY\backend\node_modules\tsx\dist\register-D46fvsV_.cjs:3:1104)
    at Module.load (node:internal/modules/cjs/loader:1441:32)
    at Function._load (node:internal/modules/cjs/loader:1263:12)
TypeError: import_product.productRepository is not a constructor
    at ProductService.<instance_members_initializer> (C:\Users\BTA\Desktop\PJ\THDELIVERY\backend\src\modules\product\producvt.service.ts:10:18)
    at new ProductService (C:\Users\BTA\Desktop\PJ\THDELIVERY\backend\src\modules\product\producvt.service.ts:9:8)
    at ProductController.<instance_members_initializer> (C:\Users\BTA\Desktop\PJ\THDELIVERY\backend\src\modules\product\products.controller.ts:7:21)
    at new ProductController (C:\Users\BTA\Desktop\PJ\THDELIVERY\backend\src\modules\product\products.controller.ts:6:8)
    at multer (C:\Users\BTA\Desktop\PJ\THDELIVERY\backend\src\modules\product\products.route.ts:11:20)
    at Object.<anonymous> (C:\Users\BTA\Desktop\PJ\THDELIVERY\backend\src\modules\product\products.route.ts:39:1)
    at Module._compile (node:internal/modules/cjs/loader:1706:14)
    at Object.transformer (C:\Users\BTA\Desktop\PJ\THDELIVERY\backend\node_modules\tsx\dist\register-D46fvsV_.cjs:3:1104)
    at Module.load (node:internal/modules/cjs/loader:1441:32)
    at Function._load (node:internal/modules/cjs/loader:1263:12){"error":{},"exception":true,"date":"Sun Dec 21 2025 15:26:19 GMT-0300 (Brasilia Standard Time)","process":{"pid":1496,"uid":null,"gid":null,"cwd":"C:\\Users\\BTA\\Desktop\\PJ\\THDELIVERY\\backend","execPath":"C:\\Program Files\\nodejs\\node.exe","version":"v22.20.0","argv":["C:\\Program Files\\nodejs\\node.exe","C:\\Users\\BTA\\Desktop\\PJ\\THDELIVERY\\backend\\src\\server.ts"],"memoryUsage":{"rss":97517568,"heapTotal":39936000,"heapUsed":26730248,"external":5200230,"arrayBuffers":256931}},"os":{"loadavg":[0,0,0],"uptime":267675.265},"trace":[{"column":18,"file":"C:\\Users\\BTA\\Desktop\\PJ\\THDELIVERY\\backend\\src\\modules\\product\\producvt.service.ts","function":"ProductService.<instance_members_initializer>","line":10,"method":"<instance_members_initializer>","native":false},{"column":8,"file":"C:\\Users\\BTA\\Desktop\\PJ\\THDELIVERY\\backend\\src\\modules\\product\\producvt.service.ts","function":"new ProductService","line":9,"method":null,"native":false},{"column":21,"file":"C:\\Users\\BTA\\Desktop\\PJ\\THDELIVERY\\backend\\src\\modules\\product\\products.controller.ts","function":"ProductController.<instance_members_initializer>","line":7,"method":"<instance_members_initializer>","native":false},{"column":8,"file":"C:\\Users\\BTA\\Desktop\\PJ\\THDELIVERY\\backend\\src\\modules\\product\\products.controller.ts","function":"new ProductController","line":6,"method":null,"native":false},{"column":20,"file":"C:\\Users\\BTA\\Desktop\\PJ\\THDELIVERY\\backend\\src\\modules\\product\\products.route.ts","function":"multer","line":11,"method":null,"native":false},{"column":1,"file":"C:\\Users\\BTA\\Desktop\\PJ\\THDELIVERY\\backend\\src\\modules\\product\\products.route.ts","function":null,"line":39,"method":null,"native":false},{"column":14,"file":"node:internal/modules/cjs/loader","function":"Module._compile","line":1706,"method":"_compile","native":false},{"column":1104,"file":"C:\\Users\\BTA\\Desktop\\PJ\\THDELIVERY\\backend\\node_modules\\tsx\\dist\\register-D46fvsV_.cjs","function":"Object.transformer","line":3,"method":"transformer","native":false},{"column":32,"file":"node:internal/modules/cjs/loader","function":"Module.load","line":1441,"method":"load","native":false},{"column":12,"file":"node:internal/modules/cjs/loader","function":"Function._load","line":1263,"method":"_load","native":false}]}
[2025-12-21T18:28:10.626Z] [31merror[39m: uncaughtException: import_product.productRepository is not a constructor
TypeError: import_product.productRepository is not a constructor
    at ProductService.<instance_members_initializer> (C:\Users\BTA\Desktop\PJ\THDELIVERY\backend\src\modules\product\producvt.service.ts:10:18)
    at new ProductService (C:\Users\BTA\Desktop\PJ\THDELIVERY\backend\src\modules\product\producvt.service.ts:9:8)
    at ProductController.<instance_members_initializer> (C:\Users\BTA\Desktop\PJ\THDELIVERY\backend\src\modules\product\products.controller.ts:7:21)
    at new ProductController (C:\Users\BTA\Desktop\PJ\THDELIVERY\backend\src\modules\product\products.controller.ts:6:8)
    at multer (C:\Users\BTA\Desktop\PJ\THDELIVERY\backend\src\modules\product\products.route.ts:11:20)
    at Object.<anonymous> (C:\Users\BTA\Desktop\PJ\THDELIVERY\backend\src\modules\product\products.route.ts:39:1)
    at Module._compile (node:internal/modules/cjs/loader:1706:14)
    at Object.transformer (C:\Users\BTA\Desktop\PJ\THDELIVERY\backend\node_modules\tsx\dist\register-D46fvsV_.cjs:3:1104)
    at Module.load (node:internal/modules/cjs/loader:1441:32)
    at Function._load (node:internal/modules/cjs/loader:1263:12)
TypeError: import_product.productRepository is not a constructor
    at ProductService.<instance_members_initializer> (C:\Users\BTA\Desktop\PJ\THDELIVERY\backend\src\modules\product\producvt.service.ts:10:18)
    at new ProductService (C:\Users\BTA\Desktop\PJ\THDELIVERY\backend\src\modules\product\producvt.service.ts:9:8)
    at ProductController.<instance_members_initializer> (C:\Users\BTA\Desktop\PJ\THDELIVERY\backend\src\modules\product\products.controller.ts:7:21)
    at new ProductController (C:\Users\BTA\Desktop\PJ\THDELIVERY\backend\src\modules\product\products.controller.ts:6:8)
    at multer (C:\Users\BTA\Desktop\PJ\THDELIVERY\backend\src\modules\product\products.route.ts:11:20)
    at Object.<anonymous> (C:\Users\BTA\Desktop\PJ\THDELIVERY\backend\src\modules\product\products.route.ts:39:1)
    at Module._compile (node:internal/modules/cjs/loader:1706:14)
    at Object.transformer (C:\Users\BTA\Desktop\PJ\THDELIVERY\backend\node_modules\tsx\dist\register-D46fvsV_.cjs:3:1104)
    at Module.load (node:internal/modules/cjs/loader:1441:32)
    at Function._load (node:internal/modules/cjs/loader:1263:12){"error":{},"exception":true,"date":"Sun Dec 21 2025 15:28:10 GMT-0300 (Brasilia Standard Time)","process":{"pid":17140,"uid":null,"gid":null,"cwd":"C:\\Users\\BTA\\Desktop\\PJ\\THDELIVERY\\backend","execPath":"C:\\Program Files\\nodejs\\node.exe","version":"v22.20.0","argv":["C:\\Program Files\\nodejs\\node.exe","C:\\Users\\BTA\\Desktop\\PJ\\THDELIVERY\\backend\\src\\server.ts"],"memoryUsage":{"rss":97644544,"heapTotal":40177664,"heapUsed":27829072,"external":5200230,"arrayBuffers":256931}},"os":{"loadavg":[0,0,0],"uptime":267786.375},"trace":[{"column":18,"file":"C:\\Users\\BTA\\Desktop\\PJ\\THDELIVERY\\backend\\src\\modules\\product\\producvt.service.ts","function":"ProductService.<instance_members_initializer>","line":10,"method":"<instance_members_initializer>","native":false},{"column":8,"file":"C:\\Users\\BTA\\Desktop\\PJ\\THDELIVERY\\backend\\src\\modules\\product\\producvt.service.ts","function":"new ProductService","line":9,"method":null,"native":false},{"column":21,"file":"C:\\Users\\BTA\\Desktop\\PJ\\THDELIVERY\\backend\\src\\modules\\product\\products.controller.ts","function":"ProductController.<instance_members_initializer>","line":7,"method":"<instance_members_initializer>","native":false},{"column":8,"file":"C:\\Users\\BTA\\Desktop\\PJ\\THDELIVERY\\backend\\src\\modules\\product\\products.controller.ts","function":"new ProductController","line":6,"method":null,"native":false},{"column":20,"file":"C:\\Users\\BTA\\Desktop\\PJ\\THDELIVERY\\backend\\src\\modules\\product\\products.route.ts","function":"multer","line":11,"method":null,"native":false},{"column":1,"file":"C:\\Users\\BTA\\Desktop\\PJ\\THDELIVERY\\backend\\src\\modules\\product\\products.route.ts","function":null,"line":39,"method":null,"native":false},{"column":14,"file":"node:internal/modules/cjs/loader","function":"Module._compile","line":1706,"method":"_compile","native":false},{"column":1104,"file":"C:\\Users\\BTA\\Desktop\\PJ\\THDELIVERY\\backend\\node_modules\\tsx\\dist\\register-D46fvsV_.cjs","function":"Object.transformer","line":3,"method":"transformer","native":false},{"column":32,"file":"node:internal/modules/cjs/loader","function":"Module.load","line":1441,"method":"load","native":false},{"column":12,"file":"node:internal/modules/cjs/loader","function":"Function._load","line":1263,"method":"_load","native":false}]}
[2025-12-21T18:28:20.153Z] [31merror[39m: uncaughtException: import_product.productRepository is not a constructor
TypeError: import_product.productRepository is not a constructor
    at ProductService.<instance_members_initializer> (C:\Users\BTA\Desktop\PJ\THDELIVERY\backend\src\modules\product\producvt.service.ts:10:18)
    at new ProductService (C:\Users\BTA\Desktop\PJ\THDELIVERY\backend\src\modules\product\producvt.service.ts:9:8)
    at ProductController.<instance_members_initializer> (C:\Users\BTA\Desktop\PJ\THDELIVERY\backend\src\modules\product\products.controller.ts:7:21)
    at new ProductController (C:\Users\BTA\Desktop\PJ\THDELIVERY\backend\src\modules\product\products.controller.ts:6:8)
    at multer (C:\Users\BTA\Desktop\PJ\THDELIVERY\backend\src\modules\product\products.route.ts:11:20)
    at Object.<anonymous> (C:\Users\BTA\Desktop\PJ\THDELIVERY\backend\src\modules\product\products.route.ts:39:1)
    at Module._compile (node:internal/modules/cjs/loader:1706:14)
    at Object.transformer (C:\Users\BTA\Desktop\PJ\THDELIVERY\backend\node_modules\tsx\dist\register-D46fvsV_.cjs:3:1104)
    at Module.load (node:internal/modules/cjs/loader:1441:32)
    at Function._load (node:internal/modules/cjs/loader:1263:12)
TypeError: import_product.productRepository is not a constructor
    at ProductService.<instance_members_initializer> (C:\Users\BTA\Desktop\PJ\THDELIVERY\backend\src\modules\product\producvt.service.ts:10:18)
    at new ProductService (C:\Users\BTA\Desktop\PJ\THDELIVERY\backend\src\modules\product\producvt.service.ts:9:8)
    at ProductController.<instance_members_initializer> (C:\Users\BTA\Desktop\PJ\THDELIVERY\backend\src\modules\product\products.controller.ts:7:21)
    at new ProductController (C:\Users\BTA\Desktop\PJ\THDELIVERY\backend\src\modules\product\products.controller.ts:6:8)
    at multer (C:\Users\BTA\Desktop\PJ\THDELIVERY\backend\src\modules\product\products.route.ts:11:20)
    at Object.<anonymous> (C:\Users\BTA\Desktop\PJ\THDELIVERY\backend\src\modules\product\products.route.ts:39:1)
    at Module._compile (node:internal/modules/cjs/loader:1706:14)
    at Object.transformer (C:\Users\BTA\Desktop\PJ\THDELIVERY\backend\node_modules\tsx\dist\register-D46fvsV_.cjs:3:1104)
    at Module.load (node:internal/modules/cjs/loader:1441:32)
    at Function._load (node:internal/modules/cjs/loader:1263:12){"error":{},"exception":true,"date":"Sun Dec 21 2025 15:28:20 GMT-0300 (Brasilia Standard Time)","process":{"pid":1160,"uid":null,"gid":null,"cwd":"C:\\Users\\BTA\\Desktop\\PJ\\THDELIVERY\\backend","execPath":"C:\\Program Files\\nodejs\\node.exe","version":"v22.20.0","argv":["C:\\Program Files\\nodejs\\node.exe","C:\\Users\\BTA\\Desktop\\PJ\\THDELIVERY\\backend\\src\\server.ts"],"memoryUsage":{"rss":97525760,"heapTotal":39673856,"heapUsed":26716736,"external":5200230,"arrayBuffers":256931}},"os":{"loadavg":[0,0,0],"uptime":267795.906},"trace":[{"column":18,"file":"C:\\Users\\BTA\\Desktop\\PJ\\THDELIVERY\\backend\\src\\modules\\product\\producvt.service.ts","function":"ProductService.<instance_members_initializer>","line":10,"method":"<instance_members_initializer>","native":false},{"column":8,"file":"C:\\Users\\BTA\\Desktop\\PJ\\THDELIVERY\\backend\\src\\modules\\product\\producvt.service.ts","function":"new ProductService","line":9,"method":null,"native":false},{"column":21,"file":"C:\\Users\\BTA\\Desktop\\PJ\\THDELIVERY\\backend\\src\\modules\\product\\products.controller.ts","function":"ProductController.<instance_members_initializer>","line":7,"method":"<instance_members_initializer>","native":false},{"column":8,"file":"C:\\Users\\BTA\\Desktop\\PJ\\THDELIVERY\\backend\\src\\modules\\product\\products.controller.ts","function":"new ProductController","line":6,"method":null,"native":false},{"column":20,"file":"C:\\Users\\BTA\\Desktop\\PJ\\THDELIVERY\\backend\\src\\modules\\product\\products.route.ts","function":"multer","line":11,"method":null,"native":false},{"column":1,"file":"C:\\Users\\BTA\\Desktop\\PJ\\THDELIVERY\\backend\\src\\modules\\product\\products.route.ts","function":null,"line":39,"method":null,"native":false},{"column":14,"file":"node:internal/modules/cjs/loader","function":"Module._compile","line":1706,"method":"_compile","native":false},{"column":1104,"file":"C:\\Users\\BTA\\Desktop\\PJ\\THDELIVERY\\backend\\node_modules\\tsx\\dist\\register-D46fvsV_.cjs","function":"Object.transformer","line":3,"method":"transformer","native":false},{"column":32,"file":"node:internal/modules/cjs/loader","function":"Module.load","line":1441,"method":"load","native":false},{"column":12,"file":"node:internal/modules/cjs/loader","function":"Function._load","line":1263,"method":"_load","native":false}]}
[2025-12-21T18:28:29.806Z] [31merror[39m: uncaughtException: import_product.productRepository is not a constructor
TypeError: import_product.productRepository is not a constructor
    at ProductService.<instance_members_initializer> (C:\Users\BTA\Desktop\PJ\THDELIVERY\backend\src\modules\product\producvt.service.ts:10:18)
    at new ProductService (C:\Users\BTA\Desktop\PJ\THDELIVERY\backend\src\modules\product\producvt.service.ts:9:8)
    at ProductController.<instance_members_initializer> (C:\Users\BTA\Desktop\PJ\THDELIVERY\backend\src\modules\product\products.controller.ts:7:21)
    at new ProductController (C:\Users\BTA\Desktop\PJ\THDELIVERY\backend\src\modules\product\products.controller.ts:6:8)
    at multer (C:\Users\BTA\Desktop\PJ\THDELIVERY\backend\src\modules\product\products.route.ts:11:20)
    at Object.<anonymous> (C:\Users\BTA\Desktop\PJ\THDELIVERY\backend\src\modules\product\products.route.ts:39:1)
    at Module._compile (node:internal/modules/cjs/loader:1706:14)
    at Object.transformer (C:\Users\BTA\Desktop\PJ\THDELIVERY\backend\node_modules\tsx\dist\register-D46fvsV_.cjs:3:1104)
    at Module.load (node:internal/modules/cjs/loader:1441:32)
    at Function._load (node:internal/modules/cjs/loader:1263:12)
TypeError: import_product.productRepository is not a constructor
    at ProductService.<instance_members_initializer> (C:\Users\BTA\Desktop\PJ\THDELIVERY\backend\src\modules\product\producvt.service.ts:10:18)
    at new ProductService (C:\Users\BTA\Desktop\PJ\THDELIVERY\backend\src\modules\product\producvt.service.ts:9:8)
    at ProductController.<instance_members_initializer> (C:\Users\BTA\Desktop\PJ\THDELIVERY\backend\src\modules\product\products.controller.ts:7:21)
    at new ProductController (C:\Users\BTA\Desktop\PJ\THDELIVERY\backend\src\modules\product\products.controller.ts:6:8)
    at multer (C:\Users\BTA\Desktop\PJ\THDELIVERY\backend\src\modules\product\products.route.ts:11:20)
    at Object.<anonymous> (C:\Users\BTA\Desktop\PJ\THDELIVERY\backend\src\modules\product\products.route.ts:39:1)
    at Module._compile (node:internal/modules/cjs/loader:1706:14)
    at Object.transformer (C:\Users\BTA\Desktop\PJ\THDELIVERY\backend\node_modules\tsx\dist\register-D46fvsV_.cjs:3:1104)
    at Module.load (node:internal/modules/cjs/loader:1441:32)
    at Function._load (node:internal/modules/cjs/loader:1263:12){"error":{},"exception":true,"date":"Sun Dec 21 2025 15:28:29 GMT-0300 (Brasilia Standard Time)","process":{"pid":16236,"uid":null,"gid":null,"cwd":"C:\\Users\\BTA\\Desktop\\PJ\\THDELIVERY\\backend","execPath":"C:\\Program Files\\nodejs\\node.exe","version":"v22.20.0","argv":["C:\\Program Files\\nodejs\\node.exe","C:\\Users\\BTA\\Desktop\\PJ\\THDELIVERY\\backend\\src\\server.ts"],"memoryUsage":{"rss":95186944,"heapTotal":40177664,"heapUsed":27829048,"external":5200230,"arrayBuffers":256931}},"os":{"loadavg":[0,0,0],"uptime":267805.546},"trace":[{"column":18,"file":"C:\\Users\\BTA\\Desktop\\PJ\\THDELIVERY\\backend\\src\\modules\\product\\producvt.service.ts","function":"ProductService.<instance_members_initializer>","line":10,"method":"<instance_members_initializer>","native":false},{"column":8,"file":"C:\\Users\\BTA\\Desktop\\PJ\\THDELIVERY\\backend\\src\\modules\\product\\producvt.service.ts","function":"new ProductService","line":9,"method":null,"native":false},{"column":21,"file":"C:\\Users\\BTA\\Desktop\\PJ\\THDELIVERY\\backend\\src\\modules\\product\\products.controller.ts","function":"ProductController.<instance_members_initializer>","line":7,"method":"<instance_members_initializer>","native":false},{"column":8,"file":"C:\\Users\\BTA\\Desktop\\PJ\\THDELIVERY\\backend\\src\\modules\\product\\products.controller.ts","function":"new ProductController","line":6,"method":null,"native":false},{"column":20,"file":"C:\\Users\\BTA\\Desktop\\PJ\\THDELIVERY\\backend\\src\\modules\\product\\products.route.ts","function":"multer","line":11,"method":null,"native":false},{"column":1,"file":"C:\\Users\\BTA\\Desktop\\PJ\\THDELIVERY\\backend\\src\\modules\\product\\products.route.ts","function":null,"line":39,"method":null,"native":false},{"column":14,"file":"node:internal/modules/cjs/loader","function":"Module._compile","line":1706,"method":"_compile","native":false},{"column":1104,"file":"C:\\Users\\BTA\\Desktop\\PJ\\THDELIVERY\\backend\\node_modules\\tsx\\dist\\register-D46fvsV_.cjs","function":"Object.transformer","line":3,"method":"transformer","native":false},{"column":32,"file":"node:internal/modules/cjs/loader","function":"Module.load","line":1441,"method":"load","native":false},{"column":12,"file":"node:internal/modules/cjs/loader","function":"Function._load","line":1263,"method":"_load","native":false}]}
[2025-12-21T18:28:33.464Z] [31merror[39m: uncaughtException: import_product.productRepository is not a constructor
TypeError: import_product.productRepository is not a constructor
    at ProductService.<instance_members_initializer> (C:\Users\BTA\Desktop\PJ\THDELIVERY\backend\src\modules\product\producvt.service.ts:10:18)
    at new ProductService (C:\Users\BTA\Desktop\PJ\THDELIVERY\backend\src\modules\product\producvt.service.ts:9:8)
    at ProductController.<instance_members_initializer> (C:\Users\BTA\Desktop\PJ\THDELIVERY\backend\src\modules\product\products.controller.ts:7:21)
    at new ProductController (C:\Users\BTA\Desktop\PJ\THDELIVERY\backend\src\modules\product\products.controller.ts:6:8)
    at multer (C:\Users\BTA\Desktop\PJ\THDELIVERY\backend\src\modules\product\products.route.ts:11:20)
    at Object.<anonymous> (C:\Users\BTA\Desktop\PJ\THDELIVERY\backend\src\modules\product\products.route.ts:39:1)
    at Module._compile (node:internal/modules/cjs/loader:1706:14)
    at Object.transformer (C:\Users\BTA\Desktop\PJ\THDELIVERY\backend\node_modules\tsx\dist\register-D46fvsV_.cjs:3:1104)
    at Module.load (node:internal/modules/cjs/loader:1441:32)
    at Function._load (node:internal/modules/cjs/loader:1263:12)
TypeError: import_product.productRepository is not a constructor
    at ProductService.<instance_members_initializer> (C:\Users\BTA\Desktop\PJ\THDELIVERY\backend\src\modules\product\producvt.service.ts:10:18)
    at new ProductService (C:\Users\BTA\Desktop\PJ\THDELIVERY\backend\src\modules\product\producvt.service.ts:9:8)
    at ProductController.<instance_members_initializer> (C:\Users\BTA\Desktop\PJ\THDELIVERY\backend\src\modules\product\products.controller.ts:7:21)
    at new ProductController (C:\Users\BTA\Desktop\PJ\THDELIVERY\backend\src\modules\product\products.controller.ts:6:8)
    at multer (C:\Users\BTA\Desktop\PJ\THDELIVERY\backend\src\modules\product\products.route.ts:11:20)
    at Object.<anonymous> (C:\Users\BTA\Desktop\PJ\THDELIVERY\backend\src\modules\product\products.route.ts:39:1)
    at Module._compile (node:internal/modules/cjs/loader:1706:14)
    at Object.transformer (C:\Users\BTA\Desktop\PJ\THDELIVERY\backend\node_modules\tsx\dist\register-D46fvsV_.cjs:3:1104)
    at Module.load (node:internal/modules/cjs/loader:1441:32)
    at Function._load (node:internal/modules/cjs/loader:1263:12){"error":{},"exception":true,"date":"Sun Dec 21 2025 15:28:33 GMT-0300 (Brasilia Standard Time)","process":{"pid":18568,"uid":null,"gid":null,"cwd":"C:\\Users\\BTA\\Desktop\\PJ\\THDELIVERY\\backend","execPath":"C:\\Program Files\\nodejs\\node.exe","version":"v22.20.0","argv":["C:\\Program Files\\nodejs\\node.exe","C:\\Users\\BTA\\Desktop\\PJ\\THDELIVERY\\backend\\src\\server.ts"],"memoryUsage":{"rss":97525760,"heapTotal":40177664,"heapUsed":27669696,"external":5200230,"arrayBuffers":256931}},"os":{"loadavg":[0,0,0],"uptime":267809.218},"trace":[{"column":18,"file":"C:\\Users\\BTA\\Desktop\\PJ\\THDELIVERY\\backend\\src\\modules\\product\\producvt.service.ts","function":"ProductService.<instance_members_initializer>","line":10,"method":"<instance_members_initializer>","native":false},{"column":8,"file":"C:\\Users\\BTA\\Desktop\\PJ\\THDELIVERY\\backend\\src\\modules\\product\\producvt.service.ts","function":"new ProductService","line":9,"method":null,"native":false},{"column":21,"file":"C:\\Users\\BTA\\Desktop\\PJ\\THDELIVERY\\backend\\src\\modules\\product\\products.controller.ts","function":"ProductController.<instance_members_initializer>","line":7,"method":"<instance_members_initializer>","native":false},{"column":8,"file":"C:\\Users\\BTA\\Desktop\\PJ\\THDELIVERY\\backend\\src\\modules\\product\\products.controller.ts","function":"new ProductController","line":6,"method":null,"native":false},{"column":20,"file":"C:\\Users\\BTA\\Desktop\\PJ\\THDELIVERY\\backend\\src\\modules\\product\\products.route.ts","function":"multer","line":11,"method":null,"native":false},{"column":1,"file":"C:\\Users\\BTA\\Desktop\\PJ\\THDELIVERY\\backend\\src\\modules\\product\\products.route.ts","function":null,"line":39,"method":null,"native":false},{"column":14,"file":"node:internal/modules/cjs/loader","function":"Module._compile","line":1706,"method":"_compile","native":false},{"column":1104,"file":"C:\\Users\\BTA\\Desktop\\PJ\\THDELIVERY\\backend\\node_modules\\tsx\\dist\\register-D46fvsV_.cjs","function":"Object.transformer","line":3,"method":"transformer","native":false},{"column":32,"file":"node:internal/modules/cjs/loader","function":"Module.load","line":1441,"method":"load","native":false},{"column":12,"file":"node:internal/modules/cjs/loader","function":"Function._load","line":1263,"method":"_load","native":false}]}
[2025-12-21T18:28:53.133Z] [31merror[39m: uncaughtException: import_product.productRepository is not a constructor
TypeError: import_product.productRepository is not a constructor
    at ProductService.<instance_members_initializer> (C:\Users\BTA\Desktop\PJ\THDELIVERY\backend\src\modules\product\producvt.service.ts:10:18)
    at new ProductService (C:\Users\BTA\Desktop\PJ\THDELIVERY\backend\src\modules\product\producvt.service.ts:9:8)
    at ProductController.<instance_members_initializer> (C:\Users\BTA\Desktop\PJ\THDELIVERY\backend\src\modules\product\products.controller.ts:7:21)
    at new ProductController (C:\Users\BTA\Desktop\PJ\THDELIVERY\backend\src\modules\product\products.controller.ts:6:8)
    at multer (C:\Users\BTA\Desktop\PJ\THDELIVERY\backend\src\modules\product\products.route.ts:11:20)
    at Object.<anonymous> (C:\Users\BTA\Desktop\PJ\THDELIVERY\backend\src\modules\product\products.route.ts:39:1)
    at Module._compile (node:internal/modules/cjs/loader:1706:14)
    at Object.transformer (C:\Users\BTA\Desktop\PJ\THDELIVERY\backend\node_modules\tsx\dist\register-D46fvsV_.cjs:3:1104)
    at Module.load (node:internal/modules/cjs/loader:1441:32)
    at Function._load (node:internal/modules/cjs/loader:1263:12)
TypeError: import_product.productRepository is not a constructor
    at ProductService.<instance_members_initializer> (C:\Users\BTA\Desktop\PJ\THDELIVERY\backend\src\modules\product\producvt.service.ts:10:18)
    at new ProductService (C:\Users\BTA\Desktop\PJ\THDELIVERY\backend\src\modules\product\producvt.service.ts:9:8)
    at ProductController.<instance_members_initializer> (C:\Users\BTA\Desktop\PJ\THDELIVERY\backend\src\modules\product\products.controller.ts:7:21)
    at new ProductController (C:\Users\BTA\Desktop\PJ\THDELIVERY\backend\src\modules\product\products.controller.ts:6:8)
    at multer (C:\Users\BTA\Desktop\PJ\THDELIVERY\backend\src\modules\product\products.route.ts:11:20)
    at Object.<anonymous> (C:\Users\BTA\Desktop\PJ\THDELIVERY\backend\src\modules\product\products.route.ts:39:1)
    at Module._compile (node:internal/modules/cjs/loader:1706:14)
    at Object.transformer (C:\Users\BTA\Desktop\PJ\THDELIVERY\backend\node_modules\tsx\dist\register-D46fvsV_.cjs:3:1104)
    at Module.load (node:internal/modules/cjs/loader:1441:32)
    at Function._load (node:internal/modules/cjs/loader:1263:12){"error":{},"exception":true,"date":"Sun Dec 21 2025 15:28:53 GMT-0300 (Brasilia Standard Time)","process":{"pid":6456,"uid":null,"gid":null,"cwd":"C:\\Users\\BTA\\Desktop\\PJ\\THDELIVERY\\backend","execPath":"C:\\Program Files\\nodejs\\node.exe","version":"v22.20.0","argv":["C:\\Program Files\\nodejs\\node.exe","C:\\Users\\BTA\\Desktop\\PJ\\THDELIVERY\\backend\\src\\server.ts"],"memoryUsage":{"rss":94744576,"heapTotal":39673856,"heapUsed":26567520,"external":5200230,"arrayBuffers":256931}},"os":{"loadavg":[0,0,0],"uptime":267828.875},"trace":[{"column":18,"file":"C:\\Users\\BTA\\Desktop\\PJ\\THDELIVERY\\backend\\src\\modules\\product\\producvt.service.ts","function":"ProductService.<instance_members_initializer>","line":10,"method":"<instance_members_initializer>","native":false},{"column":8,"file":"C:\\Users\\BTA\\Desktop\\PJ\\THDELIVERY\\backend\\src\\modules\\product\\producvt.service.ts","function":"new ProductService","line":9,"method":null,"native":false},{"column":21,"file":"C:\\Users\\BTA\\Desktop\\PJ\\THDELIVERY\\backend\\src\\modules\\product\\products.controller.ts","function":"ProductController.<instance_members_initializer>","line":7,"method":"<instance_members_initializer>","native":false},{"column":8,"file":"C:\\Users\\BTA\\Desktop\\PJ\\THDELIVERY\\backend\\src\\modules\\product\\products.controller.ts","function":"new ProductController","line":6,"method":null,"native":false},{"column":20,"file":"C:\\Users\\BTA\\Desktop\\PJ\\THDELIVERY\\backend\\src\\modules\\product\\products.route.ts","function":"multer","line":11,"method":null,"native":false},{"column":1,"file":"C:\\Users\\BTA\\Desktop\\PJ\\THDELIVERY\\backend\\src\\modules\\product\\products.route.ts","function":null,"line":39,"method":null,"native":false},{"column":14,"file":"node:internal/modules/cjs/loader","function":"Module._compile","line":1706,"method":"_compile","native":false},{"column":1104,"file":"C:\\Users\\BTA\\Desktop\\PJ\\THDELIVERY\\backend\\node_modules\\tsx\\dist\\register-D46fvsV_.cjs","function":"Object.transformer","line":3,"method":"transformer","native":false},{"column":32,"file":"node:internal/modules/cjs/loader","function":"Module.load","line":1441,"method":"load","native":false},{"column":12,"file":"node:internal/modules/cjs/loader","function":"Function._load","line":1263,"method":"_load","native":false}]}
[2025-12-21T18:29:00.886Z] [31merror[39m: uncaughtException: import_product.productRepository is not a constructor
TypeError: import_product.productRepository is not a constructor
    at ProductService.<instance_members_initializer> (C:\Users\BTA\Desktop\PJ\THDELIVERY\backend\src\modules\product\producvt.service.ts:10:18)
    at new ProductService (C:\Users\BTA\Desktop\PJ\THDELIVERY\backend\src\modules\product\producvt.service.ts:9:8)
    at ProductController.<instance_members_initializer> (C:\Users\BTA\Desktop\PJ\THDELIVERY\backend\src\modules\product\products.controller.ts:7:21)
    at new ProductController (C:\Users\BTA\Desktop\PJ\THDELIVERY\backend\src\modules\product\products.controller.ts:6:8)
    at multer (C:\Users\BTA\Desktop\PJ\THDELIVERY\backend\src\modules\product\products.route.ts:11:20)
    at Object.<anonymous> (C:\Users\BTA\Desktop\PJ\THDELIVERY\backend\src\modules\product\products.route.ts:39:1)
    at Module._compile (node:internal/modules/cjs/loader:1706:14)
    at Object.transformer (C:\Users\BTA\Desktop\PJ\THDELIVERY\backend\node_modules\tsx\dist\register-D46fvsV_.cjs:3:1104)
    at Module.load (node:internal/modules/cjs/loader:1441:32)
    at Function._load (node:internal/modules/cjs/loader:1263:12)
TypeError: import_product.productRepository is not a constructor
    at ProductService.<instance_members_initializer> (C:\Users\BTA\Desktop\PJ\THDELIVERY\backend\src\modules\product\producvt.service.ts:10:18)
    at new ProductService (C:\Users\BTA\Desktop\PJ\THDELIVERY\backend\src\modules\product\producvt.service.ts:9:8)
    at ProductController.<instance_members_initializer> (C:\Users\BTA\Desktop\PJ\THDELIVERY\backend\src\modules\product\products.controller.ts:7:21)
    at new ProductController (C:\Users\BTA\Desktop\PJ\THDELIVERY\backend\src\modules\product\products.controller.ts:6:8)
    at multer (C:\Users\BTA\Desktop\PJ\THDELIVERY\backend\src\modules\product\products.route.ts:11:20)
    at Object.<anonymous> (C:\Users\BTA\Desktop\PJ\THDELIVERY\backend\src\modules\product\products.route.ts:39:1)
    at Module._compile (node:internal/modules/cjs/loader:1706:14)
    at Object.transformer (C:\Users\BTA\Desktop\PJ\THDELIVERY\backend\node_modules\tsx\dist\register-D46fvsV_.cjs:3:1104)
    at Module.load (node:internal/modules/cjs/loader:1441:32)
    at Function._load (node:internal/modules/cjs/loader:1263:12){"error":{},"exception":true,"date":"Sun Dec 21 2025 15:29:00 GMT-0300 (Brasilia Standard Time)","process":{"pid":18232,"uid":null,"gid":null,"cwd":"C:\\Users\\BTA\\Desktop\\PJ\\THDELIVERY\\backend","execPath":"C:\\Program Files\\nodejs\\node.exe","version":"v22.20.0","argv":["C:\\Program Files\\nodejs\\node.exe","C:\\Users\\BTA\\Desktop\\PJ\\THDELIVERY\\backend\\src\\server.ts"],"memoryUsage":{"rss":97476608,"heapTotal":39936000,"heapUsed":26722576,"external":5200230,"arrayBuffers":256931}},"os":{"loadavg":[0,0,0],"uptime":267836.64},"trace":[{"column":18,"file":"C:\\Users\\BTA\\Desktop\\PJ\\THDELIVERY\\backend\\src\\modules\\product\\producvt.service.ts","function":"ProductService.<instance_members_initializer>","line":10,"method":"<instance_members_initializer>","native":false},{"column":8,"file":"C:\\Users\\BTA\\Desktop\\PJ\\THDELIVERY\\backend\\src\\modules\\product\\producvt.service.ts","function":"new ProductService","line":9,"method":null,"native":false},{"column":21,"file":"C:\\Users\\BTA\\Desktop\\PJ\\THDELIVERY\\backend\\src\\modules\\product\\products.controller.ts","function":"ProductController.<instance_members_initializer>","line":7,"method":"<instance_members_initializer>","native":false},{"column":8,"file":"C:\\Users\\BTA\\Desktop\\PJ\\THDELIVERY\\backend\\src\\modules\\product\\products.controller.ts","function":"new ProductController","line":6,"method":null,"native":false},{"column":20,"file":"C:\\Users\\BTA\\Desktop\\PJ\\THDELIVERY\\backend\\src\\modules\\product\\products.route.ts","function":"multer","line":11,"method":null,"native":false},{"column":1,"file":"C:\\Users\\BTA\\Desktop\\PJ\\THDELIVERY\\backend\\src\\modules\\product\\products.route.ts","function":null,"line":39,"method":null,"native":false},{"column":14,"file":"node:internal/modules/cjs/loader","function":"Module._compile","line":1706,"method":"_compile","native":false},{"column":1104,"file":"C:\\Users\\BTA\\Desktop\\PJ\\THDELIVERY\\backend\\node_modules\\tsx\\dist\\register-D46fvsV_.cjs","function":"Object.transformer","line":3,"method":"transformer","native":false},{"column":32,"file":"node:internal/modules/cjs/loader","function":"Module.load","line":1441,"method":"load","native":false},{"column":12,"file":"node:internal/modules/cjs/loader","function":"Function._load","line":1263,"method":"_load","native":false}]}
[2025-12-21T18:30:33.829Z] [31merror[39m: uncaughtException: import_product.productRepository is not a constructor
TypeError: import_product.productRepository is not a constructor
    at ProductService.<instance_members_initializer> (C:\Users\BTA\Desktop\PJ\THDELIVERY\backend\src\modules\product\producvt.service.ts:10:18)
    at new ProductService (C:\Users\BTA\Desktop\PJ\THDELIVERY\backend\src\modules\product\producvt.service.ts:9:8)
    at ProductController.<instance_members_initializer> (C:\Users\BTA\Desktop\PJ\THDELIVERY\backend\src\modules\product\products.controller.ts:7:21)
    at new ProductController (C:\Users\BTA\Desktop\PJ\THDELIVERY\backend\src\modules\product\products.controller.ts:6:8)
    at multer (C:\Users\BTA\Desktop\PJ\THDELIVERY\backend\src\modules\product\products.route.ts:11:20)
    at Object.<anonymous> (C:\Users\BTA\Desktop\PJ\THDELIVERY\backend\src\modules\product\products.route.ts:39:1)
    at Module._compile (node:internal/modules/cjs/loader:1706:14)
    at Object.transformer (C:\Users\BTA\Desktop\PJ\THDELIVERY\backend\node_modules\tsx\dist\register-D46fvsV_.cjs:3:1104)
    at Module.load (node:internal/modules/cjs/loader:1441:32)
    at Function._load (node:internal/modules/cjs/loader:1263:12)
TypeError: import_product.productRepository is not a constructor
    at ProductService.<instance_members_initializer> (C:\Users\BTA\Desktop\PJ\THDELIVERY\backend\src\modules\product\producvt.service.ts:10:18)
    at new ProductService (C:\Users\BTA\Desktop\PJ\THDELIVERY\backend\src\modules\product\producvt.service.ts:9:8)
    at ProductController.<instance_members_initializer> (C:\Users\BTA\Desktop\PJ\THDELIVERY\backend\src\modules\product\products.controller.ts:7:21)
    at new ProductController (C:\Users\BTA\Desktop\PJ\THDELIVERY\backend\src\modules\product\products.controller.ts:6:8)
    at multer (C:\Users\BTA\Desktop\PJ\THDELIVERY\backend\src\modules\product\products.route.ts:11:20)
    at Object.<anonymous> (C:\Users\BTA\Desktop\PJ\THDELIVERY\backend\src\modules\product\products.route.ts:39:1)
    at Module._compile (node:internal/modules/cjs/loader:1706:14)
    at Object.transformer (C:\Users\BTA\Desktop\PJ\THDELIVERY\backend\node_modules\tsx\dist\register-D46fvsV_.cjs:3:1104)
    at Module.load (node:internal/modules/cjs/loader:1441:32)
    at Function._load (node:internal/modules/cjs/loader:1263:12){"error":{},"exception":true,"date":"Sun Dec 21 2025 15:30:33 GMT-0300 (Brasilia Standard Time)","process":{"pid":13188,"uid":null,"gid":null,"cwd":"C:\\Users\\BTA\\Desktop\\PJ\\THDELIVERY\\backend","execPath":"C:\\Program Files\\nodejs\\node.exe","version":"v22.20.0","argv":["C:\\Program Files\\nodejs\\node.exe","C:\\Users\\BTA\\Desktop\\PJ\\THDELIVERY\\backend\\src\\server.ts"],"memoryUsage":{"rss":107909120,"heapTotal":39936000,"heapUsed":26867992,"external":5200430,"arrayBuffers":257139}},"os":{"loadavg":[0,0,0],"uptime":267929.578},"trace":[{"column":18,"file":"C:\\Users\\BTA\\Desktop\\PJ\\THDELIVERY\\backend\\src\\modules\\product\\producvt.service.ts","function":"ProductService.<instance_members_initializer>","line":10,"method":"<instance_members_initializer>","native":false},{"column":8,"file":"C:\\Users\\BTA\\Desktop\\PJ\\THDELIVERY\\backend\\src\\modules\\product\\producvt.service.ts","function":"new ProductService","line":9,"method":null,"native":false},{"column":21,"file":"C:\\Users\\BTA\\Desktop\\PJ\\THDELIVERY\\backend\\src\\modules\\product\\products.controller.ts","function":"ProductController.<instance_members_initializer>","line":7,"method":"<instance_members_initializer>","native":false},{"column":8,"file":"C:\\Users\\BTA\\Desktop\\PJ\\THDELIVERY\\backend\\src\\modules\\product\\products.controller.ts","function":"new ProductController","line":6,"method":null,"native":false},{"column":20,"file":"C:\\Users\\BTA\\Desktop\\PJ\\THDELIVERY\\backend\\src\\modules\\product\\products.route.ts","function":"multer","line":11,"method":null,"native":false},{"column":1,"file":"C:\\Users\\BTA\\Desktop\\PJ\\THDELIVERY\\backend\\src\\modules\\product\\products.route.ts","function":null,"line":39,"method":null,"native":false},{"column":14,"file":"node:internal/modules/cjs/loader","function":"Module._compile","line":1706,"method":"_compile","native":false},{"column":1104,"file":"C:\\Users\\BTA\\Desktop\\PJ\\THDELIVERY\\backend\\node_modules\\tsx\\dist\\register-D46fvsV_.cjs","function":"Object.transformer","line":3,"method":"transformer","native":false},{"column":32,"file":"node:internal/modules/cjs/loader","function":"Module.load","line":1441,"method":"load","native":false},{"column":12,"file":"node:internal/modules/cjs/loader","function":"Function._load","line":1263,"method":"_load","native":false}]}
[2025-12-21T18:30:40.057Z] [31merror[39m: uncaughtException: import_product.productRepository is not a constructor
TypeError: import_product.productRepository is not a constructor
    at ProductService.<instance_members_initializer> (C:\Users\BTA\Desktop\PJ\THDELIVERY\backend\src\modules\product\producvt.service.ts:10:18)
    at new ProductService (C:\Users\BTA\Desktop\PJ\THDELIVERY\backend\src\modules\product\producvt.service.ts:9:8)
    at ProductController.<instance_members_initializer> (C:\Users\BTA\Desktop\PJ\THDELIVERY\backend\src\modules\product\products.controller.ts:7:21)
    at new ProductController (C:\Users\BTA\Desktop\PJ\THDELIVERY\backend\src\modules\product\products.controller.ts:6:8)
    at multer (C:\Users\BTA\Desktop\PJ\THDELIVERY\backend\src\modules\product\products.route.ts:11:20)
    at Object.<anonymous> (C:\Users\BTA\Desktop\PJ\THDELIVERY\backend\src\modules\product\products.route.ts:39:1)
    at Module._compile (node:internal/modules/cjs/loader:1706:14)
    at Object.transformer (C:\Users\BTA\Desktop\PJ\THDELIVERY\backend\node_modules\tsx\dist\register-D46fvsV_.cjs:3:1104)
    at Module.load (node:internal/modules/cjs/loader:1441:32)
    at Function._load (node:internal/modules/cjs/loader:1263:12)
TypeError: import_product.productRepository is not a constructor
    at ProductService.<instance_members_initializer> (C:\Users\BTA\Desktop\PJ\THDELIVERY\backend\src\modules\product\producvt.service.ts:10:18)
    at new ProductService (C:\Users\BTA\Desktop\PJ\THDELIVERY\backend\src\modules\product\producvt.service.ts:9:8)
    at ProductController.<instance_members_initializer> (C:\Users\BTA\Desktop\PJ\THDELIVERY\backend\src\modules\product\products.controller.ts:7:21)
    at new ProductController (C:\Users\BTA\Desktop\PJ\THDELIVERY\backend\src\modules\product\products.controller.ts:6:8)
    at multer (C:\Users\BTA\Desktop\PJ\THDELIVERY\backend\src\modules\product\products.route.ts:11:20)
    at Object.<anonymous> (C:\Users\BTA\Desktop\PJ\THDELIVERY\backend\src\modules\product\products.route.ts:39:1)
    at Module._compile (node:internal/modules/cjs/loader:1706:14)
    at Object.transformer (C:\Users\BTA\Desktop\PJ\THDELIVERY\backend\node_modules\tsx\dist\register-D46fvsV_.cjs:3:1104)
    at Module.load (node:internal/modules/cjs/loader:1441:32)
    at Function._load (node:internal/modules/cjs/loader:1263:12){"error":{},"exception":true,"date":"Sun Dec 21 2025 15:30:40 GMT-0300 (Brasilia Standard Time)","process":{"pid":2608,"uid":null,"gid":null,"cwd":"C:\\Users\\BTA\\Desktop\\PJ\\THDELIVERY\\backend","execPath":"C:\\Program Files\\nodejs\\node.exe","version":"v22.20.0","argv":["C:\\Program Files\\nodejs\\node.exe","C:\\Users\\BTA\\Desktop\\PJ\\THDELIVERY\\backend\\src\\server.ts"],"memoryUsage":{"rss":96845824,"heapTotal":39936000,"heapUsed":26473080,"external":5202898,"arrayBuffers":259599}},"os":{"loadavg":[0,0,0],"uptime":267935.812},"trace":[{"column":18,"file":"C:\\Users\\BTA\\Desktop\\PJ\\THDELIVERY\\backend\\src\\modules\\product\\producvt.service.ts","function":"ProductService.<instance_members_initializer>","line":10,"method":"<instance_members_initializer>","native":false},{"column":8,"file":"C:\\Users\\BTA\\Desktop\\PJ\\THDELIVERY\\backend\\src\\modules\\product\\producvt.service.ts","function":"new ProductService","line":9,"method":null,"native":false},{"column":21,"file":"C:\\Users\\BTA\\Desktop\\PJ\\THDELIVERY\\backend\\src\\modules\\product\\products.controller.ts","function":"ProductController.<instance_members_initializer>","line":7,"method":"<instance_members_initializer>","native":false},{"column":8,"file":"C:\\Users\\BTA\\Desktop\\PJ\\THDELIVERY\\backend\\src\\modules\\product\\products.controller.ts","function":"new ProductController","line":6,"method":null,"native":false},{"column":20,"file":"C:\\Users\\BTA\\Desktop\\PJ\\THDELIVERY\\backend\\src\\modules\\product\\products.route.ts","function":"multer","line":11,"method":null,"native":false},{"column":1,"file":"C:\\Users\\BTA\\Desktop\\PJ\\THDELIVERY\\backend\\src\\modules\\product\\products.route.ts","function":null,"line":39,"method":null,"native":false},{"column":14,"file":"node:internal/modules/cjs/loader","function":"Module._compile","line":1706,"method":"_compile","native":false},{"column":1104,"file":"C:\\Users\\BTA\\Desktop\\PJ\\THDELIVERY\\backend\\node_modules\\tsx\\dist\\register-D46fvsV_.cjs","function":"Object.transformer","line":3,"method":"transformer","native":false},{"column":32,"file":"node:internal/modules/cjs/loader","function":"Module.load","line":1441,"method":"load","native":false},{"column":12,"file":"node:internal/modules/cjs/loader","function":"Function._load","line":1263,"method":"_load","native":false}]}
[2025-12-21T18:31:36.739Z] [31merror[39m: uncaughtException: import_product.productRepository is not a constructor
TypeError: import_product.productRepository is not a constructor
    at ProductService.<instance_members_initializer> (C:\Users\BTA\Desktop\PJ\THDELIVERY\backend\src\modules\product\producvt.service.ts:10:18)
    at new ProductService (C:\Users\BTA\Desktop\PJ\THDELIVERY\backend\src\modules\product\producvt.service.ts:9:8)
    at ProductController.<instance_members_initializer> (C:\Users\BTA\Desktop\PJ\THDELIVERY\backend\src\modules\product\products.controller.ts:7:21)
    at new ProductController (C:\Users\BTA\Desktop\PJ\THDELIVERY\backend\src\modules\product\products.controller.ts:6:8)
    at multer (C:\Users\BTA\Desktop\PJ\THDELIVERY\backend\src\modules\product\products.route.ts:11:20)
    at Object.<anonymous> (C:\Users\BTA\Desktop\PJ\THDELIVERY\backend\src\modules\product\products.route.ts:39:1)
    at Module._compile (node:internal/modules/cjs/loader:1706:14)
    at Object.transformer (C:\Users\BTA\Desktop\PJ\THDELIVERY\backend\node_modules\tsx\dist\register-D46fvsV_.cjs:3:1104)
    at Module.load (node:internal/modules/cjs/loader:1441:32)
    at Function._load (node:internal/modules/cjs/loader:1263:12)
TypeError: import_product.productRepository is not a constructor
    at ProductService.<instance_members_initializer> (C:\Users\BTA\Desktop\PJ\THDELIVERY\backend\src\modules\product\producvt.service.ts:10:18)
    at new ProductService (C:\Users\BTA\Desktop\PJ\THDELIVERY\backend\src\modules\product\producvt.service.ts:9:8)
    at ProductController.<instance_members_initializer> (C:\Users\BTA\Desktop\PJ\THDELIVERY\backend\src\modules\product\products.controller.ts:7:21)
    at new ProductController (C:\Users\BTA\Desktop\PJ\THDELIVERY\backend\src\modules\product\products.controller.ts:6:8)
    at multer (C:\Users\BTA\Desktop\PJ\THDELIVERY\backend\src\modules\product\products.route.ts:11:20)
    at Object.<anonymous> (C:\Users\BTA\Desktop\PJ\THDELIVERY\backend\src\modules\product\products.route.ts:39:1)
    at Module._compile (node:internal/modules/cjs/loader:1706:14)
    at Object.transformer (C:\Users\BTA\Desktop\PJ\THDELIVERY\backend\node_modules\tsx\dist\register-D46fvsV_.cjs:3:1104)
    at Module.load (node:internal/modules/cjs/loader:1441:32)
    at Function._load (node:internal/modules/cjs/loader:1263:12){"error":{},"exception":true,"date":"Sun Dec 21 2025 15:31:36 GMT-0300 (Brasilia Standard Time)","process":{"pid":19844,"uid":null,"gid":null,"cwd":"C:\\Users\\BTA\\Desktop\\PJ\\THDELIVERY\\backend","execPath":"C:\\Program Files\\nodejs\\node.exe","version":"v22.20.0","argv":["C:\\Program Files\\nodejs\\node.exe","C:\\Users\\BTA\\Desktop\\PJ\\THDELIVERY\\backend\\src\\server.ts"],"memoryUsage":{"rss":94412800,"heapTotal":39673856,"heapUsed":26644352,"external":5200230,"arrayBuffers":256931}},"os":{"loadavg":[0,0,0],"uptime":267992.484},"trace":[{"column":18,"file":"C:\\Users\\BTA\\Desktop\\PJ\\THDELIVERY\\backend\\src\\modules\\product\\producvt.service.ts","function":"ProductService.<instance_members_initializer>","line":10,"method":"<instance_members_initializer>","native":false},{"column":8,"file":"C:\\Users\\BTA\\Desktop\\PJ\\THDELIVERY\\backend\\src\\modules\\product\\producvt.service.ts","function":"new ProductService","line":9,"method":null,"native":false},{"column":21,"file":"C:\\Users\\BTA\\Desktop\\PJ\\THDELIVERY\\backend\\src\\modules\\product\\products.controller.ts","function":"ProductController.<instance_members_initializer>","line":7,"method":"<instance_members_initializer>","native":false},{"column":8,"file":"C:\\Users\\BTA\\Desktop\\PJ\\THDELIVERY\\backend\\src\\modules\\product\\products.controller.ts","function":"new ProductController","line":6,"method":null,"native":false},{"column":20,"file":"C:\\Users\\BTA\\Desktop\\PJ\\THDELIVERY\\backend\\src\\modules\\product\\products.route.ts","function":"multer","line":11,"method":null,"native":false},{"column":1,"file":"C:\\Users\\BTA\\Desktop\\PJ\\THDELIVERY\\backend\\src\\modules\\product\\products.route.ts","function":null,"line":39,"method":null,"native":false},{"column":14,"file":"node:internal/modules/cjs/loader","function":"Module._compile","line":1706,"method":"_compile","native":false},{"column":1104,"file":"C:\\Users\\BTA\\Desktop\\PJ\\THDELIVERY\\backend\\node_modules\\tsx\\dist\\register-D46fvsV_.cjs","function":"Object.transformer","line":3,"method":"transformer","native":false},{"column":32,"file":"node:internal/modules/cjs/loader","function":"Module.load","line":1441,"method":"load","native":false},{"column":12,"file":"node:internal/modules/cjs/loader","function":"Function._load","line":1263,"method":"_load","native":false}]}
[2025-12-21T18:31:50.184Z] [31merror[39m: uncaughtException: import_product.productRepository is not a constructor
TypeError: import_product.productRepository is not a constructor
    at ProductService.<instance_members_initializer> (C:\Users\BTA\Desktop\PJ\THDELIVERY\backend\src\modules\product\producvt.service.ts:10:18)
    at new ProductService (C:\Users\BTA\Desktop\PJ\THDELIVERY\backend\src\modules\product\producvt.service.ts:9:8)
    at ProductController.<instance_members_initializer> (C:\Users\BTA\Desktop\PJ\THDELIVERY\backend\src\modules\product\products.controller.ts:7:21)
    at new ProductController (C:\Users\BTA\Desktop\PJ\THDELIVERY\backend\src\modules\product\products.controller.ts:6:8)
    at multer (C:\Users\BTA\Desktop\PJ\THDELIVERY\backend\src\modules\product\products.route.ts:11:20)
    at Object.<anonymous> (C:\Users\BTA\Desktop\PJ\THDELIVERY\backend\src\modules\product\products.route.ts:39:1)
    at Module._compile (node:internal/modules/cjs/loader:1706:14)
    at Object.transformer (C:\Users\BTA\Desktop\PJ\THDELIVERY\backend\node_modules\tsx\dist\register-D46fvsV_.cjs:3:1104)
    at Module.load (node:internal/modules/cjs/loader:1441:32)
    at Function._load (node:internal/modules/cjs/loader:1263:12)
TypeError: import_product.productRepository is not a constructor
    at ProductService.<instance_members_initializer> (C:\Users\BTA\Desktop\PJ\THDELIVERY\backend\src\modules\product\producvt.service.ts:10:18)
    at new ProductService (C:\Users\BTA\Desktop\PJ\THDELIVERY\backend\src\modules\product\producvt.service.ts:9:8)
    at ProductController.<instance_members_initializer> (C:\Users\BTA\Desktop\PJ\THDELIVERY\backend\src\modules\product\products.controller.ts:7:21)
    at new ProductController (C:\Users\BTA\Desktop\PJ\THDELIVERY\backend\src\modules\product\products.controller.ts:6:8)
    at multer (C:\Users\BTA\Desktop\PJ\THDELIVERY\backend\src\modules\product\products.route.ts:11:20)
    at Object.<anonymous> (C:\Users\BTA\Desktop\PJ\THDELIVERY\backend\src\modules\product\products.route.ts:39:1)
    at Module._compile (node:internal/modules/cjs/loader:1706:14)
    at Object.transformer (C:\Users\BTA\Desktop\PJ\THDELIVERY\backend\node_modules\tsx\dist\register-D46fvsV_.cjs:3:1104)
    at Module.load (node:internal/modules/cjs/loader:1441:32)
    at Function._load (node:internal/modules/cjs/loader:1263:12){"error":{},"exception":true,"date":"Sun Dec 21 2025 15:31:50 GMT-0300 (Brasilia Standard Time)","process":{"pid":15892,"uid":null,"gid":null,"cwd":"C:\\Users\\BTA\\Desktop\\PJ\\THDELIVERY\\backend","execPath":"C:\\Program Files\\nodejs\\node.exe","version":"v22.20.0","argv":["C:\\Program Files\\nodejs\\node.exe","C:\\Users\\BTA\\Desktop\\PJ\\THDELIVERY\\backend\\src\\server.ts"],"memoryUsage":{"rss":97660928,"heapTotal":40177664,"heapUsed":27672560,"external":5200230,"arrayBuffers":256931}},"os":{"loadavg":[0,0,0],"uptime":268005.937},"trace":[{"column":18,"file":"C:\\Users\\BTA\\Desktop\\PJ\\THDELIVERY\\backend\\src\\modules\\product\\producvt.service.ts","function":"ProductService.<instance_members_initializer>","line":10,"method":"<instance_members_initializer>","native":false},{"column":8,"file":"C:\\Users\\BTA\\Desktop\\PJ\\THDELIVERY\\backend\\src\\modules\\product\\producvt.service.ts","function":"new ProductService","line":9,"method":null,"native":false},{"column":21,"file":"C:\\Users\\BTA\\Desktop\\PJ\\THDELIVERY\\backend\\src\\modules\\product\\products.controller.ts","function":"ProductController.<instance_members_initializer>","line":7,"method":"<instance_members_initializer>","native":false},{"column":8,"file":"C:\\Users\\BTA\\Desktop\\PJ\\THDELIVERY\\backend\\src\\modules\\product\\products.controller.ts","function":"new ProductController","line":6,"method":null,"native":false},{"column":20,"file":"C:\\Users\\BTA\\Desktop\\PJ\\THDELIVERY\\backend\\src\\modules\\product\\products.route.ts","function":"multer","line":11,"method":null,"native":false},{"column":1,"file":"C:\\Users\\BTA\\Desktop\\PJ\\THDELIVERY\\backend\\src\\modules\\product\\products.route.ts","function":null,"line":39,"method":null,"native":false},{"column":14,"file":"node:internal/modules/cjs/loader","function":"Module._compile","line":1706,"method":"_compile","native":false},{"column":1104,"file":"C:\\Users\\BTA\\Desktop\\PJ\\THDELIVERY\\backend\\node_modules\\tsx\\dist\\register-D46fvsV_.cjs","function":"Object.transformer","line":3,"method":"transformer","native":false},{"column":32,"file":"node:internal/modules/cjs/loader","function":"Module.load","line":1441,"method":"load","native":false},{"column":12,"file":"node:internal/modules/cjs/loader","function":"Function._load","line":1263,"method":"_load","native":false}]}
[2025-12-21T18:31:57.698Z] [31merror[39m: uncaughtException: import_product.productRepository is not a constructor
TypeError: import_product.productRepository is not a constructor
    at ProductService.<instance_members_initializer> (C:\Users\BTA\Desktop\PJ\THDELIVERY\backend\src\modules\product\producvt.service.ts:10:18)
    at new ProductService (C:\Users\BTA\Desktop\PJ\THDELIVERY\backend\src\modules\product\producvt.service.ts:9:8)
    at ProductController.<instance_members_initializer> (C:\Users\BTA\Desktop\PJ\THDELIVERY\backend\src\modules\product\products.controller.ts:7:21)
    at new ProductController (C:\Users\BTA\Desktop\PJ\THDELIVERY\backend\src\modules\product\products.controller.ts:6:8)
    at multer (C:\Users\BTA\Desktop\PJ\THDELIVERY\backend\src\modules\product\products.route.ts:11:20)
    at Object.<anonymous> (C:\Users\BTA\Desktop\PJ\THDELIVERY\backend\src\modules\product\products.route.ts:39:1)
    at Module._compile (node:internal/modules/cjs/loader:1706:14)
    at Object.transformer (C:\Users\BTA\Desktop\PJ\THDELIVERY\backend\node_modules\tsx\dist\register-D46fvsV_.cjs:3:1104)
    at Module.load (node:internal/modules/cjs/loader:1441:32)
    at Function._load (node:internal/modules/cjs/loader:1263:12)
TypeError: import_product.productRepository is not a constructor
    at ProductService.<instance_members_initializer> (C:\Users\BTA\Desktop\PJ\THDELIVERY\backend\src\modules\product\producvt.service.ts:10:18)
    at new ProductService (C:\Users\BTA\Desktop\PJ\THDELIVERY\backend\src\modules\product\producvt.service.ts:9:8)
    at ProductController.<instance_members_initializer> (C:\Users\BTA\Desktop\PJ\THDELIVERY\backend\src\modules\product\products.controller.ts:7:21)
    at new ProductController (C:\Users\BTA\Desktop\PJ\THDELIVERY\backend\src\modules\product\products.controller.ts:6:8)
    at multer (C:\Users\BTA\Desktop\PJ\THDELIVERY\backend\src\modules\product\products.route.ts:11:20)
    at Object.<anonymous> (C:\Users\BTA\Desktop\PJ\THDELIVERY\backend\src\modules\product\products.route.ts:39:1)
    at Module._compile (node:internal/modules/cjs/loader:1706:14)
    at Object.transformer (C:\Users\BTA\Desktop\PJ\THDELIVERY\backend\node_modules\tsx\dist\register-D46fvsV_.cjs:3:1104)
    at Module.load (node:internal/modules/cjs/loader:1441:32)
    at Function._load (node:internal/modules/cjs/loader:1263:12){"error":{},"exception":true,"date":"Sun Dec 21 2025 15:31:57 GMT-0300 (Brasilia Standard Time)","process":{"pid":11864,"uid":null,"gid":null,"cwd":"C:\\Users\\BTA\\Desktop\\PJ\\THDELIVERY\\backend","execPath":"C:\\Program Files\\nodejs\\node.exe","version":"v22.20.0","argv":["C:\\Program Files\\nodejs\\node.exe","C:\\Users\\BTA\\Desktop\\PJ\\THDELIVERY\\backend\\src\\server.ts"],"memoryUsage":{"rss":97624064,"heapTotal":40177664,"heapUsed":27635168,"external":5200230,"arrayBuffers":256931}},"os":{"loadavg":[0,0,0],"uptime":268013.437},"trace":[{"column":18,"file":"C:\\Users\\BTA\\Desktop\\PJ\\THDELIVERY\\backend\\src\\modules\\product\\producvt.service.ts","function":"ProductService.<instance_members_initializer>","line":10,"method":"<instance_members_initializer>","native":false},{"column":8,"file":"C:\\Users\\BTA\\Desktop\\PJ\\THDELIVERY\\backend\\src\\modules\\product\\producvt.service.ts","function":"new ProductService","line":9,"method":null,"native":false},{"column":21,"file":"C:\\Users\\BTA\\Desktop\\PJ\\THDELIVERY\\backend\\src\\modules\\product\\products.controller.ts","function":"ProductController.<instance_members_initializer>","line":7,"method":"<instance_members_initializer>","native":false},{"column":8,"file":"C:\\Users\\BTA\\Desktop\\PJ\\THDELIVERY\\backend\\src\\modules\\product\\products.controller.ts","function":"new ProductController","line":6,"method":null,"native":false},{"column":20,"file":"C:\\Users\\BTA\\Desktop\\PJ\\THDELIVERY\\backend\\src\\modules\\product\\products.route.ts","function":"multer","line":11,"method":null,"native":false},{"column":1,"file":"C:\\Users\\BTA\\Desktop\\PJ\\THDELIVERY\\backend\\src\\modules\\product\\products.route.ts","function":null,"line":39,"method":null,"native":false},{"column":14,"file":"node:internal/modules/cjs/loader","function":"Module._compile","line":1706,"method":"_compile","native":false},{"column":1104,"file":"C:\\Users\\BTA\\Desktop\\PJ\\THDELIVERY\\backend\\node_modules\\tsx\\dist\\register-D46fvsV_.cjs","function":"Object.transformer","line":3,"method":"transformer","native":false},{"column":32,"file":"node:internal/modules/cjs/loader","function":"Module.load","line":1441,"method":"load","native":false},{"column":12,"file":"node:internal/modules/cjs/loader","function":"Function._load","line":1263,"method":"_load","native":false}]}
[2025-12-21T18:32:00.893Z] [31merror[39m: uncaughtException: import_product.productRepository is not a constructor
TypeError: import_product.productRepository is not a constructor
    at ProductService.<instance_members_initializer> (C:\Users\BTA\Desktop\PJ\THDELIVERY\backend\src\modules\product\producvt.service.ts:10:18)
    at new ProductService (C:\Users\BTA\Desktop\PJ\THDELIVERY\backend\src\modules\product\producvt.service.ts:9:8)
    at ProductController.<instance_members_initializer> (C:\Users\BTA\Desktop\PJ\THDELIVERY\backend\src\modules\product\products.controller.ts:7:21)
    at new ProductController (C:\Users\BTA\Desktop\PJ\THDELIVERY\backend\src\modules\product\products.controller.ts:6:8)
    at multer (C:\Users\BTA\Desktop\PJ\THDELIVERY\backend\src\modules\product\products.route.ts:11:20)
    at Object.<anonymous> (C:\Users\BTA\Desktop\PJ\THDELIVERY\backend\src\modules\product\products.route.ts:39:1)
    at Module._compile (node:internal/modules/cjs/loader:1706:14)
    at Object.transformer (C:\Users\BTA\Desktop\PJ\THDELIVERY\backend\node_modules\tsx\dist\register-D46fvsV_.cjs:3:1104)
    at Module.load (node:internal/modules/cjs/loader:1441:32)
    at Function._load (node:internal/modules/cjs/loader:1263:12)
TypeError: import_product.productRepository is not a constructor
    at ProductService.<instance_members_initializer> (C:\Users\BTA\Desktop\PJ\THDELIVERY\backend\src\modules\product\producvt.service.ts:10:18)
    at new ProductService (C:\Users\BTA\Desktop\PJ\THDELIVERY\backend\src\modules\product\producvt.service.ts:9:8)
    at ProductController.<instance_members_initializer> (C:\Users\BTA\Desktop\PJ\THDELIVERY\backend\src\modules\product\products.controller.ts:7:21)
    at new ProductController (C:\Users\BTA\Desktop\PJ\THDELIVERY\backend\src\modules\product\products.controller.ts:6:8)
    at multer (C:\Users\BTA\Desktop\PJ\THDELIVERY\backend\src\modules\product\products.route.ts:11:20)
    at Object.<anonymous> (C:\Users\BTA\Desktop\PJ\THDELIVERY\backend\src\modules\product\products.route.ts:39:1)
    at Module._compile (node:internal/modules/cjs/loader:1706:14)
    at Object.transformer (C:\Users\BTA\Desktop\PJ\THDELIVERY\backend\node_modules\tsx\dist\register-D46fvsV_.cjs:3:1104)
    at Module.load (node:internal/modules/cjs/loader:1441:32)
    at Function._load (node:internal/modules/cjs/loader:1263:12){"error":{},"exception":true,"date":"Sun Dec 21 2025 15:32:00 GMT-0300 (Brasilia Standard Time)","process":{"pid":11832,"uid":null,"gid":null,"cwd":"C:\\Users\\BTA\\Desktop\\PJ\\THDELIVERY\\backend","execPath":"C:\\Program Files\\nodejs\\node.exe","version":"v22.20.0","argv":["C:\\Program Files\\nodejs\\node.exe","C:\\Users\\BTA\\Desktop\\PJ\\THDELIVERY\\backend\\src\\server.ts"],"memoryUsage":{"rss":97247232,"heapTotal":40177664,"heapUsed":27669752,"external":5200230,"arrayBuffers":256931}},"os":{"loadavg":[0,0,0],"uptime":268016.64},"trace":[{"column":18,"file":"C:\\Users\\BTA\\Desktop\\PJ\\THDELIVERY\\backend\\src\\modules\\product\\producvt.service.ts","function":"ProductService.<instance_members_initializer>","line":10,"method":"<instance_members_initializer>","native":false},{"column":8,"file":"C:\\Users\\BTA\\Desktop\\PJ\\THDELIVERY\\backend\\src\\modules\\product\\producvt.service.ts","function":"new ProductService","line":9,"method":null,"native":false},{"column":21,"file":"C:\\Users\\BTA\\Desktop\\PJ\\THDELIVERY\\backend\\src\\modules\\product\\products.controller.ts","function":"ProductController.<instance_members_initializer>","line":7,"method":"<instance_members_initializer>","native":false},{"column":8,"file":"C:\\Users\\BTA\\Desktop\\PJ\\THDELIVERY\\backend\\src\\modules\\product\\products.controller.ts","function":"new ProductController","line":6,"method":null,"native":false},{"column":20,"file":"C:\\Users\\BTA\\Desktop\\PJ\\THDELIVERY\\backend\\src\\modules\\product\\products.route.ts","function":"multer","line":11,"method":null,"native":false},{"column":1,"file":"C:\\Users\\BTA\\Desktop\\PJ\\THDELIVERY\\backend\\src\\modules\\product\\products.route.ts","function":null,"line":39,"method":null,"native":false},{"column":14,"file":"node:internal/modules/cjs/loader","function":"Module._compile","line":1706,"method":"_compile","native":false},{"column":1104,"file":"C:\\Users\\BTA\\Desktop\\PJ\\THDELIVERY\\backend\\node_modules\\tsx\\dist\\register-D46fvsV_.cjs","function":"Object.transformer","line":3,"method":"transformer","native":false},{"column":32,"file":"node:internal/modules/cjs/loader","function":"Module.load","line":1441,"method":"load","native":false},{"column":12,"file":"node:internal/modules/cjs/loader","function":"Function._load","line":1263,"method":"_load","native":false}]}
[2025-12-21T18:32:36.282Z] [31merror[39m: uncaughtException: import_product.productRepository is not a constructor
TypeError: import_product.productRepository is not a constructor
    at ProductService.<instance_members_initializer> (C:\Users\BTA\Desktop\PJ\THDELIVERY\backend\src\modules\product\producvt.service.ts:10:18)
    at new ProductService (C:\Users\BTA\Desktop\PJ\THDELIVERY\backend\src\modules\product\producvt.service.ts:9:8)
    at ProductController.<instance_members_initializer> (C:\Users\BTA\Desktop\PJ\THDELIVERY\backend\src\modules\product\products.controller.ts:7:21)
    at new ProductController (C:\Users\BTA\Desktop\PJ\THDELIVERY\backend\src\modules\product\products.controller.ts:6:8)
    at multer (C:\Users\BTA\Desktop\PJ\THDELIVERY\backend\src\modules\product\products.route.ts:11:20)
    at Object.<anonymous> (C:\Users\BTA\Desktop\PJ\THDELIVERY\backend\src\modules\product\products.route.ts:39:1)
    at Module._compile (node:internal/modules/cjs/loader:1706:14)
    at Object.transformer (C:\Users\BTA\Desktop\PJ\THDELIVERY\backend\node_modules\tsx\dist\register-D46fvsV_.cjs:3:1104)
    at Module.load (node:internal/modules/cjs/loader:1441:32)
    at Function._load (node:internal/modules/cjs/loader:1263:12)
TypeError: import_product.productRepository is not a constructor
    at ProductService.<instance_members_initializer> (C:\Users\BTA\Desktop\PJ\THDELIVERY\backend\src\modules\product\producvt.service.ts:10:18)
    at new ProductService (C:\Users\BTA\Desktop\PJ\THDELIVERY\backend\src\modules\product\producvt.service.ts:9:8)
    at ProductController.<instance_members_initializer> (C:\Users\BTA\Desktop\PJ\THDELIVERY\backend\src\modules\product\products.controller.ts:7:21)
    at new ProductController (C:\Users\BTA\Desktop\PJ\THDELIVERY\backend\src\modules\product\products.controller.ts:6:8)
    at multer (C:\Users\BTA\Desktop\PJ\THDELIVERY\backend\src\modules\product\products.route.ts:11:20)
    at Object.<anonymous> (C:\Users\BTA\Desktop\PJ\THDELIVERY\backend\src\modules\product\products.route.ts:39:1)
    at Module._compile (node:internal/modules/cjs/loader:1706:14)
    at Object.transformer (C:\Users\BTA\Desktop\PJ\THDELIVERY\backend\node_modules\tsx\dist\register-D46fvsV_.cjs:3:1104)
    at Module.load (node:internal/modules/cjs/loader:1441:32)
    at Function._load (node:internal/modules/cjs/loader:1263:12){"error":{},"exception":true,"date":"Sun Dec 21 2025 15:32:36 GMT-0300 (Brasilia Standard Time)","process":{"pid":13328,"uid":null,"gid":null,"cwd":"C:\\Users\\BTA\\Desktop\\PJ\\THDELIVERY\\backend","execPath":"C:\\Program Files\\nodejs\\node.exe","version":"v22.20.0","argv":["C:\\Program Files\\nodejs\\node.exe","C:\\Users\\BTA\\Desktop\\PJ\\THDELIVERY\\backend\\src\\server.ts"],"memoryUsage":{"rss":107900928,"heapTotal":40177664,"heapUsed":27753520,"external":5200430,"arrayBuffers":257139}},"os":{"loadavg":[0,0,0],"uptime":268052.031},"trace":[{"column":18,"file":"C:\\Users\\BTA\\Desktop\\PJ\\THDELIVERY\\backend\\src\\modules\\product\\producvt.service.ts","function":"ProductService.<instance_members_initializer>","line":10,"method":"<instance_members_initializer>","native":false},{"column":8,"file":"C:\\Users\\BTA\\Desktop\\PJ\\THDELIVERY\\backend\\src\\modules\\product\\producvt.service.ts","function":"new ProductService","line":9,"method":null,"native":false},{"column":21,"file":"C:\\Users\\BTA\\Desktop\\PJ\\THDELIVERY\\backend\\src\\modules\\product\\products.controller.ts","function":"ProductController.<instance_members_initializer>","line":7,"method":"<instance_members_initializer>","native":false},{"column":8,"file":"C:\\Users\\BTA\\Desktop\\PJ\\THDELIVERY\\backend\\src\\modules\\product\\products.controller.ts","function":"new ProductController","line":6,"method":null,"native":false},{"column":20,"file":"C:\\Users\\BTA\\Desktop\\PJ\\THDELIVERY\\backend\\src\\modules\\product\\products.route.ts","function":"multer","line":11,"method":null,"native":false},{"column":1,"file":"C:\\Users\\BTA\\Desktop\\PJ\\THDELIVERY\\backend\\src\\modules\\product\\products.route.ts","function":null,"line":39,"method":null,"native":false},{"column":14,"file":"node:internal/modules/cjs/loader","function":"Module._compile","line":1706,"method":"_compile","native":false},{"column":1104,"file":"C:\\Users\\BTA\\Desktop\\PJ\\THDELIVERY\\backend\\node_modules\\tsx\\dist\\register-D46fvsV_.cjs","function":"Object.transformer","line":3,"method":"transformer","native":false},{"column":32,"file":"node:internal/modules/cjs/loader","function":"Module.load","line":1441,"method":"load","native":false},{"column":12,"file":"node:internal/modules/cjs/loader","function":"Function._load","line":1263,"method":"_load","native":false}]}
[2025-12-21T18:32:51.602Z] [31merror[39m: uncaughtException: import_product.productRepository is not a constructor
TypeError: import_product.productRepository is not a constructor
    at ProductService.<instance_members_initializer> (C:\Users\BTA\Desktop\PJ\THDELIVERY\backend\src\modules\product\producvt.service.ts:10:18)
    at new ProductService (C:\Users\BTA\Desktop\PJ\THDELIVERY\backend\src\modules\product\producvt.service.ts:9:8)
    at ProductController.<instance_members_initializer> (C:\Users\BTA\Desktop\PJ\THDELIVERY\backend\src\modules\product\products.controller.ts:7:21)
    at new ProductController (C:\Users\BTA\Desktop\PJ\THDELIVERY\backend\src\modules\product\products.controller.ts:6:8)
    at multer (C:\Users\BTA\Desktop\PJ\THDELIVERY\backend\src\modules\product\products.route.ts:11:20)
    at Object.<anonymous> (C:\Users\BTA\Desktop\PJ\THDELIVERY\backend\src\modules\product\products.route.ts:39:1)
    at Module._compile (node:internal/modules/cjs/loader:1706:14)
    at Object.transformer (C:\Users\BTA\Desktop\PJ\THDELIVERY\backend\node_modules\tsx\dist\register-D46fvsV_.cjs:3:1104)
    at Module.load (node:internal/modules/cjs/loader:1441:32)
    at Function._load (node:internal/modules/cjs/loader:1263:12)
TypeError: import_product.productRepository is not a constructor
    at ProductService.<instance_members_initializer> (C:\Users\BTA\Desktop\PJ\THDELIVERY\backend\src\modules\product\producvt.service.ts:10:18)
    at new ProductService (C:\Users\BTA\Desktop\PJ\THDELIVERY\backend\src\modules\product\producvt.service.ts:9:8)
    at ProductController.<instance_members_initializer> (C:\Users\BTA\Desktop\PJ\THDELIVERY\backend\src\modules\product\products.controller.ts:7:21)
    at new ProductController (C:\Users\BTA\Desktop\PJ\THDELIVERY\backend\src\modules\product\products.controller.ts:6:8)
    at multer (C:\Users\BTA\Desktop\PJ\THDELIVERY\backend\src\modules\product\products.route.ts:11:20)
    at Object.<anonymous> (C:\Users\BTA\Desktop\PJ\THDELIVERY\backend\src\modules\product\products.route.ts:39:1)
    at Module._compile (node:internal/modules/cjs/loader:1706:14)
    at Object.transformer (C:\Users\BTA\Desktop\PJ\THDELIVERY\backend\node_modules\tsx\dist\register-D46fvsV_.cjs:3:1104)
    at Module.load (node:internal/modules/cjs/loader:1441:32)
    at Function._load (node:internal/modules/cjs/loader:1263:12){"error":{},"exception":true,"date":"Sun Dec 21 2025 15:32:51 GMT-0300 (Brasilia Standard Time)","process":{"pid":18636,"uid":null,"gid":null,"cwd":"C:\\Users\\BTA\\Desktop\\PJ\\THDELIVERY\\backend","execPath":"C:\\Program Files\\nodejs\\node.exe","version":"v22.20.0","argv":["C:\\Program Files\\nodejs\\node.exe","C:\\Users\\BTA\\Desktop\\PJ\\THDELIVERY\\backend\\src\\server.ts"],"memoryUsage":{"rss":95170560,"heapTotal":40177664,"heapUsed":27671696,"external":5200230,"arrayBuffers":256931}},"os":{"loadavg":[0,0,0],"uptime":268067.343},"trace":[{"column":18,"file":"C:\\Users\\BTA\\Desktop\\PJ\\THDELIVERY\\backend\\src\\modules\\product\\producvt.service.ts","function":"ProductService.<instance_members_initializer>","line":10,"method":"<instance_members_initializer>","native":false},{"column":8,"file":"C:\\Users\\BTA\\Desktop\\PJ\\THDELIVERY\\backend\\src\\modules\\product\\producvt.service.ts","function":"new ProductService","line":9,"method":null,"native":false},{"column":21,"file":"C:\\Users\\BTA\\Desktop\\PJ\\THDELIVERY\\backend\\src\\modules\\product\\products.controller.ts","function":"ProductController.<instance_members_initializer>","line":7,"method":"<instance_members_initializer>","native":false},{"column":8,"file":"C:\\Users\\BTA\\Desktop\\PJ\\THDELIVERY\\backend\\src\\modules\\product\\products.controller.ts","function":"new ProductController","line":6,"method":null,"native":false},{"column":20,"file":"C:\\Users\\BTA\\Desktop\\PJ\\THDELIVERY\\backend\\src\\modules\\product\\products.route.ts","function":"multer","line":11,"method":null,"native":false},{"column":1,"file":"C:\\Users\\BTA\\Desktop\\PJ\\THDELIVERY\\backend\\src\\modules\\product\\products.route.ts","function":null,"line":39,"method":null,"native":false},{"column":14,"file":"node:internal/modules/cjs/loader","function":"Module._compile","line":1706,"method":"_compile","native":false},{"column":1104,"file":"C:\\Users\\BTA\\Desktop\\PJ\\THDELIVERY\\backend\\node_modules\\tsx\\dist\\register-D46fvsV_.cjs","function":"Object.transformer","line":3,"method":"transformer","native":false},{"column":32,"file":"node:internal/modules/cjs/loader","function":"Module.load","line":1441,"method":"load","native":false},{"column":12,"file":"node:internal/modules/cjs/loader","function":"Function._load","line":1263,"method":"_load","native":false}]}
[2025-12-21T18:33:41.774Z] [31merror[39m: uncaughtException: import_product.productRepository is not a constructor
TypeError: import_product.productRepository is not a constructor
    at ProductService.<instance_members_initializer> (C:\Users\BTA\Desktop\PJ\THDELIVERY\backend\src\modules\product\producvt.service.ts:10:18)
    at new ProductService (C:\Users\BTA\Desktop\PJ\THDELIVERY\backend\src\modules\product\producvt.service.ts:9:8)
    at ProductController.<instance_members_initializer> (C:\Users\BTA\Desktop\PJ\THDELIVERY\backend\src\modules\product\products.controller.ts:7:21)
    at new ProductController (C:\Users\BTA\Desktop\PJ\THDELIVERY\backend\src\modules\product\products.controller.ts:6:8)
    at multer (C:\Users\BTA\Desktop\PJ\THDELIVERY\backend\src\modules\product\products.route.ts:11:20)
    at Object.<anonymous> (C:\Users\BTA\Desktop\PJ\THDELIVERY\backend\src\modules\product\products.route.ts:39:1)
    at Module._compile (node:internal/modules/cjs/loader:1706:14)
    at Object.transformer (C:\Users\BTA\Desktop\PJ\THDELIVERY\backend\node_modules\tsx\dist\register-D46fvsV_.cjs:3:1104)
    at Module.load (node:internal/modules/cjs/loader:1441:32)
    at Function._load (node:internal/modules/cjs/loader:1263:12)
TypeError: import_product.productRepository is not a constructor
    at ProductService.<instance_members_initializer> (C:\Users\BTA\Desktop\PJ\THDELIVERY\backend\src\modules\product\producvt.service.ts:10:18)
    at new ProductService (C:\Users\BTA\Desktop\PJ\THDELIVERY\backend\src\modules\product\producvt.service.ts:9:8)
    at ProductController.<instance_members_initializer> (C:\Users\BTA\Desktop\PJ\THDELIVERY\backend\src\modules\product\products.controller.ts:7:21)
    at new ProductController (C:\Users\BTA\Desktop\PJ\THDELIVERY\backend\src\modules\product\products.controller.ts:6:8)
    at multer (C:\Users\BTA\Desktop\PJ\THDELIVERY\backend\src\modules\product\products.route.ts:11:20)
    at Object.<anonymous> (C:\Users\BTA\Desktop\PJ\THDELIVERY\backend\src\modules\product\products.route.ts:39:1)
    at Module._compile (node:internal/modules/cjs/loader:1706:14)
    at Object.transformer (C:\Users\BTA\Desktop\PJ\THDELIVERY\backend\node_modules\tsx\dist\register-D46fvsV_.cjs:3:1104)
    at Module.load (node:internal/modules/cjs/loader:1441:32)
    at Function._load (node:internal/modules/cjs/loader:1263:12){"error":{},"exception":true,"date":"Sun Dec 21 2025 15:33:41 GMT-0300 (Brasilia Standard Time)","process":{"pid":16188,"uid":null,"gid":null,"cwd":"C:\\Users\\BTA\\Desktop\\PJ\\THDELIVERY\\backend","execPath":"C:\\Program Files\\nodejs\\node.exe","version":"v22.20.0","argv":["C:\\Program Files\\nodejs\\node.exe","C:\\Users\\BTA\\Desktop\\PJ\\THDELIVERY\\backend\\src\\server.ts"],"memoryUsage":{"rss":97034240,"heapTotal":39915520,"heapUsed":27672016,"external":5200230,"arrayBuffers":256931}},"os":{"loadavg":[0,0,0],"uptime":268117.515},"trace":[{"column":18,"file":"C:\\Users\\BTA\\Desktop\\PJ\\THDELIVERY\\backend\\src\\modules\\product\\producvt.service.ts","function":"ProductService.<instance_members_initializer>","line":10,"method":"<instance_members_initializer>","native":false},{"column":8,"file":"C:\\Users\\BTA\\Desktop\\PJ\\THDELIVERY\\backend\\src\\modules\\product\\producvt.service.ts","function":"new ProductService","line":9,"method":null,"native":false},{"column":21,"file":"C:\\Users\\BTA\\Desktop\\PJ\\THDELIVERY\\backend\\src\\modules\\product\\products.controller.ts","function":"ProductController.<instance_members_initializer>","line":7,"method":"<instance_members_initializer>","native":false},{"column":8,"file":"C:\\Users\\BTA\\Desktop\\PJ\\THDELIVERY\\backend\\src\\modules\\product\\products.controller.ts","function":"new ProductController","line":6,"method":null,"native":false},{"column":20,"file":"C:\\Users\\BTA\\Desktop\\PJ\\THDELIVERY\\backend\\src\\modules\\product\\products.route.ts","function":"multer","line":11,"method":null,"native":false},{"column":1,"file":"C:\\Users\\BTA\\Desktop\\PJ\\THDELIVERY\\backend\\src\\modules\\product\\products.route.ts","function":null,"line":39,"method":null,"native":false},{"column":14,"file":"node:internal/modules/cjs/loader","function":"Module._compile","line":1706,"method":"_compile","native":false},{"column":1104,"file":"C:\\Users\\BTA\\Desktop\\PJ\\THDELIVERY\\backend\\node_modules\\tsx\\dist\\register-D46fvsV_.cjs","function":"Object.transformer","line":3,"method":"transformer","native":false},{"column":32,"file":"node:internal/modules/cjs/loader","function":"Module.load","line":1441,"method":"load","native":false},{"column":12,"file":"node:internal/modules/cjs/loader","function":"Function._load","line":1263,"method":"_load","native":false}]}
[2025-12-21T18:33:53.599Z] [31merror[39m: uncaughtException: import_product.productRepository is not a constructor
TypeError: import_product.productRepository is not a constructor
    at ProductService.<instance_members_initializer> (C:\Users\BTA\Desktop\PJ\THDELIVERY\backend\src\modules\product\producvt.service.ts:10:18)
    at new ProductService (C:\Users\BTA\Desktop\PJ\THDELIVERY\backend\src\modules\product\producvt.service.ts:9:8)
    at ProductController.<instance_members_initializer> (C:\Users\BTA\Desktop\PJ\THDELIVERY\backend\src\modules\product\products.controller.ts:7:21)
    at new ProductController (C:\Users\BTA\Desktop\PJ\THDELIVERY\backend\src\modules\product\products.controller.ts:6:8)
    at multer (C:\Users\BTA\Desktop\PJ\THDELIVERY\backend\src\modules\product\products.route.ts:11:20)
    at Object.<anonymous> (C:\Users\BTA\Desktop\PJ\THDELIVERY\backend\src\modules\product\products.route.ts:39:1)
    at Module._compile (node:internal/modules/cjs/loader:1706:14)
    at Object.transformer (C:\Users\BTA\Desktop\PJ\THDELIVERY\backend\node_modules\tsx\dist\register-D46fvsV_.cjs:3:1104)
    at Module.load (node:internal/modules/cjs/loader:1441:32)
    at Function._load (node:internal/modules/cjs/loader:1263:12)
TypeError: import_product.productRepository is not a constructor
    at ProductService.<instance_members_initializer> (C:\Users\BTA\Desktop\PJ\THDELIVERY\backend\src\modules\product\producvt.service.ts:10:18)
    at new ProductService (C:\Users\BTA\Desktop\PJ\THDELIVERY\backend\src\modules\product\producvt.service.ts:9:8)
    at ProductController.<instance_members_initializer> (C:\Users\BTA\Desktop\PJ\THDELIVERY\backend\src\modules\product\products.controller.ts:7:21)
    at new ProductController (C:\Users\BTA\Desktop\PJ\THDELIVERY\backend\src\modules\product\products.controller.ts:6:8)
    at multer (C:\Users\BTA\Desktop\PJ\THDELIVERY\backend\src\modules\product\products.route.ts:11:20)
    at Object.<anonymous> (C:\Users\BTA\Desktop\PJ\THDELIVERY\backend\src\modules\product\products.route.ts:39:1)
    at Module._compile (node:internal/modules/cjs/loader:1706:14)
    at Object.transformer (C:\Users\BTA\Desktop\PJ\THDELIVERY\backend\node_modules\tsx\dist\register-D46fvsV_.cjs:3:1104)
    at Module.load (node:internal/modules/cjs/loader:1441:32)
    at Function._load (node:internal/modules/cjs/loader:1263:12){"error":{},"exception":true,"date":"Sun Dec 21 2025 15:33:53 GMT-0300 (Brasilia Standard Time)","process":{"pid":1660,"uid":null,"gid":null,"cwd":"C:\\Users\\BTA\\Desktop\\PJ\\THDELIVERY\\backend","execPath":"C:\\Program Files\\nodejs\\node.exe","version":"v22.20.0","argv":["C:\\Program Files\\nodejs\\node.exe","C:\\Users\\BTA\\Desktop\\PJ\\THDELIVERY\\backend\\src\\server.ts"],"memoryUsage":{"rss":97468416,"heapTotal":40177664,"heapUsed":27830416,"external":5200230,"arrayBuffers":256931}},"os":{"loadavg":[0,0,0],"uptime":268129.343},"trace":[{"column":18,"file":"C:\\Users\\BTA\\Desktop\\PJ\\THDELIVERY\\backend\\src\\modules\\product\\producvt.service.ts","function":"ProductService.<instance_members_initializer>","line":10,"method":"<instance_members_initializer>","native":false},{"column":8,"file":"C:\\Users\\BTA\\Desktop\\PJ\\THDELIVERY\\backend\\src\\modules\\product\\producvt.service.ts","function":"new ProductService","line":9,"method":null,"native":false},{"column":21,"file":"C:\\Users\\BTA\\Desktop\\PJ\\THDELIVERY\\backend\\src\\modules\\product\\products.controller.ts","function":"ProductController.<instance_members_initializer>","line":7,"method":"<instance_members_initializer>","native":false},{"column":8,"file":"C:\\Users\\BTA\\Desktop\\PJ\\THDELIVERY\\backend\\src\\modules\\product\\products.controller.ts","function":"new ProductController","line":6,"method":null,"native":false},{"column":20,"file":"C:\\Users\\BTA\\Desktop\\PJ\\THDELIVERY\\backend\\src\\modules\\product\\products.route.ts","function":"multer","line":11,"method":null,"native":false},{"column":1,"file":"C:\\Users\\BTA\\Desktop\\PJ\\THDELIVERY\\backend\\src\\modules\\product\\products.route.ts","function":null,"line":39,"method":null,"native":false},{"column":14,"file":"node:internal/modules/cjs/loader","function":"Module._compile","line":1706,"method":"_compile","native":false},{"column":1104,"file":"C:\\Users\\BTA\\Desktop\\PJ\\THDELIVERY\\backend\\node_modules\\tsx\\dist\\register-D46fvsV_.cjs","function":"Object.transformer","line":3,"method":"transformer","native":false},{"column":32,"file":"node:internal/modules/cjs/loader","function":"Module.load","line":1441,"method":"load","native":false},{"column":12,"file":"node:internal/modules/cjs/loader","function":"Function._load","line":1263,"method":"_load","native":false}]}
[2025-12-21T18:34:17.010Z] [31merror[39m: uncaughtException: import_product.productRepository is not a constructor
TypeError: import_product.productRepository is not a constructor
    at ProductService.<instance_members_initializer> (C:\Users\BTA\Desktop\PJ\THDELIVERY\backend\src\modules\product\producvt.service.ts:10:18)
    at new ProductService (C:\Users\BTA\Desktop\PJ\THDELIVERY\backend\src\modules\product\producvt.service.ts:9:8)
    at ProductController.<instance_members_initializer> (C:\Users\BTA\Desktop\PJ\THDELIVERY\backend\src\modules\product\products.controller.ts:7:21)
    at new ProductController (C:\Users\BTA\Desktop\PJ\THDELIVERY\backend\src\modules\product\products.controller.ts:6:8)
    at multer (C:\Users\BTA\Desktop\PJ\THDELIVERY\backend\src\modules\product\products.route.ts:11:20)
    at Object.<anonymous> (C:\Users\BTA\Desktop\PJ\THDELIVERY\backend\src\modules\product\products.route.ts:39:1)
    at Module._compile (node:internal/modules/cjs/loader:1706:14)
    at Object.transformer (C:\Users\BTA\Desktop\PJ\THDELIVERY\backend\node_modules\tsx\dist\register-D46fvsV_.cjs:3:1104)
    at Module.load (node:internal/modules/cjs/loader:1441:32)
    at Function._load (node:internal/modules/cjs/loader:1263:12)
TypeError: import_product.productRepository is not a constructor
    at ProductService.<instance_members_initializer> (C:\Users\BTA\Desktop\PJ\THDELIVERY\backend\src\modules\product\producvt.service.ts:10:18)
    at new ProductService (C:\Users\BTA\Desktop\PJ\THDELIVERY\backend\src\modules\product\producvt.service.ts:9:8)
    at ProductController.<instance_members_initializer> (C:\Users\BTA\Desktop\PJ\THDELIVERY\backend\src\modules\product\products.controller.ts:7:21)
    at new ProductController (C:\Users\BTA\Desktop\PJ\THDELIVERY\backend\src\modules\product\products.controller.ts:6:8)
    at multer (C:\Users\BTA\Desktop\PJ\THDELIVERY\backend\src\modules\product\products.route.ts:11:20)
    at Object.<anonymous> (C:\Users\BTA\Desktop\PJ\THDELIVERY\backend\src\modules\product\products.route.ts:39:1)
    at Module._compile (node:internal/modules/cjs/loader:1706:14)
    at Object.transformer (C:\Users\BTA\Desktop\PJ\THDELIVERY\backend\node_modules\tsx\dist\register-D46fvsV_.cjs:3:1104)
    at Module.load (node:internal/modules/cjs/loader:1441:32)
    at Function._load (node:internal/modules/cjs/loader:1263:12){"error":{},"exception":true,"date":"Sun Dec 21 2025 15:34:17 GMT-0300 (Brasilia Standard Time)","process":{"pid":8828,"uid":null,"gid":null,"cwd":"C:\\Users\\BTA\\Desktop\\PJ\\THDELIVERY\\backend","execPath":"C:\\Program Files\\nodejs\\node.exe","version":"v22.20.0","argv":["C:\\Program Files\\nodejs\\node.exe","C:\\Users\\BTA\\Desktop\\PJ\\THDELIVERY\\backend\\src\\server.ts"],"memoryUsage":{"rss":97341440,"heapTotal":40177664,"heapUsed":27667744,"external":5200230,"arrayBuffers":256931}},"os":{"loadavg":[0,0,0],"uptime":268152.765},"trace":[{"column":18,"file":"C:\\Users\\BTA\\Desktop\\PJ\\THDELIVERY\\backend\\src\\modules\\product\\producvt.service.ts","function":"ProductService.<instance_members_initializer>","line":10,"method":"<instance_members_initializer>","native":false},{"column":8,"file":"C:\\Users\\BTA\\Desktop\\PJ\\THDELIVERY\\backend\\src\\modules\\product\\producvt.service.ts","function":"new ProductService","line":9,"method":null,"native":false},{"column":21,"file":"C:\\Users\\BTA\\Desktop\\PJ\\THDELIVERY\\backend\\src\\modules\\product\\products.controller.ts","function":"ProductController.<instance_members_initializer>","line":7,"method":"<instance_members_initializer>","native":false},{"column":8,"file":"C:\\Users\\BTA\\Desktop\\PJ\\THDELIVERY\\backend\\src\\modules\\product\\products.controller.ts","function":"new ProductController","line":6,"method":null,"native":false},{"column":20,"file":"C:\\Users\\BTA\\Desktop\\PJ\\THDELIVERY\\backend\\src\\modules\\product\\products.route.ts","function":"multer","line":11,"method":null,"native":false},{"column":1,"file":"C:\\Users\\BTA\\Desktop\\PJ\\THDELIVERY\\backend\\src\\modules\\product\\products.route.ts","function":null,"line":39,"method":null,"native":false},{"column":14,"file":"node:internal/modules/cjs/loader","function":"Module._compile","line":1706,"method":"_compile","native":false},{"column":1104,"file":"C:\\Users\\BTA\\Desktop\\PJ\\THDELIVERY\\backend\\node_modules\\tsx\\dist\\register-D46fvsV_.cjs","function":"Object.transformer","line":3,"method":"transformer","native":false},{"column":32,"file":"node:internal/modules/cjs/loader","function":"Module.load","line":1441,"method":"load","native":false},{"column":12,"file":"node:internal/modules/cjs/loader","function":"Function._load","line":1263,"method":"_load","native":false}]}
[2025-12-21T18:41:05.923Z] [31merror[39m: uncaughtException: import_product.productRepository is not a constructor
TypeError: import_product.productRepository is not a constructor
    at ProductService.<instance_members_initializer> (C:\Users\BTA\Desktop\PJ\THDELIVERY\backend\src\modules\product\producvt.service.ts:10:18)
    at new ProductService (C:\Users\BTA\Desktop\PJ\THDELIVERY\backend\src\modules\product\producvt.service.ts:9:8)
    at ProductController.<instance_members_initializer> (C:\Users\BTA\Desktop\PJ\THDELIVERY\backend\src\modules\product\products.controller.ts:7:21)
    at new ProductController (C:\Users\BTA\Desktop\PJ\THDELIVERY\backend\src\modules\product\products.controller.ts:6:8)
    at multer (C:\Users\BTA\Desktop\PJ\THDELIVERY\backend\src\modules\product\products.route.ts:11:20)
    at Object.<anonymous> (C:\Users\BTA\Desktop\PJ\THDELIVERY\backend\src\modules\product\products.route.ts:39:1)
    at Module._compile (node:internal/modules/cjs/loader:1706:14)
    at Object.transformer (C:\Users\BTA\Desktop\PJ\THDELIVERY\backend\node_modules\tsx\dist\register-D46fvsV_.cjs:3:1104)
    at Module.load (node:internal/modules/cjs/loader:1441:32)
    at Function._load (node:internal/modules/cjs/loader:1263:12)
TypeError: import_product.productRepository is not a constructor
    at ProductService.<instance_members_initializer> (C:\Users\BTA\Desktop\PJ\THDELIVERY\backend\src\modules\product\producvt.service.ts:10:18)
    at new ProductService (C:\Users\BTA\Desktop\PJ\THDELIVERY\backend\src\modules\product\producvt.service.ts:9:8)
    at ProductController.<instance_members_initializer> (C:\Users\BTA\Desktop\PJ\THDELIVERY\backend\src\modules\product\products.controller.ts:7:21)
    at new ProductController (C:\Users\BTA\Desktop\PJ\THDELIVERY\backend\src\modules\product\products.controller.ts:6:8)
    at multer (C:\Users\BTA\Desktop\PJ\THDELIVERY\backend\src\modules\product\products.route.ts:11:20)
    at Object.<anonymous> (C:\Users\BTA\Desktop\PJ\THDELIVERY\backend\src\modules\product\products.route.ts:39:1)
    at Module._compile (node:internal/modules/cjs/loader:1706:14)
    at Object.transformer (C:\Users\BTA\Desktop\PJ\THDELIVERY\backend\node_modules\tsx\dist\register-D46fvsV_.cjs:3:1104)
    at Module.load (node:internal/modules/cjs/loader:1441:32)
    at Function._load (node:internal/modules/cjs/loader:1263:12){"error":{},"exception":true,"date":"Sun Dec 21 2025 15:41:05 GMT-0300 (Brasilia Standard Time)","process":{"pid":11636,"uid":null,"gid":null,"cwd":"C:\\Users\\BTA\\Desktop\\PJ\\THDELIVERY\\backend","execPath":"C:\\Program Files\\nodejs\\node.exe","version":"v22.20.0","argv":["C:\\Program Files\\nodejs\\node.exe","C:\\Users\\BTA\\Desktop\\PJ\\THDELIVERY\\backend\\src\\server.ts"],"memoryUsage":{"rss":108892160,"heapTotal":40177664,"heapUsed":27734808,"external":5209022,"arrayBuffers":265747}},"os":{"loadavg":[0,0,0],"uptime":268561.671},"trace":[{"column":18,"file":"C:\\Users\\BTA\\Desktop\\PJ\\THDELIVERY\\backend\\src\\modules\\product\\producvt.service.ts","function":"ProductService.<instance_members_initializer>","line":10,"method":"<instance_members_initializer>","native":false},{"column":8,"file":"C:\\Users\\BTA\\Desktop\\PJ\\THDELIVERY\\backend\\src\\modules\\product\\producvt.service.ts","function":"new ProductService","line":9,"method":null,"native":false},{"column":21,"file":"C:\\Users\\BTA\\Desktop\\PJ\\THDELIVERY\\backend\\src\\modules\\product\\products.controller.ts","function":"ProductController.<instance_members_initializer>","line":7,"method":"<instance_members_initializer>","native":false},{"column":8,"file":"C:\\Users\\BTA\\Desktop\\PJ\\THDELIVERY\\backend\\src\\modules\\product\\products.controller.ts","function":"new ProductController","line":6,"method":null,"native":false},{"column":20,"file":"C:\\Users\\BTA\\Desktop\\PJ\\THDELIVERY\\backend\\src\\modules\\product\\products.route.ts","function":"multer","line":11,"method":null,"native":false},{"column":1,"file":"C:\\Users\\BTA\\Desktop\\PJ\\THDELIVERY\\backend\\src\\modules\\product\\products.route.ts","function":null,"line":39,"method":null,"native":false},{"column":14,"file":"node:internal/modules/cjs/loader","function":"Module._compile","line":1706,"method":"_compile","native":false},{"column":1104,"file":"C:\\Users\\BTA\\Desktop\\PJ\\THDELIVERY\\backend\\node_modules\\tsx\\dist\\register-D46fvsV_.cjs","function":"Object.transformer","line":3,"method":"transformer","native":false},{"column":32,"file":"node:internal/modules/cjs/loader","function":"Module.load","line":1441,"method":"load","native":false},{"column":12,"file":"node:internal/modules/cjs/loader","function":"Function._load","line":1263,"method":"_load","native":false}]}
[2025-12-21T18:41:05.929Z] [31merror[39m: uncaughtException: import_product.productRepository is not a constructor
TypeError: import_product.productRepository is not a constructor
    at ProductService.<instance_members_initializer> (C:\Users\BTA\Desktop\PJ\THDELIVERY\backend\src\modules\product\producvt.service.ts:10:18)
    at new ProductService (C:\Users\BTA\Desktop\PJ\THDELIVERY\backend\src\modules\product\producvt.service.ts:9:8)
    at ProductController.<instance_members_initializer> (C:\Users\BTA\Desktop\PJ\THDELIVERY\backend\src\modules\product\products.controller.ts:7:21)
    at new ProductController (C:\Users\BTA\Desktop\PJ\THDELIVERY\backend\src\modules\product\products.controller.ts:6:8)
    at multer (C:\Users\BTA\Desktop\PJ\THDELIVERY\backend\src\modules\product\products.route.ts:11:20)
    at Object.<anonymous> (C:\Users\BTA\Desktop\PJ\THDELIVERY\backend\src\modules\product\products.route.ts:39:1)
    at Module._compile (node:internal/modules/cjs/loader:1706:14)
    at Object.transformer (C:\Users\BTA\Desktop\PJ\THDELIVERY\backend\node_modules\tsx\dist\register-D46fvsV_.cjs:3:1104)
    at Module.load (node:internal/modules/cjs/loader:1441:32)
    at Function._load (node:internal/modules/cjs/loader:1263:12)
TypeError: import_product.productRepository is not a constructor
    at ProductService.<instance_members_initializer> (C:\Users\BTA\Desktop\PJ\THDELIVERY\backend\src\modules\product\producvt.service.ts:10:18)
    at new ProductService (C:\Users\BTA\Desktop\PJ\THDELIVERY\backend\src\modules\product\producvt.service.ts:9:8)
    at ProductController.<instance_members_initializer> (C:\Users\BTA\Desktop\PJ\THDELIVERY\backend\src\modules\product\products.controller.ts:7:21)
    at new ProductController (C:\Users\BTA\Desktop\PJ\THDELIVERY\backend\src\modules\product\products.controller.ts:6:8)
    at multer (C:\Users\BTA\Desktop\PJ\THDELIVERY\backend\src\modules\product\products.route.ts:11:20)
    at Object.<anonymous> (C:\Users\BTA\Desktop\PJ\THDELIVERY\backend\src\modules\product\products.route.ts:39:1)
    at Module._compile (node:internal/modules/cjs/loader:1706:14)
    at Object.transformer (C:\Users\BTA\Desktop\PJ\THDELIVERY\backend\node_modules\tsx\dist\register-D46fvsV_.cjs:3:1104)
    at Module.load (node:internal/modules/cjs/loader:1441:32)
    at Function._load (node:internal/modules/cjs/loader:1263:12){"error":{},"exception":true,"date":"Sun Dec 21 2025 15:41:05 GMT-0300 (Brasilia Standard Time)","process":{"pid":3416,"uid":null,"gid":null,"cwd":"C:\\Users\\BTA\\Desktop\\PJ\\THDELIVERY\\backend","execPath":"C:\\Program Files\\nodejs\\node.exe","version":"v22.20.0","argv":["C:\\Program Files\\nodejs\\node.exe","C:\\Users\\BTA\\Desktop\\PJ\\THDELIVERY\\backend\\src\\server.ts"],"memoryUsage":{"rss":108408832,"heapTotal":39936000,"heapUsed":26855096,"external":5209022,"arrayBuffers":265747}},"os":{"loadavg":[0,0,0],"uptime":268561.671},"trace":[{"column":18,"file":"C:\\Users\\BTA\\Desktop\\PJ\\THDELIVERY\\backend\\src\\modules\\product\\producvt.service.ts","function":"ProductService.<instance_members_initializer>","line":10,"method":"<instance_members_initializer>","native":false},{"column":8,"file":"C:\\Users\\BTA\\Desktop\\PJ\\THDELIVERY\\backend\\src\\modules\\product\\producvt.service.ts","function":"new ProductService","line":9,"method":null,"native":false},{"column":21,"file":"C:\\Users\\BTA\\Desktop\\PJ\\THDELIVERY\\backend\\src\\modules\\product\\products.controller.ts","function":"ProductController.<instance_members_initializer>","line":7,"method":"<instance_members_initializer>","native":false},{"column":8,"file":"C:\\Users\\BTA\\Desktop\\PJ\\THDELIVERY\\backend\\src\\modules\\product\\products.controller.ts","function":"new ProductController","line":6,"method":null,"native":false},{"column":20,"file":"C:\\Users\\BTA\\Desktop\\PJ\\THDELIVERY\\backend\\src\\modules\\product\\products.route.ts","function":"multer","line":11,"method":null,"native":false},{"column":1,"file":"C:\\Users\\BTA\\Desktop\\PJ\\THDELIVERY\\backend\\src\\modules\\product\\products.route.ts","function":null,"line":39,"method":null,"native":false},{"column":14,"file":"node:internal/modules/cjs/loader","function":"Module._compile","line":1706,"method":"_compile","native":false},{"column":1104,"file":"C:\\Users\\BTA\\Desktop\\PJ\\THDELIVERY\\backend\\node_modules\\tsx\\dist\\register-D46fvsV_.cjs","function":"Object.transformer","line":3,"method":"transformer","native":false},{"column":32,"file":"node:internal/modules/cjs/loader","function":"Module.load","line":1441,"method":"load","native":false},{"column":12,"file":"node:internal/modules/cjs/loader","function":"Function._load","line":1263,"method":"_load","native":false}]}
[2025-12-21T18:43:43.105Z] [31merror[39m: uncaughtException: import_product.productRepository is not a constructor
TypeError: import_product.productRepository is not a constructor
    at ProductService.<instance_members_initializer> (C:\Users\BTA\Desktop\PJ\THDELIVERY\backend\src\modules\product\producvt.service.ts:10:18)
    at new ProductService (C:\Users\BTA\Desktop\PJ\THDELIVERY\backend\src\modules\product\producvt.service.ts:9:8)
    at ProductController.<instance_members_initializer> (C:\Users\BTA\Desktop\PJ\THDELIVERY\backend\src\modules\product\products.controller.ts:7:21)
    at new ProductController (C:\Users\BTA\Desktop\PJ\THDELIVERY\backend\src\modules\product\products.controller.ts:6:8)
    at multer (C:\Users\BTA\Desktop\PJ\THDELIVERY\backend\src\modules\product\products.route.ts:11:20)
    at Object.<anonymous> (C:\Users\BTA\Desktop\PJ\THDELIVERY\backend\src\modules\product\products.route.ts:39:1)
    at Module._compile (node:internal/modules/cjs/loader:1706:14)
    at Object.transformer (C:\Users\BTA\Desktop\PJ\THDELIVERY\backend\node_modules\tsx\dist\register-D46fvsV_.cjs:3:1104)
    at Module.load (node:internal/modules/cjs/loader:1441:32)
    at Function._load (node:internal/modules/cjs/loader:1263:12)
TypeError: import_product.productRepository is not a constructor
    at ProductService.<instance_members_initializer> (C:\Users\BTA\Desktop\PJ\THDELIVERY\backend\src\modules\product\producvt.service.ts:10:18)
    at new ProductService (C:\Users\BTA\Desktop\PJ\THDELIVERY\backend\src\modules\product\producvt.service.ts:9:8)
    at ProductController.<instance_members_initializer> (C:\Users\BTA\Desktop\PJ\THDELIVERY\backend\src\modules\product\products.controller.ts:7:21)
    at new ProductController (C:\Users\BTA\Desktop\PJ\THDELIVERY\backend\src\modules\product\products.controller.ts:6:8)
    at multer (C:\Users\BTA\Desktop\PJ\THDELIVERY\backend\src\modules\product\products.route.ts:11:20)
    at Object.<anonymous> (C:\Users\BTA\Desktop\PJ\THDELIVERY\backend\src\modules\product\products.route.ts:39:1)
    at Module._compile (node:internal/modules/cjs/loader:1706:14)
    at Object.transformer (C:\Users\BTA\Desktop\PJ\THDELIVERY\backend\node_modules\tsx\dist\register-D46fvsV_.cjs:3:1104)
    at Module.load (node:internal/modules/cjs/loader:1441:32)
    at Function._load (node:internal/modules/cjs/loader:1263:12){"error":{},"exception":true,"date":"Sun Dec 21 2025 15:43:43 GMT-0300 (Brasilia Standard Time)","process":{"pid":19836,"uid":null,"gid":null,"cwd":"C:\\Users\\BTA\\Desktop\\PJ\\THDELIVERY\\backend","execPath":"C:\\Program Files\\nodejs\\node.exe","version":"v22.20.0","argv":["C:\\Program Files\\nodejs\\node.exe","C:\\Users\\BTA\\Desktop\\PJ\\THDELIVERY\\backend\\src\\server.ts"],"memoryUsage":{"rss":99008512,"heapTotal":35958784,"heapUsed":21556408,"external":3529494,"arrayBuffers":199795}},"os":{"loadavg":[0,0,0],"uptime":268718.859},"trace":[{"column":18,"file":"C:\\Users\\BTA\\Desktop\\PJ\\THDELIVERY\\backend\\src\\modules\\product\\producvt.service.ts","function":"ProductService.<instance_members_initializer>","line":10,"method":"<instance_members_initializer>","native":false},{"column":8,"file":"C:\\Users\\BTA\\Desktop\\PJ\\THDELIVERY\\backend\\src\\modules\\product\\producvt.service.ts","function":"new ProductService","line":9,"method":null,"native":false},{"column":21,"file":"C:\\Users\\BTA\\Desktop\\PJ\\THDELIVERY\\backend\\src\\modules\\product\\products.controller.ts","function":"ProductController.<instance_members_initializer>","line":7,"method":"<instance_members_initializer>","native":false},{"column":8,"file":"C:\\Users\\BTA\\Desktop\\PJ\\THDELIVERY\\backend\\src\\modules\\product\\products.controller.ts","function":"new ProductController","line":6,"method":null,"native":false},{"column":20,"file":"C:\\Users\\BTA\\Desktop\\PJ\\THDELIVERY\\backend\\src\\modules\\product\\products.route.ts","function":"multer","line":11,"method":null,"native":false},{"column":1,"file":"C:\\Users\\BTA\\Desktop\\PJ\\THDELIVERY\\backend\\src\\modules\\product\\products.route.ts","function":null,"line":39,"method":null,"native":false},{"column":14,"file":"node:internal/modules/cjs/loader","function":"Module._compile","line":1706,"method":"_compile","native":false},{"column":1104,"file":"C:\\Users\\BTA\\Desktop\\PJ\\THDELIVERY\\backend\\node_modules\\tsx\\dist\\register-D46fvsV_.cjs","function":"Object.transformer","line":3,"method":"transformer","native":false},{"column":32,"file":"node:internal/modules/cjs/loader","function":"Module.load","line":1441,"method":"load","native":false},{"column":12,"file":"node:internal/modules/cjs/loader","function":"Function._load","line":1263,"method":"_load","native":false}]}
[2025-12-21T18:43:43.105Z] [31merror[39m: uncaughtException: import_product.productRepository is not a constructor
TypeError: import_product.productRepository is not a constructor
    at ProductService.<instance_members_initializer> (C:\Users\BTA\Desktop\PJ\THDELIVERY\backend\src\modules\product\producvt.service.ts:10:18)
    at new ProductService (C:\Users\BTA\Desktop\PJ\THDELIVERY\backend\src\modules\product\producvt.service.ts:9:8)
    at ProductController.<instance_members_initializer> (C:\Users\BTA\Desktop\PJ\THDELIVERY\backend\src\modules\product\products.controller.ts:7:21)
    at new ProductController (C:\Users\BTA\Desktop\PJ\THDELIVERY\backend\src\modules\product\products.controller.ts:6:8)
    at multer (C:\Users\BTA\Desktop\PJ\THDELIVERY\backend\src\modules\product\products.route.ts:11:20)
    at Object.<anonymous> (C:\Users\BTA\Desktop\PJ\THDELIVERY\backend\src\modules\product\products.route.ts:39:1)
    at Module._compile (node:internal/modules/cjs/loader:1706:14)
    at Object.transformer (C:\Users\BTA\Desktop\PJ\THDELIVERY\backend\node_modules\tsx\dist\register-D46fvsV_.cjs:3:1104)
    at Module.load (node:internal/modules/cjs/loader:1441:32)
    at Function._load (node:internal/modules/cjs/loader:1263:12)
TypeError: import_product.productRepository is not a constructor
    at ProductService.<instance_members_initializer> (C:\Users\BTA\Desktop\PJ\THDELIVERY\backend\src\modules\product\producvt.service.ts:10:18)
    at new ProductService (C:\Users\BTA\Desktop\PJ\THDELIVERY\backend\src\modules\product\producvt.service.ts:9:8)
    at ProductController.<instance_members_initializer> (C:\Users\BTA\Desktop\PJ\THDELIVERY\backend\src\modules\product\products.controller.ts:7:21)
    at new ProductController (C:\Users\BTA\Desktop\PJ\THDELIVERY\backend\src\modules\product\products.controller.ts:6:8)
    at multer (C:\Users\BTA\Desktop\PJ\THDELIVERY\backend\src\modules\product\products.route.ts:11:20)
    at Object.<anonymous> (C:\Users\BTA\Desktop\PJ\THDELIVERY\backend\src\modules\product\products.route.ts:39:1)
    at Module._compile (node:internal/modules/cjs/loader:1706:14)
    at Object.transformer (C:\Users\BTA\Desktop\PJ\THDELIVERY\backend\node_modules\tsx\dist\register-D46fvsV_.cjs:3:1104)
    at Module.load (node:internal/modules/cjs/loader:1441:32)
    at Function._load (node:internal/modules/cjs/loader:1263:12){"error":{},"exception":true,"date":"Sun Dec 21 2025 15:43:43 GMT-0300 (Brasilia Standard Time)","process":{"pid":4248,"uid":null,"gid":null,"cwd":"C:\\Users\\BTA\\Desktop\\PJ\\THDELIVERY\\backend","execPath":"C:\\Program Files\\nodejs\\node.exe","version":"v22.20.0","argv":["C:\\Program Files\\nodejs\\node.exe","C:\\Users\\BTA\\Desktop\\PJ\\THDELIVERY\\backend\\src\\server.ts"],"memoryUsage":{"rss":98156544,"heapTotal":35717120,"heapUsed":20720576,"external":3529494,"arrayBuffers":199795}},"os":{"loadavg":[0,0,0],"uptime":268718.859},"trace":[{"column":18,"file":"C:\\Users\\BTA\\Desktop\\PJ\\THDELIVERY\\backend\\src\\modules\\product\\producvt.service.ts","function":"ProductService.<instance_members_initializer>","line":10,"method":"<instance_members_initializer>","native":false},{"column":8,"file":"C:\\Users\\BTA\\Desktop\\PJ\\THDELIVERY\\backend\\src\\modules\\product\\producvt.service.ts","function":"new ProductService","line":9,"method":null,"native":false},{"column":21,"file":"C:\\Users\\BTA\\Desktop\\PJ\\THDELIVERY\\backend\\src\\modules\\product\\products.controller.ts","function":"ProductController.<instance_members_initializer>","line":7,"method":"<instance_members_initializer>","native":false},{"column":8,"file":"C:\\Users\\BTA\\Desktop\\PJ\\THDELIVERY\\backend\\src\\modules\\product\\products.controller.ts","function":"new ProductController","line":6,"method":null,"native":false},{"column":20,"file":"C:\\Users\\BTA\\Desktop\\PJ\\THDELIVERY\\backend\\src\\modules\\product\\products.route.ts","function":"multer","line":11,"method":null,"native":false},{"column":1,"file":"C:\\Users\\BTA\\Desktop\\PJ\\THDELIVERY\\backend\\src\\modules\\product\\products.route.ts","function":null,"line":39,"method":null,"native":false},{"column":14,"file":"node:internal/modules/cjs/loader","function":"Module._compile","line":1706,"method":"_compile","native":false},{"column":1104,"file":"C:\\Users\\BTA\\Desktop\\PJ\\THDELIVERY\\backend\\node_modules\\tsx\\dist\\register-D46fvsV_.cjs","function":"Object.transformer","line":3,"method":"transformer","native":false},{"column":32,"file":"node:internal/modules/cjs/loader","function":"Module.load","line":1441,"method":"load","native":false},{"column":12,"file":"node:internal/modules/cjs/loader","function":"Function._load","line":1263,"method":"_load","native":false}]}
[2025-12-21T18:45:35.932Z] [31merror[39m: uncaughtException: import_product.productRepository is not a constructor
TypeError: import_product.productRepository is not a constructor
    at ProductService.<instance_members_initializer> (C:\Users\BTA\Desktop\PJ\THDELIVERY\backend\src\modules\product\producvt.service.ts:10:18)
    at new ProductService (C:\Users\BTA\Desktop\PJ\THDELIVERY\backend\src\modules\product\producvt.service.ts:9:8)
    at ProductController.<instance_members_initializer> (C:\Users\BTA\Desktop\PJ\THDELIVERY\backend\src\modules\product\products.controller.ts:7:21)
    at new ProductController (C:\Users\BTA\Desktop\PJ\THDELIVERY\backend\src\modules\product\products.controller.ts:6:8)
    at multer (C:\Users\BTA\Desktop\PJ\THDELIVERY\backend\src\modules\product\products.route.ts:11:20)
    at Object.<anonymous> (C:\Users\BTA\Desktop\PJ\THDELIVERY\backend\src\modules\product\products.route.ts:39:1)
    at Module._compile (node:internal/modules/cjs/loader:1706:14)
    at Object.transformer (C:\Users\BTA\Desktop\PJ\THDELIVERY\backend\node_modules\tsx\dist\register-D46fvsV_.cjs:3:1104)
    at Module.load (node:internal/modules/cjs/loader:1441:32)
    at Function._load (node:internal/modules/cjs/loader:1263:12)
TypeError: import_product.productRepository is not a constructor
    at ProductService.<instance_members_initializer> (C:\Users\BTA\Desktop\PJ\THDELIVERY\backend\src\modules\product\producvt.service.ts:10:18)
    at new ProductService (C:\Users\BTA\Desktop\PJ\THDELIVERY\backend\src\modules\product\producvt.service.ts:9:8)
    at ProductController.<instance_members_initializer> (C:\Users\BTA\Desktop\PJ\THDELIVERY\backend\src\modules\product\products.controller.ts:7:21)
    at new ProductController (C:\Users\BTA\Desktop\PJ\THDELIVERY\backend\src\modules\product\products.controller.ts:6:8)
    at multer (C:\Users\BTA\Desktop\PJ\THDELIVERY\backend\src\modules\product\products.route.ts:11:20)
    at Object.<anonymous> (C:\Users\BTA\Desktop\PJ\THDELIVERY\backend\src\modules\product\products.route.ts:39:1)
    at Module._compile (node:internal/modules/cjs/loader:1706:14)
    at Object.transformer (C:\Users\BTA\Desktop\PJ\THDELIVERY\backend\node_modules\tsx\dist\register-D46fvsV_.cjs:3:1104)
    at Module.load (node:internal/modules/cjs/loader:1441:32)
    at Function._load (node:internal/modules/cjs/loader:1263:12){"error":{},"exception":true,"date":"Sun Dec 21 2025 15:45:35 GMT-0300 (Brasilia Standard Time)","process":{"pid":15520,"uid":null,"gid":null,"cwd":"C:\\Users\\BTA\\Desktop\\PJ\\THDELIVERY\\backend","execPath":"C:\\Program Files\\nodejs\\node.exe","version":"v22.20.0","argv":["C:\\Program Files\\nodejs\\node.exe","C:\\Users\\BTA\\Desktop\\PJ\\THDELIVERY\\backend\\src\\server.ts"],"memoryUsage":{"rss":97533952,"heapTotal":40177664,"heapUsed":27827680,"external":5200230,"arrayBuffers":256931}},"os":{"loadavg":[0,0,0],"uptime":268831.687},"trace":[{"column":18,"file":"C:\\Users\\BTA\\Desktop\\PJ\\THDELIVERY\\backend\\src\\modules\\product\\producvt.service.ts","function":"ProductService.<instance_members_initializer>","line":10,"method":"<instance_members_initializer>","native":false},{"column":8,"file":"C:\\Users\\BTA\\Desktop\\PJ\\THDELIVERY\\backend\\src\\modules\\product\\producvt.service.ts","function":"new ProductService","line":9,"method":null,"native":false},{"column":21,"file":"C:\\Users\\BTA\\Desktop\\PJ\\THDELIVERY\\backend\\src\\modules\\product\\products.controller.ts","function":"ProductController.<instance_members_initializer>","line":7,"method":"<instance_members_initializer>","native":false},{"column":8,"file":"C:\\Users\\BTA\\Desktop\\PJ\\THDELIVERY\\backend\\src\\modules\\product\\products.controller.ts","function":"new ProductController","line":6,"method":null,"native":false},{"column":20,"file":"C:\\Users\\BTA\\Desktop\\PJ\\THDELIVERY\\backend\\src\\modules\\product\\products.route.ts","function":"multer","line":11,"method":null,"native":false},{"column":1,"file":"C:\\Users\\BTA\\Desktop\\PJ\\THDELIVERY\\backend\\src\\modules\\product\\products.route.ts","function":null,"line":39,"method":null,"native":false},{"column":14,"file":"node:internal/modules/cjs/loader","function":"Module._compile","line":1706,"method":"_compile","native":false},{"column":1104,"file":"C:\\Users\\BTA\\Desktop\\PJ\\THDELIVERY\\backend\\node_modules\\tsx\\dist\\register-D46fvsV_.cjs","function":"Object.transformer","line":3,"method":"transformer","native":false},{"column":32,"file":"node:internal/modules/cjs/loader","function":"Module.load","line":1441,"method":"load","native":false},{"column":12,"file":"node:internal/modules/cjs/loader","function":"Function._load","line":1263,"method":"_load","native":false}]}
[2025-12-21T18:45:36.011Z] [31merror[39m: uncaughtException: import_product.productRepository is not a constructor
TypeError: import_product.productRepository is not a constructor
    at ProductService.<instance_members_initializer> (C:\Users\BTA\Desktop\PJ\THDELIVERY\backend\src\modules\product\producvt.service.ts:10:18)
    at new ProductService (C:\Users\BTA\Desktop\PJ\THDELIVERY\backend\src\modules\product\producvt.service.ts:9:8)
    at ProductController.<instance_members_initializer> (C:\Users\BTA\Desktop\PJ\THDELIVERY\backend\src\modules\product\products.controller.ts:7:21)
    at new ProductController (C:\Users\BTA\Desktop\PJ\THDELIVERY\backend\src\modules\product\products.controller.ts:6:8)
    at multer (C:\Users\BTA\Desktop\PJ\THDELIVERY\backend\src\modules\product\products.route.ts:11:20)
    at Object.<anonymous> (C:\Users\BTA\Desktop\PJ\THDELIVERY\backend\src\modules\product\products.route.ts:39:1)
    at Module._compile (node:internal/modules/cjs/loader:1706:14)
    at Object.transformer (C:\Users\BTA\Desktop\PJ\THDELIVERY\backend\node_modules\tsx\dist\register-D46fvsV_.cjs:3:1104)
    at Module.load (node:internal/modules/cjs/loader:1441:32)
    at Function._load (node:internal/modules/cjs/loader:1263:12)
TypeError: import_product.productRepository is not a constructor
    at ProductService.<instance_members_initializer> (C:\Users\BTA\Desktop\PJ\THDELIVERY\backend\src\modules\product\producvt.service.ts:10:18)
    at new ProductService (C:\Users\BTA\Desktop\PJ\THDELIVERY\backend\src\modules\product\producvt.service.ts:9:8)
    at ProductController.<instance_members_initializer> (C:\Users\BTA\Desktop\PJ\THDELIVERY\backend\src\modules\product\products.controller.ts:7:21)
    at new ProductController (C:\Users\BTA\Desktop\PJ\THDELIVERY\backend\src\modules\product\products.controller.ts:6:8)
    at multer (C:\Users\BTA\Desktop\PJ\THDELIVERY\backend\src\modules\product\products.route.ts:11:20)
    at Object.<anonymous> (C:\Users\BTA\Desktop\PJ\THDELIVERY\backend\src\modules\product\products.route.ts:39:1)
    at Module._compile (node:internal/modules/cjs/loader:1706:14)
    at Object.transformer (C:\Users\BTA\Desktop\PJ\THDELIVERY\backend\node_modules\tsx\dist\register-D46fvsV_.cjs:3:1104)
    at Module.load (node:internal/modules/cjs/loader:1441:32)
    at Function._load (node:internal/modules/cjs/loader:1263:12){"error":{},"exception":true,"date":"Sun Dec 21 2025 15:45:36 GMT-0300 (Brasilia Standard Time)","process":{"pid":8028,"uid":null,"gid":null,"cwd":"C:\\Users\\BTA\\Desktop\\PJ\\THDELIVERY\\backend","execPath":"C:\\Program Files\\nodejs\\node.exe","version":"v22.20.0","argv":["C:\\Program Files\\nodejs\\node.exe","C:\\Users\\BTA\\Desktop\\PJ\\THDELIVERY\\backend\\src\\server.ts"],"memoryUsage":{"rss":97447936,"heapTotal":40177664,"heapUsed":27574424,"external":5200230,"arrayBuffers":256931}},"os":{"loadavg":[0,0,0],"uptime":268831.75},"trace":[{"column":18,"file":"C:\\Users\\BTA\\Desktop\\PJ\\THDELIVERY\\backend\\src\\modules\\product\\producvt.service.ts","function":"ProductService.<instance_members_initializer>","line":10,"method":"<instance_members_initializer>","native":false},{"column":8,"file":"C:\\Users\\BTA\\Desktop\\PJ\\THDELIVERY\\backend\\src\\modules\\product\\producvt.service.ts","function":"new ProductService","line":9,"method":null,"native":false},{"column":21,"file":"C:\\Users\\BTA\\Desktop\\PJ\\THDELIVERY\\backend\\src\\modules\\product\\products.controller.ts","function":"ProductController.<instance_members_initializer>","line":7,"method":"<instance_members_initializer>","native":false},{"column":8,"file":"C:\\Users\\BTA\\Desktop\\PJ\\THDELIVERY\\backend\\src\\modules\\product\\products.controller.ts","function":"new ProductController","line":6,"method":null,"native":false},{"column":20,"file":"C:\\Users\\BTA\\Desktop\\PJ\\THDELIVERY\\backend\\src\\modules\\product\\products.route.ts","function":"multer","line":11,"method":null,"native":false},{"column":1,"file":"C:\\Users\\BTA\\Desktop\\PJ\\THDELIVERY\\backend\\src\\modules\\product\\products.route.ts","function":null,"line":39,"method":null,"native":false},{"column":14,"file":"node:internal/modules/cjs/loader","function":"Module._compile","line":1706,"method":"_compile","native":false},{"column":1104,"file":"C:\\Users\\BTA\\Desktop\\PJ\\THDELIVERY\\backend\\node_modules\\tsx\\dist\\register-D46fvsV_.cjs","function":"Object.transformer","line":3,"method":"transformer","native":false},{"column":32,"file":"node:internal/modules/cjs/loader","function":"Module.load","line":1441,"method":"load","native":false},{"column":12,"file":"node:internal/modules/cjs/loader","function":"Function._load","line":1263,"method":"_load","native":false}]}
[2025-12-21T18:46:22.412Z] [31merror[39m: uncaughtException: import_product.productRepository is not a constructor
TypeError: import_product.productRepository is not a constructor
    at ProductService.<instance_members_initializer> (C:\Users\BTA\Desktop\PJ\THDELIVERY\backend\src\modules\product\producvt.service.ts:10:18)
    at new ProductService (C:\Users\BTA\Desktop\PJ\THDELIVERY\backend\src\modules\product\producvt.service.ts:9:8)
    at ProductController.<instance_members_initializer> (C:\Users\BTA\Desktop\PJ\THDELIVERY\backend\src\modules\product\products.controller.ts:7:21)
    at new ProductController (C:\Users\BTA\Desktop\PJ\THDELIVERY\backend\src\modules\product\products.controller.ts:6:8)
    at multer (C:\Users\BTA\Desktop\PJ\THDELIVERY\backend\src\modules\product\products.route.ts:11:20)
    at Object.<anonymous> (C:\Users\BTA\Desktop\PJ\THDELIVERY\backend\src\modules\product\products.route.ts:39:1)
    at Module._compile (node:internal/modules/cjs/loader:1706:14)
    at Object.transformer (C:\Users\BTA\Desktop\PJ\THDELIVERY\backend\node_modules\tsx\dist\register-D46fvsV_.cjs:3:1104)
    at Module.load (node:internal/modules/cjs/loader:1441:32)
    at Function._load (node:internal/modules/cjs/loader:1263:12)
TypeError: import_product.productRepository is not a constructor
    at ProductService.<instance_members_initializer> (C:\Users\BTA\Desktop\PJ\THDELIVERY\backend\src\modules\product\producvt.service.ts:10:18)
    at new ProductService (C:\Users\BTA\Desktop\PJ\THDELIVERY\backend\src\modules\product\producvt.service.ts:9:8)
    at ProductController.<instance_members_initializer> (C:\Users\BTA\Desktop\PJ\THDELIVERY\backend\src\modules\product\products.controller.ts:7:21)
    at new ProductController (C:\Users\BTA\Desktop\PJ\THDELIVERY\backend\src\modules\product\products.controller.ts:6:8)
    at multer (C:\Users\BTA\Desktop\PJ\THDELIVERY\backend\src\modules\product\products.route.ts:11:20)
    at Object.<anonymous> (C:\Users\BTA\Desktop\PJ\THDELIVERY\backend\src\modules\product\products.route.ts:39:1)
    at Module._compile (node:internal/modules/cjs/loader:1706:14)
    at Object.transformer (C:\Users\BTA\Desktop\PJ\THDELIVERY\backend\node_modules\tsx\dist\register-D46fvsV_.cjs:3:1104)
    at Module.load (node:internal/modules/cjs/loader:1441:32)
    at Function._load (node:internal/modules/cjs/loader:1263:12){"error":{},"exception":true,"date":"Sun Dec 21 2025 15:46:22 GMT-0300 (Brasilia Standard Time)","process":{"pid":18596,"uid":null,"gid":null,"cwd":"C:\\Users\\BTA\\Desktop\\PJ\\THDELIVERY\\backend","execPath":"C:\\Program Files\\nodejs\\node.exe","version":"v22.20.0","argv":["C:\\Program Files\\nodejs\\node.exe","C:\\Users\\BTA\\Desktop\\PJ\\THDELIVERY\\backend\\src\\server.ts"],"memoryUsage":{"rss":107376640,"heapTotal":39673856,"heapUsed":26841024,"external":5208622,"arrayBuffers":265331}},"os":{"loadavg":[0,0,0],"uptime":268878.156},"trace":[{"column":18,"file":"C:\\Users\\BTA\\Desktop\\PJ\\THDELIVERY\\backend\\src\\modules\\product\\producvt.service.ts","function":"ProductService.<instance_members_initializer>","line":10,"method":"<instance_members_initializer>","native":false},{"column":8,"file":"C:\\Users\\BTA\\Desktop\\PJ\\THDELIVERY\\backend\\src\\modules\\product\\producvt.service.ts","function":"new ProductService","line":9,"method":null,"native":false},{"column":21,"file":"C:\\Users\\BTA\\Desktop\\PJ\\THDELIVERY\\backend\\src\\modules\\product\\products.controller.ts","function":"ProductController.<instance_members_initializer>","line":7,"method":"<instance_members_initializer>","native":false},{"column":8,"file":"C:\\Users\\BTA\\Desktop\\PJ\\THDELIVERY\\backend\\src\\modules\\product\\products.controller.ts","function":"new ProductController","line":6,"method":null,"native":false},{"column":20,"file":"C:\\Users\\BTA\\Desktop\\PJ\\THDELIVERY\\backend\\src\\modules\\product\\products.route.ts","function":"multer","line":11,"method":null,"native":false},{"column":1,"file":"C:\\Users\\BTA\\Desktop\\PJ\\THDELIVERY\\backend\\src\\modules\\product\\products.route.ts","function":null,"line":39,"method":null,"native":false},{"column":14,"file":"node:internal/modules/cjs/loader","function":"Module._compile","line":1706,"method":"_compile","native":false},{"column":1104,"file":"C:\\Users\\BTA\\Desktop\\PJ\\THDELIVERY\\backend\\node_modules\\tsx\\dist\\register-D46fvsV_.cjs","function":"Object.transformer","line":3,"method":"transformer","native":false},{"column":32,"file":"node:internal/modules/cjs/loader","function":"Module.load","line":1441,"method":"load","native":false},{"column":12,"file":"node:internal/modules/cjs/loader","function":"Function._load","line":1263,"method":"_load","native":false}]}
[2025-12-21T18:46:22.460Z] [31merror[39m: uncaughtException: import_product.productRepository is not a constructor
TypeError: import_product.productRepository is not a constructor
    at ProductService.<instance_members_initializer> (C:\Users\BTA\Desktop\PJ\THDELIVERY\backend\src\modules\product\producvt.service.ts:10:18)
    at new ProductService (C:\Users\BTA\Desktop\PJ\THDELIVERY\backend\src\modules\product\producvt.service.ts:9:8)
    at ProductController.<instance_members_initializer> (C:\Users\BTA\Desktop\PJ\THDELIVERY\backend\src\modules\product\products.controller.ts:7:21)
    at new ProductController (C:\Users\BTA\Desktop\PJ\THDELIVERY\backend\src\modules\product\products.controller.ts:6:8)
    at multer (C:\Users\BTA\Desktop\PJ\THDELIVERY\backend\src\modules\product\products.route.ts:11:20)
    at Object.<anonymous> (C:\Users\BTA\Desktop\PJ\THDELIVERY\backend\src\modules\product\products.route.ts:39:1)
    at Module._compile (node:internal/modules/cjs/loader:1706:14)
    at Object.transformer (C:\Users\BTA\Desktop\PJ\THDELIVERY\backend\node_modules\tsx\dist\register-D46fvsV_.cjs:3:1104)
    at Module.load (node:internal/modules/cjs/loader:1441:32)
    at Function._load (node:internal/modules/cjs/loader:1263:12)
TypeError: import_product.productRepository is not a constructor
    at ProductService.<instance_members_initializer> (C:\Users\BTA\Desktop\PJ\THDELIVERY\backend\src\modules\product\producvt.service.ts:10:18)
    at new ProductService (C:\Users\BTA\Desktop\PJ\THDELIVERY\backend\src\modules\product\producvt.service.ts:9:8)
    at ProductController.<instance_members_initializer> (C:\Users\BTA\Desktop\PJ\THDELIVERY\backend\src\modules\product\products.controller.ts:7:21)
    at new ProductController (C:\Users\BTA\Desktop\PJ\THDELIVERY\backend\src\modules\product\products.controller.ts:6:8)
    at multer (C:\Users\BTA\Desktop\PJ\THDELIVERY\backend\src\modules\product\products.route.ts:11:20)
    at Object.<anonymous> (C:\Users\BTA\Desktop\PJ\THDELIVERY\backend\src\modules\product\products.route.ts:39:1)
    at Module._compile (node:internal/modules/cjs/loader:1706:14)
    at Object.transformer (C:\Users\BTA\Desktop\PJ\THDELIVERY\backend\node_modules\tsx\dist\register-D46fvsV_.cjs:3:1104)
    at Module.load (node:internal/modules/cjs/loader:1441:32)
    at Function._load (node:internal/modules/cjs/loader:1263:12){"error":{},"exception":true,"date":"Sun Dec 21 2025 15:46:22 GMT-0300 (Brasilia Standard Time)","process":{"pid":14436,"uid":null,"gid":null,"cwd":"C:\\Users\\BTA\\Desktop\\PJ\\THDELIVERY\\backend","execPath":"C:\\Program Files\\nodejs\\node.exe","version":"v22.20.0","argv":["C:\\Program Files\\nodejs\\node.exe","C:\\Users\\BTA\\Desktop\\PJ\\THDELIVERY\\backend\\src\\server.ts"],"memoryUsage":{"rss":108003328,"heapTotal":39936000,"heapUsed":27012632,"external":5208622,"arrayBuffers":265331}},"os":{"loadavg":[0,0,0],"uptime":268878.203},"trace":[{"column":18,"file":"C:\\Users\\BTA\\Desktop\\PJ\\THDELIVERY\\backend\\src\\modules\\product\\producvt.service.ts","function":"ProductService.<instance_members_initializer>","line":10,"method":"<instance_members_initializer>","native":false},{"column":8,"file":"C:\\Users\\BTA\\Desktop\\PJ\\THDELIVERY\\backend\\src\\modules\\product\\producvt.service.ts","function":"new ProductService","line":9,"method":null,"native":false},{"column":21,"file":"C:\\Users\\BTA\\Desktop\\PJ\\THDELIVERY\\backend\\src\\modules\\product\\products.controller.ts","function":"ProductController.<instance_members_initializer>","line":7,"method":"<instance_members_initializer>","native":false},{"column":8,"file":"C:\\Users\\BTA\\Desktop\\PJ\\THDELIVERY\\backend\\src\\modules\\product\\products.controller.ts","function":"new ProductController","line":6,"method":null,"native":false},{"column":20,"file":"C:\\Users\\BTA\\Desktop\\PJ\\THDELIVERY\\backend\\src\\modules\\product\\products.route.ts","function":"multer","line":11,"method":null,"native":false},{"column":1,"file":"C:\\Users\\BTA\\Desktop\\PJ\\THDELIVERY\\backend\\src\\modules\\product\\products.route.ts","function":null,"line":39,"method":null,"native":false},{"column":14,"file":"node:internal/modules/cjs/loader","function":"Module._compile","line":1706,"method":"_compile","native":false},{"column":1104,"file":"C:\\Users\\BTA\\Desktop\\PJ\\THDELIVERY\\backend\\node_modules\\tsx\\dist\\register-D46fvsV_.cjs","function":"Object.transformer","line":3,"method":"transformer","native":false},{"column":32,"file":"node:internal/modules/cjs/loader","function":"Module.load","line":1441,"method":"load","native":false},{"column":12,"file":"node:internal/modules/cjs/loader","function":"Function._load","line":1263,"method":"_load","native":false}]}
[2025-12-21T18:46:26.110Z] [31merror[39m: uncaughtException: import_product.productRepository is not a constructor
TypeError: import_product.productRepository is not a constructor
    at ProductService.<instance_members_initializer> (C:\Users\BTA\Desktop\PJ\THDELIVERY\backend\src\modules\product\producvt.service.ts:10:18)
    at new ProductService (C:\Users\BTA\Desktop\PJ\THDELIVERY\backend\src\modules\product\producvt.service.ts:9:8)
    at ProductController.<instance_members_initializer> (C:\Users\BTA\Desktop\PJ\THDELIVERY\backend\src\modules\product\products.controller.ts:7:21)
    at new ProductController (C:\Users\BTA\Desktop\PJ\THDELIVERY\backend\src\modules\product\products.controller.ts:6:8)
    at multer (C:\Users\BTA\Desktop\PJ\THDELIVERY\backend\src\modules\product\products.route.ts:11:20)
    at Object.<anonymous> (C:\Users\BTA\Desktop\PJ\THDELIVERY\backend\src\modules\product\products.route.ts:39:1)
    at Module._compile (node:internal/modules/cjs/loader:1706:14)
    at Object.transformer (C:\Users\BTA\Desktop\PJ\THDELIVERY\backend\node_modules\tsx\dist\register-D46fvsV_.cjs:3:1104)
    at Module.load (node:internal/modules/cjs/loader:1441:32)
    at Function._load (node:internal/modules/cjs/loader:1263:12)
TypeError: import_product.productRepository is not a constructor
    at ProductService.<instance_members_initializer> (C:\Users\BTA\Desktop\PJ\THDELIVERY\backend\src\modules\product\producvt.service.ts:10:18)
    at new ProductService (C:\Users\BTA\Desktop\PJ\THDELIVERY\backend\src\modules\product\producvt.service.ts:9:8)
    at ProductController.<instance_members_initializer> (C:\Users\BTA\Desktop\PJ\THDELIVERY\backend\src\modules\product\products.controller.ts:7:21)
    at new ProductController (C:\Users\BTA\Desktop\PJ\THDELIVERY\backend\src\modules\product\products.controller.ts:6:8)
    at multer (C:\Users\BTA\Desktop\PJ\THDELIVERY\backend\src\modules\product\products.route.ts:11:20)
    at Object.<anonymous> (C:\Users\BTA\Desktop\PJ\THDELIVERY\backend\src\modules\product\products.route.ts:39:1)
    at Module._compile (node:internal/modules/cjs/loader:1706:14)
    at Object.transformer (C:\Users\BTA\Desktop\PJ\THDELIVERY\backend\node_modules\tsx\dist\register-D46fvsV_.cjs:3:1104)
    at Module.load (node:internal/modules/cjs/loader:1441:32)
    at Function._load (node:internal/modules/cjs/loader:1263:12){"error":{},"exception":true,"date":"Sun Dec 21 2025 15:46:26 GMT-0300 (Brasilia Standard Time)","process":{"pid":5768,"uid":null,"gid":null,"cwd":"C:\\Users\\BTA\\Desktop\\PJ\\THDELIVERY\\backend","execPath":"C:\\Program Files\\nodejs\\node.exe","version":"v22.20.0","argv":["C:\\Program Files\\nodejs\\node.exe","C:\\Users\\BTA\\Desktop\\PJ\\THDELIVERY\\backend\\src\\server.ts"],"memoryUsage":{"rss":97509376,"heapTotal":39915520,"heapUsed":27595976,"external":5200230,"arrayBuffers":256931}},"os":{"loadavg":[0,0,0],"uptime":268881.859},"trace":[{"column":18,"file":"C:\\Users\\BTA\\Desktop\\PJ\\THDELIVERY\\backend\\src\\modules\\product\\producvt.service.ts","function":"ProductService.<instance_members_initializer>","line":10,"method":"<instance_members_initializer>","native":false},{"column":8,"file":"C:\\Users\\BTA\\Desktop\\PJ\\THDELIVERY\\backend\\src\\modules\\product\\producvt.service.ts","function":"new ProductService","line":9,"method":null,"native":false},{"column":21,"file":"C:\\Users\\BTA\\Desktop\\PJ\\THDELIVERY\\backend\\src\\modules\\product\\products.controller.ts","function":"ProductController.<instance_members_initializer>","line":7,"method":"<instance_members_initializer>","native":false},{"column":8,"file":"C:\\Users\\BTA\\Desktop\\PJ\\THDELIVERY\\backend\\src\\modules\\product\\products.controller.ts","function":"new ProductController","line":6,"method":null,"native":false},{"column":20,"file":"C:\\Users\\BTA\\Desktop\\PJ\\THDELIVERY\\backend\\src\\modules\\product\\products.route.ts","function":"multer","line":11,"method":null,"native":false},{"column":1,"file":"C:\\Users\\BTA\\Desktop\\PJ\\THDELIVERY\\backend\\src\\modules\\product\\products.route.ts","function":null,"line":39,"method":null,"native":false},{"column":14,"file":"node:internal/modules/cjs/loader","function":"Module._compile","line":1706,"method":"_compile","native":false},{"column":1104,"file":"C:\\Users\\BTA\\Desktop\\PJ\\THDELIVERY\\backend\\node_modules\\tsx\\dist\\register-D46fvsV_.cjs","function":"Object.transformer","line":3,"method":"transformer","native":false},{"column":32,"file":"node:internal/modules/cjs/loader","function":"Module.load","line":1441,"method":"load","native":false},{"column":12,"file":"node:internal/modules/cjs/loader","function":"Function._load","line":1263,"method":"_load","native":false}]}
[2025-12-21T18:46:38.714Z] [31merror[39m: uncaughtException: import_product.productRepository is not a constructor
TypeError: import_product.productRepository is not a constructor
    at ProductService.<instance_members_initializer> (C:\Users\BTA\Desktop\PJ\THDELIVERY\backend\src\modules\product\producvt.service.ts:10:18)
    at new ProductService (C:\Users\BTA\Desktop\PJ\THDELIVERY\backend\src\modules\product\producvt.service.ts:9:8)
    at ProductController.<instance_members_initializer> (C:\Users\BTA\Desktop\PJ\THDELIVERY\backend\src\modules\product\products.controller.ts:7:21)
    at new ProductController (C:\Users\BTA\Desktop\PJ\THDELIVERY\backend\src\modules\product\products.controller.ts:6:8)
    at multer (C:\Users\BTA\Desktop\PJ\THDELIVERY\backend\src\modules\product\products.route.ts:11:20)
    at Object.<anonymous> (C:\Users\BTA\Desktop\PJ\THDELIVERY\backend\src\modules\product\products.route.ts:39:1)
    at Module._compile (node:internal/modules/cjs/loader:1706:14)
    at Object.transformer (C:\Users\BTA\Desktop\PJ\THDELIVERY\backend\node_modules\tsx\dist\register-D46fvsV_.cjs:3:1104)
    at Module.load (node:internal/modules/cjs/loader:1441:32)
    at Function._load (node:internal/modules/cjs/loader:1263:12)
TypeError: import_product.productRepository is not a constructor
    at ProductService.<instance_members_initializer> (C:\Users\BTA\Desktop\PJ\THDELIVERY\backend\src\modules\product\producvt.service.ts:10:18)
    at new ProductService (C:\Users\BTA\Desktop\PJ\THDELIVERY\backend\src\modules\product\producvt.service.ts:9:8)
    at ProductController.<instance_members_initializer> (C:\Users\BTA\Desktop\PJ\THDELIVERY\backend\src\modules\product\products.controller.ts:7:21)
    at new ProductController (C:\Users\BTA\Desktop\PJ\THDELIVERY\backend\src\modules\product\products.controller.ts:6:8)
    at multer (C:\Users\BTA\Desktop\PJ\THDELIVERY\backend\src\modules\product\products.route.ts:11:20)
    at Object.<anonymous> (C:\Users\BTA\Desktop\PJ\THDELIVERY\backend\src\modules\product\products.route.ts:39:1)
    at Module._compile (node:internal/modules/cjs/loader:1706:14)
    at Object.transformer (C:\Users\BTA\Desktop\PJ\THDELIVERY\backend\node_modules\tsx\dist\register-D46fvsV_.cjs:3:1104)
    at Module.load (node:internal/modules/cjs/loader:1441:32)
    at Function._load (node:internal/modules/cjs/loader:1263:12){"error":{},"exception":true,"date":"Sun Dec 21 2025 15:46:38 GMT-0300 (Brasilia Standard Time)","process":{"pid":11636,"uid":null,"gid":null,"cwd":"C:\\Users\\BTA\\Desktop\\PJ\\THDELIVERY\\backend","execPath":"C:\\Program Files\\nodejs\\node.exe","version":"v22.20.0","argv":["C:\\Program Files\\nodejs\\node.exe","C:\\Users\\BTA\\Desktop\\PJ\\THDELIVERY\\backend\\src\\server.ts"],"memoryUsage":{"rss":108085248,"heapTotal":39936000,"heapUsed":26825024,"external":5200430,"arrayBuffers":257139}},"os":{"loadavg":[0,0,0],"uptime":268894.468},"trace":[{"column":18,"file":"C:\\Users\\BTA\\Desktop\\PJ\\THDELIVERY\\backend\\src\\modules\\product\\producvt.service.ts","function":"ProductService.<instance_members_initializer>","line":10,"method":"<instance_members_initializer>","native":false},{"column":8,"file":"C:\\Users\\BTA\\Desktop\\PJ\\THDELIVERY\\backend\\src\\modules\\product\\producvt.service.ts","function":"new ProductService","line":9,"method":null,"native":false},{"column":21,"file":"C:\\Users\\BTA\\Desktop\\PJ\\THDELIVERY\\backend\\src\\modules\\product\\products.controller.ts","function":"ProductController.<instance_members_initializer>","line":7,"method":"<instance_members_initializer>","native":false},{"column":8,"file":"C:\\Users\\BTA\\Desktop\\PJ\\THDELIVERY\\backend\\src\\modules\\product\\products.controller.ts","function":"new ProductController","line":6,"method":null,"native":false},{"column":20,"file":"C:\\Users\\BTA\\Desktop\\PJ\\THDELIVERY\\backend\\src\\modules\\product\\products.route.ts","function":"multer","line":11,"method":null,"native":false},{"column":1,"file":"C:\\Users\\BTA\\Desktop\\PJ\\THDELIVERY\\backend\\src\\modules\\product\\products.route.ts","function":null,"line":39,"method":null,"native":false},{"column":14,"file":"node:internal/modules/cjs/loader","function":"Module._compile","line":1706,"method":"_compile","native":false},{"column":1104,"file":"C:\\Users\\BTA\\Desktop\\PJ\\THDELIVERY\\backend\\node_modules\\tsx\\dist\\register-D46fvsV_.cjs","function":"Object.transformer","line":3,"method":"transformer","native":false},{"column":32,"file":"node:internal/modules/cjs/loader","function":"Module.load","line":1441,"method":"load","native":false},{"column":12,"file":"node:internal/modules/cjs/loader","function":"Function._load","line":1263,"method":"_load","native":false}]}
[2025-12-21T18:46:38.725Z] [31merror[39m: uncaughtException: import_product.productRepository is not a constructor
TypeError: import_product.productRepository is not a constructor
    at ProductService.<instance_members_initializer> (C:\Users\BTA\Desktop\PJ\THDELIVERY\backend\src\modules\product\producvt.service.ts:10:18)
    at new ProductService (C:\Users\BTA\Desktop\PJ\THDELIVERY\backend\src\modules\product\producvt.service.ts:9:8)
    at ProductController.<instance_members_initializer> (C:\Users\BTA\Desktop\PJ\THDELIVERY\backend\src\modules\product\products.controller.ts:7:21)
    at new ProductController (C:\Users\BTA\Desktop\PJ\THDELIVERY\backend\src\modules\product\products.controller.ts:6:8)
    at multer (C:\Users\BTA\Desktop\PJ\THDELIVERY\backend\src\modules\product\products.route.ts:11:20)
    at Object.<anonymous> (C:\Users\BTA\Desktop\PJ\THDELIVERY\backend\src\modules\product\products.route.ts:39:1)
    at Module._compile (node:internal/modules/cjs/loader:1706:14)
    at Object.transformer (C:\Users\BTA\Desktop\PJ\THDELIVERY\backend\node_modules\tsx\dist\register-D46fvsV_.cjs:3:1104)
    at Module.load (node:internal/modules/cjs/loader:1441:32)
    at Function._load (node:internal/modules/cjs/loader:1263:12)
TypeError: import_product.productRepository is not a constructor
    at ProductService.<instance_members_initializer> (C:\Users\BTA\Desktop\PJ\THDELIVERY\backend\src\modules\product\producvt.service.ts:10:18)
    at new ProductService (C:\Users\BTA\Desktop\PJ\THDELIVERY\backend\src\modules\product\producvt.service.ts:9:8)
    at ProductController.<instance_members_initializer> (C:\Users\BTA\Desktop\PJ\THDELIVERY\backend\src\modules\product\products.controller.ts:7:21)
    at new ProductController (C:\Users\BTA\Desktop\PJ\THDELIVERY\backend\src\modules\product\products.controller.ts:6:8)
    at multer (C:\Users\BTA\Desktop\PJ\THDELIVERY\backend\src\modules\product\products.route.ts:11:20)
    at Object.<anonymous> (C:\Users\BTA\Desktop\PJ\THDELIVERY\backend\src\modules\product\products.route.ts:39:1)
    at Module._compile (node:internal/modules/cjs/loader:1706:14)
    at Object.transformer (C:\Users\BTA\Desktop\PJ\THDELIVERY\backend\node_modules\tsx\dist\register-D46fvsV_.cjs:3:1104)
    at Module.load (node:internal/modules/cjs/loader:1441:32)
    at Function._load (node:internal/modules/cjs/loader:1263:12){"error":{},"exception":true,"date":"Sun Dec 21 2025 15:46:38 GMT-0300 (Brasilia Standard Time)","process":{"pid":19008,"uid":null,"gid":null,"cwd":"C:\\Users\\BTA\\Desktop\\PJ\\THDELIVERY\\backend","execPath":"C:\\Program Files\\nodejs\\node.exe","version":"v22.20.0","argv":["C:\\Program Files\\nodejs\\node.exe","C:\\Users\\BTA\\Desktop\\PJ\\THDELIVERY\\backend\\src\\server.ts"],"memoryUsage":{"rss":108068864,"heapTotal":39936000,"heapUsed":26831624,"external":5200430,"arrayBuffers":257139}},"os":{"loadavg":[0,0,0],"uptime":268894.468},"trace":[{"column":18,"file":"C:\\Users\\BTA\\Desktop\\PJ\\THDELIVERY\\backend\\src\\modules\\product\\producvt.service.ts","function":"ProductService.<instance_members_initializer>","line":10,"method":"<instance_members_initializer>","native":false},{"column":8,"file":"C:\\Users\\BTA\\Desktop\\PJ\\THDELIVERY\\backend\\src\\modules\\product\\producvt.service.ts","function":"new ProductService","line":9,"method":null,"native":false},{"column":21,"file":"C:\\Users\\BTA\\Desktop\\PJ\\THDELIVERY\\backend\\src\\modules\\product\\products.controller.ts","function":"ProductController.<instance_members_initializer>","line":7,"method":"<instance_members_initializer>","native":false},{"column":8,"file":"C:\\Users\\BTA\\Desktop\\PJ\\THDELIVERY\\backend\\src\\modules\\product\\products.controller.ts","function":"new ProductController","line":6,"method":null,"native":false},{"column":20,"file":"C:\\Users\\BTA\\Desktop\\PJ\\THDELIVERY\\backend\\src\\modules\\product\\products.route.ts","function":"multer","line":11,"method":null,"native":false},{"column":1,"file":"C:\\Users\\BTA\\Desktop\\PJ\\THDELIVERY\\backend\\src\\modules\\product\\products.route.ts","function":null,"line":39,"method":null,"native":false},{"column":14,"file":"node:internal/modules/cjs/loader","function":"Module._compile","line":1706,"method":"_compile","native":false},{"column":1104,"file":"C:\\Users\\BTA\\Desktop\\PJ\\THDELIVERY\\backend\\node_modules\\tsx\\dist\\register-D46fvsV_.cjs","function":"Object.transformer","line":3,"method":"transformer","native":false},{"column":32,"file":"node:internal/modules/cjs/loader","function":"Module.load","line":1441,"method":"load","native":false},{"column":12,"file":"node:internal/modules/cjs/loader","function":"Function._load","line":1263,"method":"_load","native":false}]}
[2025-12-21T18:46:51.141Z] [31merror[39m: uncaughtException: productRepository is not defined
ReferenceError: productRepository is not defined
    at ProductService.<instance_members_initializer> (C:\Users\BTA\Desktop\PJ\THDELIVERY\backend\src\modules\product\producvt.service.ts:9:18)
    at new ProductService (C:\Users\BTA\Desktop\PJ\THDELIVERY\backend\src\modules\product\producvt.service.ts:8:8)
    at ProductController.<instance_members_initializer> (C:\Users\BTA\Desktop\PJ\THDELIVERY\backend\src\modules\product\products.controller.ts:7:21)
    at new ProductController (C:\Users\BTA\Desktop\PJ\THDELIVERY\backend\src\modules\product\products.controller.ts:6:8)
    at multer (C:\Users\BTA\Desktop\PJ\THDELIVERY\backend\src\modules\product\products.route.ts:11:20)
    at Object.<anonymous> (C:\Users\BTA\Desktop\PJ\THDELIVERY\backend\src\modules\product\products.route.ts:39:1)
    at Module._compile (node:internal/modules/cjs/loader:1706:14)
    at Object.transformer (C:\Users\BTA\Desktop\PJ\THDELIVERY\backend\node_modules\tsx\dist\register-D46fvsV_.cjs:3:1104)
    at Module.load (node:internal/modules/cjs/loader:1441:32)
    at Function._load (node:internal/modules/cjs/loader:1263:12)
ReferenceError: productRepository is not defined
    at ProductService.<instance_members_initializer> (C:\Users\BTA\Desktop\PJ\THDELIVERY\backend\src\modules\product\producvt.service.ts:9:18)
    at new ProductService (C:\Users\BTA\Desktop\PJ\THDELIVERY\backend\src\modules\product\producvt.service.ts:8:8)
    at ProductController.<instance_members_initializer> (C:\Users\BTA\Desktop\PJ\THDELIVERY\backend\src\modules\product\products.controller.ts:7:21)
    at new ProductController (C:\Users\BTA\Desktop\PJ\THDELIVERY\backend\src\modules\product\products.controller.ts:6:8)
    at multer (C:\Users\BTA\Desktop\PJ\THDELIVERY\backend\src\modules\product\products.route.ts:11:20)
    at Object.<anonymous> (C:\Users\BTA\Desktop\PJ\THDELIVERY\backend\src\modules\product\products.route.ts:39:1)
    at Module._compile (node:internal/modules/cjs/loader:1706:14)
    at Object.transformer (C:\Users\BTA\Desktop\PJ\THDELIVERY\backend\node_modules\tsx\dist\register-D46fvsV_.cjs:3:1104)
    at Module.load (node:internal/modules/cjs/loader:1441:32)
    at Function._load (node:internal/modules/cjs/loader:1263:12){"error":{},"exception":true,"date":"Sun Dec 21 2025 15:46:51 GMT-0300 (Brasilia Standard Time)","process":{"pid":14596,"uid":null,"gid":null,"cwd":"C:\\Users\\BTA\\Desktop\\PJ\\THDELIVERY\\backend","execPath":"C:\\Program Files\\nodejs\\node.exe","version":"v22.20.0","argv":["C:\\Program Files\\nodejs\\node.exe","C:\\Users\\BTA\\Desktop\\PJ\\THDELIVERY\\backend\\src\\server.ts"],"memoryUsage":{"rss":107524096,"heapTotal":39673856,"heapUsed":26771200,"external":5204611,"arrayBuffers":261320}},"os":{"loadavg":[0,0,0],"uptime":268906.89},"trace":[{"column":18,"file":"C:\\Users\\BTA\\Desktop\\PJ\\THDELIVERY\\backend\\src\\modules\\product\\producvt.service.ts","function":"ProductService.<instance_members_initializer>","line":9,"method":"<instance_members_initializer>","native":false},{"column":8,"file":"C:\\Users\\BTA\\Desktop\\PJ\\THDELIVERY\\backend\\src\\modules\\product\\producvt.service.ts","function":"new ProductService","line":8,"method":null,"native":false},{"column":21,"file":"C:\\Users\\BTA\\Desktop\\PJ\\THDELIVERY\\backend\\src\\modules\\product\\products.controller.ts","function":"ProductController.<instance_members_initializer>","line":7,"method":"<instance_members_initializer>","native":false},{"column":8,"file":"C:\\Users\\BTA\\Desktop\\PJ\\THDELIVERY\\backend\\src\\modules\\product\\products.controller.ts","function":"new ProductController","line":6,"method":null,"native":false},{"column":20,"file":"C:\\Users\\BTA\\Desktop\\PJ\\THDELIVERY\\backend\\src\\modules\\product\\products.route.ts","function":"multer","line":11,"method":null,"native":false},{"column":1,"file":"C:\\Users\\BTA\\Desktop\\PJ\\THDELIVERY\\backend\\src\\modules\\product\\products.route.ts","function":null,"line":39,"method":null,"native":false},{"column":14,"file":"node:internal/modules/cjs/loader","function":"Module._compile","line":1706,"method":"_compile","native":false},{"column":1104,"file":"C:\\Users\\BTA\\Desktop\\PJ\\THDELIVERY\\backend\\node_modules\\tsx\\dist\\register-D46fvsV_.cjs","function":"Object.transformer","line":3,"method":"transformer","native":false},{"column":32,"file":"node:internal/modules/cjs/loader","function":"Module.load","line":1441,"method":"load","native":false},{"column":12,"file":"node:internal/modules/cjs/loader","function":"Function._load","line":1263,"method":"_load","native":false}]}
[2025-12-21T18:46:51.192Z] [31merror[39m: uncaughtException: productRepository is not defined
ReferenceError: productRepository is not defined
    at ProductService.<instance_members_initializer> (C:\Users\BTA\Desktop\PJ\THDELIVERY\backend\src\modules\product\producvt.service.ts:9:18)
    at new ProductService (C:\Users\BTA\Desktop\PJ\THDELIVERY\backend\src\modules\product\producvt.service.ts:8:8)
    at ProductController.<instance_members_initializer> (C:\Users\BTA\Desktop\PJ\THDELIVERY\backend\src\modules\product\products.controller.ts:7:21)
    at new ProductController (C:\Users\BTA\Desktop\PJ\THDELIVERY\backend\src\modules\product\products.controller.ts:6:8)
    at multer (C:\Users\BTA\Desktop\PJ\THDELIVERY\backend\src\modules\product\products.route.ts:11:20)
    at Object.<anonymous> (C:\Users\BTA\Desktop\PJ\THDELIVERY\backend\src\modules\product\products.route.ts:39:1)
    at Module._compile (node:internal/modules/cjs/loader:1706:14)
    at Object.transformer (C:\Users\BTA\Desktop\PJ\THDELIVERY\backend\node_modules\tsx\dist\register-D46fvsV_.cjs:3:1104)
    at Module.load (node:internal/modules/cjs/loader:1441:32)
    at Function._load (node:internal/modules/cjs/loader:1263:12)
ReferenceError: productRepository is not defined
    at ProductService.<instance_members_initializer> (C:\Users\BTA\Desktop\PJ\THDELIVERY\backend\src\modules\product\producvt.service.ts:9:18)
    at new ProductService (C:\Users\BTA\Desktop\PJ\THDELIVERY\backend\src\modules\product\producvt.service.ts:8:8)
    at ProductController.<instance_members_initializer> (C:\Users\BTA\Desktop\PJ\THDELIVERY\backend\src\modules\product\products.controller.ts:7:21)
    at new ProductController (C:\Users\BTA\Desktop\PJ\THDELIVERY\backend\src\modules\product\products.controller.ts:6:8)
    at multer (C:\Users\BTA\Desktop\PJ\THDELIVERY\backend\src\modules\product\products.route.ts:11:20)
    at Object.<anonymous> (C:\Users\BTA\Desktop\PJ\THDELIVERY\backend\src\modules\product\products.route.ts:39:1)
    at Module._compile (node:internal/modules/cjs/loader:1706:14)
    at Object.transformer (C:\Users\BTA\Desktop\PJ\THDELIVERY\backend\node_modules\tsx\dist\register-D46fvsV_.cjs:3:1104)
    at Module.load (node:internal/modules/cjs/loader:1441:32)
    at Function._load (node:internal/modules/cjs/loader:1263:12){"error":{},"exception":true,"date":"Sun Dec 21 2025 15:46:51 GMT-0300 (Brasilia Standard Time)","process":{"pid":5404,"uid":null,"gid":null,"cwd":"C:\\Users\\BTA\\Desktop\\PJ\\THDELIVERY\\backend","execPath":"C:\\Program Files\\nodejs\\node.exe","version":"v22.20.0","argv":["C:\\Program Files\\nodejs\\node.exe","C:\\Users\\BTA\\Desktop\\PJ\\THDELIVERY\\backend\\src\\server.ts"],"memoryUsage":{"rss":108040192,"heapTotal":40177664,"heapUsed":27870008,"external":5204611,"arrayBuffers":261320}},"os":{"loadavg":[0,0,0],"uptime":268906.937},"trace":[{"column":18,"file":"C:\\Users\\BTA\\Desktop\\PJ\\THDELIVERY\\backend\\src\\modules\\product\\producvt.service.ts","function":"ProductService.<instance_members_initializer>","line":9,"method":"<instance_members_initializer>","native":false},{"column":8,"file":"C:\\Users\\BTA\\Desktop\\PJ\\THDELIVERY\\backend\\src\\modules\\product\\producvt.service.ts","function":"new ProductService","line":8,"method":null,"native":false},{"column":21,"file":"C:\\Users\\BTA\\Desktop\\PJ\\THDELIVERY\\backend\\src\\modules\\product\\products.controller.ts","function":"ProductController.<instance_members_initializer>","line":7,"method":"<instance_members_initializer>","native":false},{"column":8,"file":"C:\\Users\\BTA\\Desktop\\PJ\\THDELIVERY\\backend\\src\\modules\\product\\products.controller.ts","function":"new ProductController","line":6,"method":null,"native":false},{"column":20,"file":"C:\\Users\\BTA\\Desktop\\PJ\\THDELIVERY\\backend\\src\\modules\\product\\products.route.ts","function":"multer","line":11,"method":null,"native":false},{"column":1,"file":"C:\\Users\\BTA\\Desktop\\PJ\\THDELIVERY\\backend\\src\\modules\\product\\products.route.ts","function":null,"line":39,"method":null,"native":false},{"column":14,"file":"node:internal/modules/cjs/loader","function":"Module._compile","line":1706,"method":"_compile","native":false},{"column":1104,"file":"C:\\Users\\BTA\\Desktop\\PJ\\THDELIVERY\\backend\\node_modules\\tsx\\dist\\register-D46fvsV_.cjs","function":"Object.transformer","line":3,"method":"transformer","native":false},{"column":32,"file":"node:internal/modules/cjs/loader","function":"Module.load","line":1441,"method":"load","native":false},{"column":12,"file":"node:internal/modules/cjs/loader","function":"Function._load","line":1263,"method":"_load","native":false}]}
[2025-12-21T18:47:02.107Z] [31merror[39m: uncaughtException: Transform failed with 1 error:
C:\Users\BTA\Desktop\PJ\THDELIVERY\backend\src\modules\product\producvt.service.ts:64:21: ERROR: Expected identifier but found "("
Error: Transform failed with 1 error:
C:\Users\BTA\Desktop\PJ\THDELIVERY\backend\src\modules\product\producvt.service.ts:64:21: ERROR: Expected identifier but found "("
    at failureErrorWithLog (C:\Users\BTA\Desktop\PJ\THDELIVERY\backend\node_modules\esbuild\lib\main.js:1467:15)
    at C:\Users\BTA\Desktop\PJ\THDELIVERY\backend\node_modules\esbuild\lib\main.js:736:50
    at responseCallbacks.<computed> (C:\Users\BTA\Desktop\PJ\THDELIVERY\backend\node_modules\esbuild\lib\main.js:603:9)
    at handleIncomingPacket (C:\Users\BTA\Desktop\PJ\THDELIVERY\backend\node_modules\esbuild\lib\main.js:658:12)
    at Socket.readFromStdout (C:\Users\BTA\Desktop\PJ\THDELIVERY\backend\node_modules\esbuild\lib\main.js:581:7)
    at Socket.emit (node:events:519:28)
    at addChunk (node:internal/streams/readable:561:12)
    at readableAddChunkPushByteMode (node:internal/streams/readable:512:3)
    at Readable.push (node:internal/streams/readable:392:5)
    at Pipe.onStreamRead (node:internal/stream_base_commons:189:23)
Error: Transform failed with 1 error:
C:\Users\BTA\Desktop\PJ\THDELIVERY\backend\src\modules\product\producvt.service.ts:64:21: ERROR: Expected identifier but found "("
    at failureErrorWithLog (C:\Users\BTA\Desktop\PJ\THDELIVERY\backend\node_modules\esbuild\lib\main.js:1467:15)
    at C:\Users\BTA\Desktop\PJ\THDELIVERY\backend\node_modules\esbuild\lib\main.js:736:50
    at responseCallbacks.<computed> (C:\Users\BTA\Desktop\PJ\THDELIVERY\backend\node_modules\esbuild\lib\main.js:603:9)
    at handleIncomingPacket (C:\Users\BTA\Desktop\PJ\THDELIVERY\backend\node_modules\esbuild\lib\main.js:658:12)
    at Socket.readFromStdout (C:\Users\BTA\Desktop\PJ\THDELIVERY\backend\node_modules\esbuild\lib\main.js:581:7)
    at Socket.emit (node:events:519:28)
    at addChunk (node:internal/streams/readable:561:12)
    at readableAddChunkPushByteMode (node:internal/streams/readable:512:3)
    at Readable.push (node:internal/streams/readable:392:5)
    at Pipe.onStreamRead (node:internal/stream_base_commons:189:23){"error":{"name":"TransformError"},"exception":true,"date":"Sun Dec 21 2025 15:47:02 GMT-0300 (Brasilia Standard Time)","process":{"pid":19216,"uid":null,"gid":null,"cwd":"C:\\Users\\BTA\\Desktop\\PJ\\THDELIVERY\\backend","execPath":"C:\\Program Files\\nodejs\\node.exe","version":"v22.20.0","argv":["C:\\Program Files\\nodejs\\node.exe","C:\\Users\\BTA\\Desktop\\PJ\\THDELIVERY\\backend\\src\\server.ts"],"memoryUsage":{"rss":97726464,"heapTotal":35504128,"heapUsed":25198528,"external":3515578,"arrayBuffers":185879}},"os":{"loadavg":[0,0,0],"uptime":268917.859},"trace":[{"column":15,"file":"C:\\Users\\BTA\\Desktop\\PJ\\THDELIVERY\\backend\\node_modules\\esbuild\\lib\\main.js","function":"failureErrorWithLog","line":1467,"method":null,"native":false},{"column":50,"file":"C:\\Users\\BTA\\Desktop\\PJ\\THDELIVERY\\backend\\node_modules\\esbuild\\lib\\main.js","function":null,"line":736,"method":null,"native":false},{"column":9,"file":"C:\\Users\\BTA\\Desktop\\PJ\\THDELIVERY\\backend\\node_modules\\esbuild\\lib\\main.js","function":"responseCallbacks.<computed>","line":603,"method":"<computed>","native":false},{"column":12,"file":"C:\\Users\\BTA\\Desktop\\PJ\\THDELIVERY\\backend\\node_modules\\esbuild\\lib\\main.js","function":"handleIncomingPacket","line":658,"method":null,"native":false},{"column":7,"file":"C:\\Users\\BTA\\Desktop\\PJ\\THDELIVERY\\backend\\node_modules\\esbuild\\lib\\main.js","function":"Socket.readFromStdout","line":581,"method":"readFromStdout","native":false},{"column":28,"file":"node:events","function":"Socket.emit","line":519,"method":"emit","native":false},{"column":12,"file":"node:internal/streams/readable","function":"addChunk","line":561,"method":null,"native":false},{"column":3,"file":"node:internal/streams/readable","function":"readableAddChunkPushByteMode","line":512,"method":null,"native":false},{"column":5,"file":"node:internal/streams/readable","function":"Readable.push","line":392,"method":"push","native":false},{"column":23,"file":"node:internal/stream_base_commons","function":"Pipe.onStreamRead","line":189,"method":"onStreamRead","native":false}]}
[2025-12-21T18:47:02.107Z] [31merror[39m: uncaughtException: Transform failed with 1 error:
C:\Users\BTA\Desktop\PJ\THDELIVERY\backend\src\modules\product\producvt.service.ts:64:21: ERROR: Expected identifier but found "("
Error: Transform failed with 1 error:
C:\Users\BTA\Desktop\PJ\THDELIVERY\backend\src\modules\product\producvt.service.ts:64:21: ERROR: Expected identifier but found "("
    at failureErrorWithLog (C:\Users\BTA\Desktop\PJ\THDELIVERY\backend\node_modules\esbuild\lib\main.js:1467:15)
    at C:\Users\BTA\Desktop\PJ\THDELIVERY\backend\node_modules\esbuild\lib\main.js:736:50
    at responseCallbacks.<computed> (C:\Users\BTA\Desktop\PJ\THDELIVERY\backend\node_modules\esbuild\lib\main.js:603:9)
    at handleIncomingPacket (C:\Users\BTA\Desktop\PJ\THDELIVERY\backend\node_modules\esbuild\lib\main.js:658:12)
    at Socket.readFromStdout (C:\Users\BTA\Desktop\PJ\THDELIVERY\backend\node_modules\esbuild\lib\main.js:581:7)
    at Socket.emit (node:events:519:28)
    at addChunk (node:internal/streams/readable:561:12)
    at readableAddChunkPushByteMode (node:internal/streams/readable:512:3)
    at Readable.push (node:internal/streams/readable:392:5)
    at Pipe.onStreamRead (node:internal/stream_base_commons:189:23)
Error: Transform failed with 1 error:
C:\Users\BTA\Desktop\PJ\THDELIVERY\backend\src\modules\product\producvt.service.ts:64:21: ERROR: Expected identifier but found "("
    at failureErrorWithLog (C:\Users\BTA\Desktop\PJ\THDELIVERY\backend\node_modules\esbuild\lib\main.js:1467:15)
    at C:\Users\BTA\Desktop\PJ\THDELIVERY\backend\node_modules\esbuild\lib\main.js:736:50
    at responseCallbacks.<computed> (C:\Users\BTA\Desktop\PJ\THDELIVERY\backend\node_modules\esbuild\lib\main.js:603:9)
    at handleIncomingPacket (C:\Users\BTA\Desktop\PJ\THDELIVERY\backend\node_modules\esbuild\lib\main.js:658:12)
    at Socket.readFromStdout (C:\Users\BTA\Desktop\PJ\THDELIVERY\backend\node_modules\esbuild\lib\main.js:581:7)
    at Socket.emit (node:events:519:28)
    at addChunk (node:internal/streams/readable:561:12)
    at readableAddChunkPushByteMode (node:internal/streams/readable:512:3)
    at Readable.push (node:internal/streams/readable:392:5)
    at Pipe.onStreamRead (node:internal/stream_base_commons:189:23){"error":{"name":"TransformError"},"exception":true,"date":"Sun Dec 21 2025 15:47:02 GMT-0300 (Brasilia Standard Time)","process":{"pid":20220,"uid":null,"gid":null,"cwd":"C:\\Users\\BTA\\Desktop\\PJ\\THDELIVERY\\backend","execPath":"C:\\Program Files\\nodejs\\node.exe","version":"v22.20.0","argv":["C:\\Program Files\\nodejs\\node.exe","C:\\Users\\BTA\\Desktop\\PJ\\THDELIVERY\\backend\\src\\server.ts"],"memoryUsage":{"rss":95674368,"heapTotal":35262464,"heapUsed":24263720,"external":3515578,"arrayBuffers":185879}},"os":{"loadavg":[0,0,0],"uptime":268917.859},"trace":[{"column":15,"file":"C:\\Users\\BTA\\Desktop\\PJ\\THDELIVERY\\backend\\node_modules\\esbuild\\lib\\main.js","function":"failureErrorWithLog","line":1467,"method":null,"native":false},{"column":50,"file":"C:\\Users\\BTA\\Desktop\\PJ\\THDELIVERY\\backend\\node_modules\\esbuild\\lib\\main.js","function":null,"line":736,"method":null,"native":false},{"column":9,"file":"C:\\Users\\BTA\\Desktop\\PJ\\THDELIVERY\\backend\\node_modules\\esbuild\\lib\\main.js","function":"responseCallbacks.<computed>","line":603,"method":"<computed>","native":false},{"column":12,"file":"C:\\Users\\BTA\\Desktop\\PJ\\THDELIVERY\\backend\\node_modules\\esbuild\\lib\\main.js","function":"handleIncomingPacket","line":658,"method":null,"native":false},{"column":7,"file":"C:\\Users\\BTA\\Desktop\\PJ\\THDELIVERY\\backend\\node_modules\\esbuild\\lib\\main.js","function":"Socket.readFromStdout","line":581,"method":"readFromStdout","native":false},{"column":28,"file":"node:events","function":"Socket.emit","line":519,"method":"emit","native":false},{"column":12,"file":"node:internal/streams/readable","function":"addChunk","line":561,"method":null,"native":false},{"column":3,"file":"node:internal/streams/readable","function":"readableAddChunkPushByteMode","line":512,"method":null,"native":false},{"column":5,"file":"node:internal/streams/readable","function":"Readable.push","line":392,"method":"push","native":false},{"column":23,"file":"node:internal/stream_base_commons","function":"Pipe.onStreamRead","line":189,"method":"onStreamRead","native":false}]}
[2025-12-21T18:47:11.782Z] [31merror[39m: uncaughtException: Transform failed with 1 error:
C:\Users\BTA\Desktop\PJ\THDELIVERY\backend\src\modules\product\producvt.service.ts:67:0: ERROR: Unexpected "}"
Error: Transform failed with 1 error:
C:\Users\BTA\Desktop\PJ\THDELIVERY\backend\src\modules\product\producvt.service.ts:67:0: ERROR: Unexpected "}"
    at failureErrorWithLog (C:\Users\BTA\Desktop\PJ\THDELIVERY\backend\node_modules\esbuild\lib\main.js:1467:15)
    at C:\Users\BTA\Desktop\PJ\THDELIVERY\backend\node_modules\esbuild\lib\main.js:736:50
    at responseCallbacks.<computed> (C:\Users\BTA\Desktop\PJ\THDELIVERY\backend\node_modules\esbuild\lib\main.js:603:9)
    at handleIncomingPacket (C:\Users\BTA\Desktop\PJ\THDELIVERY\backend\node_modules\esbuild\lib\main.js:658:12)
    at Socket.readFromStdout (C:\Users\BTA\Desktop\PJ\THDELIVERY\backend\node_modules\esbuild\lib\main.js:581:7)
    at Socket.emit (node:events:519:28)
    at addChunk (node:internal/streams/readable:561:12)
    at readableAddChunkPushByteMode (node:internal/streams/readable:512:3)
    at Readable.push (node:internal/streams/readable:392:5)
    at Pipe.onStreamRead (node:internal/stream_base_commons:189:23)
Error: Transform failed with 1 error:
C:\Users\BTA\Desktop\PJ\THDELIVERY\backend\src\modules\product\producvt.service.ts:67:0: ERROR: Unexpected "}"
    at failureErrorWithLog (C:\Users\BTA\Desktop\PJ\THDELIVERY\backend\node_modules\esbuild\lib\main.js:1467:15)
    at C:\Users\BTA\Desktop\PJ\THDELIVERY\backend\node_modules\esbuild\lib\main.js:736:50
    at responseCallbacks.<computed> (C:\Users\BTA\Desktop\PJ\THDELIVERY\backend\node_modules\esbuild\lib\main.js:603:9)
    at handleIncomingPacket (C:\Users\BTA\Desktop\PJ\THDELIVERY\backend\node_modules\esbuild\lib\main.js:658:12)
    at Socket.readFromStdout (C:\Users\BTA\Desktop\PJ\THDELIVERY\backend\node_modules\esbuild\lib\main.js:581:7)
    at Socket.emit (node:events:519:28)
    at addChunk (node:internal/streams/readable:561:12)
    at readableAddChunkPushByteMode (node:internal/streams/readable:512:3)
    at Readable.push (node:internal/streams/readable:392:5)
    at Pipe.onStreamRead (node:internal/stream_base_commons:189:23){"error":{"name":"TransformError"},"exception":true,"date":"Sun Dec 21 2025 15:47:11 GMT-0300 (Brasilia Standard Time)","process":{"pid":20044,"uid":null,"gid":null,"cwd":"C:\\Users\\BTA\\Desktop\\PJ\\THDELIVERY\\backend","execPath":"C:\\Program Files\\nodejs\\node.exe","version":"v22.20.0","argv":["C:\\Program Files\\nodejs\\node.exe","C:\\Users\\BTA\\Desktop\\PJ\\THDELIVERY\\backend\\src\\server.ts"],"memoryUsage":{"rss":96342016,"heapTotal":35000320,"heapUsed":24365248,"external":3515578,"arrayBuffers":185879}},"os":{"loadavg":[0,0,0],"uptime":268927.531},"trace":[{"column":15,"file":"C:\\Users\\BTA\\Desktop\\PJ\\THDELIVERY\\backend\\node_modules\\esbuild\\lib\\main.js","function":"failureErrorWithLog","line":1467,"method":null,"native":false},{"column":50,"file":"C:\\Users\\BTA\\Desktop\\PJ\\THDELIVERY\\backend\\node_modules\\esbuild\\lib\\main.js","function":null,"line":736,"method":null,"native":false},{"column":9,"file":"C:\\Users\\BTA\\Desktop\\PJ\\THDELIVERY\\backend\\node_modules\\esbuild\\lib\\main.js","function":"responseCallbacks.<computed>","line":603,"method":"<computed>","native":false},{"column":12,"file":"C:\\Users\\BTA\\Desktop\\PJ\\THDELIVERY\\backend\\node_modules\\esbuild\\lib\\main.js","function":"handleIncomingPacket","line":658,"method":null,"native":false},{"column":7,"file":"C:\\Users\\BTA\\Desktop\\PJ\\THDELIVERY\\backend\\node_modules\\esbuild\\lib\\main.js","function":"Socket.readFromStdout","line":581,"method":"readFromStdout","native":false},{"column":28,"file":"node:events","function":"Socket.emit","line":519,"method":"emit","native":false},{"column":12,"file":"node:internal/streams/readable","function":"addChunk","line":561,"method":null,"native":false},{"column":3,"file":"node:internal/streams/readable","function":"readableAddChunkPushByteMode","line":512,"method":null,"native":false},{"column":5,"file":"node:internal/streams/readable","function":"Readable.push","line":392,"method":"push","native":false},{"column":23,"file":"node:internal/stream_base_commons","function":"Pipe.onStreamRead","line":189,"method":"onStreamRead","native":false}]}
[2025-12-21T18:47:11.790Z] [31merror[39m: uncaughtException: Transform failed with 1 error:
C:\Users\BTA\Desktop\PJ\THDELIVERY\backend\src\modules\product\producvt.service.ts:67:0: ERROR: Unexpected "}"
Error: Transform failed with 1 error:
C:\Users\BTA\Desktop\PJ\THDELIVERY\backend\src\modules\product\producvt.service.ts:67:0: ERROR: Unexpected "}"
    at failureErrorWithLog (C:\Users\BTA\Desktop\PJ\THDELIVERY\backend\node_modules\esbuild\lib\main.js:1467:15)
    at C:\Users\BTA\Desktop\PJ\THDELIVERY\backend\node_modules\esbuild\lib\main.js:736:50
    at responseCallbacks.<computed> (C:\Users\BTA\Desktop\PJ\THDELIVERY\backend\node_modules\esbuild\lib\main.js:603:9)
    at handleIncomingPacket (C:\Users\BTA\Desktop\PJ\THDELIVERY\backend\node_modules\esbuild\lib\main.js:658:12)
    at Socket.readFromStdout (C:\Users\BTA\Desktop\PJ\THDELIVERY\backend\node_modules\esbuild\lib\main.js:581:7)
    at Socket.emit (node:events:519:28)
    at addChunk (node:internal/streams/readable:561:12)
    at readableAddChunkPushByteMode (node:internal/streams/readable:512:3)
    at Readable.push (node:internal/streams/readable:392:5)
    at Pipe.onStreamRead (node:internal/stream_base_commons:189:23)
Error: Transform failed with 1 error:
C:\Users\BTA\Desktop\PJ\THDELIVERY\backend\src\modules\product\producvt.service.ts:67:0: ERROR: Unexpected "}"
    at failureErrorWithLog (C:\Users\BTA\Desktop\PJ\THDELIVERY\backend\node_modules\esbuild\lib\main.js:1467:15)
    at C:\Users\BTA\Desktop\PJ\THDELIVERY\backend\node_modules\esbuild\lib\main.js:736:50
    at responseCallbacks.<computed> (C:\Users\BTA\Desktop\PJ\THDELIVERY\backend\node_modules\esbuild\lib\main.js:603:9)
    at handleIncomingPacket (C:\Users\BTA\Desktop\PJ\THDELIVERY\backend\node_modules\esbuild\lib\main.js:658:12)
    at Socket.readFromStdout (C:\Users\BTA\Desktop\PJ\THDELIVERY\backend\node_modules\esbuild\lib\main.js:581:7)
    at Socket.emit (node:events:519:28)
    at addChunk (node:internal/streams/readable:561:12)
    at readableAddChunkPushByteMode (node:internal/streams/readable:512:3)
    at Readable.push (node:internal/streams/readable:392:5)
    at Pipe.onStreamRead (node:internal/stream_base_commons:189:23){"error":{"name":"TransformError"},"exception":true,"date":"Sun Dec 21 2025 15:47:11 GMT-0300 (Brasilia Standard Time)","process":{"pid":17740,"uid":null,"gid":null,"cwd":"C:\\Users\\BTA\\Desktop\\PJ\\THDELIVERY\\backend","execPath":"C:\\Program Files\\nodejs\\node.exe","version":"v22.20.0","argv":["C:\\Program Files\\nodejs\\node.exe","C:\\Users\\BTA\\Desktop\\PJ\\THDELIVERY\\backend\\src\\server.ts"],"memoryUsage":{"rss":96608256,"heapTotal":35262464,"heapUsed":24219440,"external":3515578,"arrayBuffers":185879}},"os":{"loadavg":[0,0,0],"uptime":268927.531},"trace":[{"column":15,"file":"C:\\Users\\BTA\\Desktop\\PJ\\THDELIVERY\\backend\\node_modules\\esbuild\\lib\\main.js","function":"failureErrorWithLog","line":1467,"method":null,"native":false},{"column":50,"file":"C:\\Users\\BTA\\Desktop\\PJ\\THDELIVERY\\backend\\node_modules\\esbuild\\lib\\main.js","function":null,"line":736,"method":null,"native":false},{"column":9,"file":"C:\\Users\\BTA\\Desktop\\PJ\\THDELIVERY\\backend\\node_modules\\esbuild\\lib\\main.js","function":"responseCallbacks.<computed>","line":603,"method":"<computed>","native":false},{"column":12,"file":"C:\\Users\\BTA\\Desktop\\PJ\\THDELIVERY\\backend\\node_modules\\esbuild\\lib\\main.js","function":"handleIncomingPacket","line":658,"method":null,"native":false},{"column":7,"file":"C:\\Users\\BTA\\Desktop\\PJ\\THDELIVERY\\backend\\node_modules\\esbuild\\lib\\main.js","function":"Socket.readFromStdout","line":581,"method":"readFromStdout","native":false},{"column":28,"file":"node:events","function":"Socket.emit","line":519,"method":"emit","native":false},{"column":12,"file":"node:internal/streams/readable","function":"addChunk","line":561,"method":null,"native":false},{"column":3,"file":"node:internal/streams/readable","function":"readableAddChunkPushByteMode","line":512,"method":null,"native":false},{"column":5,"file":"node:internal/streams/readable","function":"Readable.push","line":392,"method":"push","native":false},{"column":23,"file":"node:internal/stream_base_commons","function":"Pipe.onStreamRead","line":189,"method":"onStreamRead","native":false}]}
[2025-12-21T18:47:21.969Z] [31merror[39m: uncaughtException: Cannot read properties of undefined (reading 'bind')
TypeError: Cannot read properties of undefined (reading 'bind')
    at multer (C:\Users\BTA\Desktop\PJ\THDELIVERY\backend\src\modules\product\products.route.ts:29:40)
    at Object.<anonymous> (C:\Users\BTA\Desktop\PJ\THDELIVERY\backend\src\modules\product\products.route.ts:39:1)
    at Module._compile (node:internal/modules/cjs/loader:1706:14)
    at Object.transformer (C:\Users\BTA\Desktop\PJ\THDELIVERY\backend\node_modules\tsx\dist\register-D46fvsV_.cjs:3:1104)
    at Module.load (node:internal/modules/cjs/loader:1441:32)
    at Function._load (node:internal/modules/cjs/loader:1263:12)
    at TracingChannel.traceSync (node:diagnostics_channel:322:14)
    at wrapModuleLoad (node:internal/modules/cjs/loader:237:24)
    at Module.require (node:internal/modules/cjs/loader:1463:12)
    at require (node:internal/modules/helpers:147:16)
TypeError: Cannot read properties of undefined (reading 'bind')
    at multer (C:\Users\BTA\Desktop\PJ\THDELIVERY\backend\src\modules\product\products.route.ts:29:40)
    at Object.<anonymous> (C:\Users\BTA\Desktop\PJ\THDELIVERY\backend\src\modules\product\products.route.ts:39:1)
    at Module._compile (node:internal/modules/cjs/loader:1706:14)
    at Object.transformer (C:\Users\BTA\Desktop\PJ\THDELIVERY\backend\node_modules\tsx\dist\register-D46fvsV_.cjs:3:1104)
    at Module.load (node:internal/modules/cjs/loader:1441:32)
    at Function._load (node:internal/modules/cjs/loader:1263:12)
    at TracingChannel.traceSync (node:diagnostics_channel:322:14)
    at wrapModuleLoad (node:internal/modules/cjs/loader:237:24)
    at Module.require (node:internal/modules/cjs/loader:1463:12)
    at require (node:internal/modules/helpers:147:16){"error":{},"exception":true,"date":"Sun Dec 21 2025 15:47:21 GMT-0300 (Brasilia Standard Time)","process":{"pid":14708,"uid":null,"gid":null,"cwd":"C:\\Users\\BTA\\Desktop\\PJ\\THDELIVERY\\backend","execPath":"C:\\Program Files\\nodejs\\node.exe","version":"v22.20.0","argv":["C:\\Program Files\\nodejs\\node.exe","C:\\Users\\BTA\\Desktop\\PJ\\THDELIVERY\\backend\\src\\server.ts"],"memoryUsage":{"rss":108548096,"heapTotal":40177664,"heapUsed":27857856,"external":5208622,"arrayBuffers":265331}},"os":{"loadavg":[0,0,0],"uptime":268937.718},"trace":[{"column":40,"file":"C:\\Users\\BTA\\Desktop\\PJ\\THDELIVERY\\backend\\src\\modules\\product\\products.route.ts","function":"multer","line":29,"method":null,"native":false},{"column":1,"file":"C:\\Users\\BTA\\Desktop\\PJ\\THDELIVERY\\backend\\src\\modules\\product\\products.route.ts","function":null,"line":39,"method":null,"native":false},{"column":14,"file":"node:internal/modules/cjs/loader","function":"Module._compile","line":1706,"method":"_compile","native":false},{"column":1104,"file":"C:\\Users\\BTA\\Desktop\\PJ\\THDELIVERY\\backend\\node_modules\\tsx\\dist\\register-D46fvsV_.cjs","function":"Object.transformer","line":3,"method":"transformer","native":false},{"column":32,"file":"node:internal/modules/cjs/loader","function":"Module.load","line":1441,"method":"load","native":false},{"column":12,"file":"node:internal/modules/cjs/loader","function":"Function._load","line":1263,"method":"_load","native":false},{"column":14,"file":"node:diagnostics_channel","function":"TracingChannel.traceSync","line":322,"method":"traceSync","native":false},{"column":24,"file":"node:internal/modules/cjs/loader","function":"wrapModuleLoad","line":237,"method":null,"native":false},{"column":12,"file":"node:internal/modules/cjs/loader","function":"Module.require","line":1463,"method":"require","native":false},{"column":16,"file":"node:internal/modules/helpers","function":"require","line":147,"method":null,"native":false}]}
[2025-12-21T18:47:21.981Z] [31merror[39m: uncaughtException: Cannot read properties of undefined (reading 'bind')
TypeError: Cannot read properties of undefined (reading 'bind')
    at multer (C:\Users\BTA\Desktop\PJ\THDELIVERY\backend\src\modules\product\products.route.ts:29:40)
    at Object.<anonymous> (C:\Users\BTA\Desktop\PJ\THDELIVERY\backend\src\modules\product\products.route.ts:39:1)
    at Module._compile (node:internal/modules/cjs/loader:1706:14)
    at Object.transformer (C:\Users\BTA\Desktop\PJ\THDELIVERY\backend\node_modules\tsx\dist\register-D46fvsV_.cjs:3:1104)
    at Module.load (node:internal/modules/cjs/loader:1441:32)
    at Function._load (node:internal/modules/cjs/loader:1263:12)
    at TracingChannel.traceSync (node:diagnostics_channel:322:14)
    at wrapModuleLoad (node:internal/modules/cjs/loader:237:24)
    at Module.require (node:internal/modules/cjs/loader:1463:12)
    at require (node:internal/modules/helpers:147:16)
TypeError: Cannot read properties of undefined (reading 'bind')
    at multer (C:\Users\BTA\Desktop\PJ\THDELIVERY\backend\src\modules\product\products.route.ts:29:40)
    at Object.<anonymous> (C:\Users\BTA\Desktop\PJ\THDELIVERY\backend\src\modules\product\products.route.ts:39:1)
    at Module._compile (node:internal/modules/cjs/loader:1706:14)
    at Object.transformer (C:\Users\BTA\Desktop\PJ\THDELIVERY\backend\node_modules\tsx\dist\register-D46fvsV_.cjs:3:1104)
    at Module.load (node:internal/modules/cjs/loader:1441:32)
    at Function._load (node:internal/modules/cjs/loader:1263:12)
    at TracingChannel.traceSync (node:diagnostics_channel:322:14)
    at wrapModuleLoad (node:internal/modules/cjs/loader:237:24)
    at Module.require (node:internal/modules/cjs/loader:1463:12)
    at require (node:internal/modules/helpers:147:16){"error":{},"exception":true,"date":"Sun Dec 21 2025 15:47:21 GMT-0300 (Brasilia Standard Time)","process":{"pid":13188,"uid":null,"gid":null,"cwd":"C:\\Users\\BTA\\Desktop\\PJ\\THDELIVERY\\backend","execPath":"C:\\Program Files\\nodejs\\node.exe","version":"v22.20.0","argv":["C:\\Program Files\\nodejs\\node.exe","C:\\Users\\BTA\\Desktop\\PJ\\THDELIVERY\\backend\\src\\server.ts"],"memoryUsage":{"rss":108249088,"heapTotal":39936000,"heapUsed":26811176,"external":5208622,"arrayBuffers":265331}},"os":{"loadavg":[0,0,0],"uptime":268937.734},"trace":[{"column":40,"file":"C:\\Users\\BTA\\Desktop\\PJ\\THDELIVERY\\backend\\src\\modules\\product\\products.route.ts","function":"multer","line":29,"method":null,"native":false},{"column":1,"file":"C:\\Users\\BTA\\Desktop\\PJ\\THDELIVERY\\backend\\src\\modules\\product\\products.route.ts","function":null,"line":39,"method":null,"native":false},{"column":14,"file":"node:internal/modules/cjs/loader","function":"Module._compile","line":1706,"method":"_compile","native":false},{"column":1104,"file":"C:\\Users\\BTA\\Desktop\\PJ\\THDELIVERY\\backend\\node_modules\\tsx\\dist\\register-D46fvsV_.cjs","function":"Object.transformer","line":3,"method":"transformer","native":false},{"column":32,"file":"node:internal/modules/cjs/loader","function":"Module.load","line":1441,"method":"load","native":false},{"column":12,"file":"node:internal/modules/cjs/loader","function":"Function._load","line":1263,"method":"_load","native":false},{"column":14,"file":"node:diagnostics_channel","function":"TracingChannel.traceSync","line":322,"method":"traceSync","native":false},{"column":24,"file":"node:internal/modules/cjs/loader","function":"wrapModuleLoad","line":237,"method":null,"native":false},{"column":12,"file":"node:internal/modules/cjs/loader","function":"Module.require","line":1463,"method":"require","native":false},{"column":16,"file":"node:internal/modules/helpers","function":"require","line":147,"method":null,"native":false}]}
[2025-12-21T18:47:43.857Z] [31merror[39m: uncaughtException: Cannot read properties of undefined (reading 'bind')
TypeError: Cannot read properties of undefined (reading 'bind')
    at multer (C:\Users\BTA\Desktop\PJ\THDELIVERY\backend\src\modules\product\products.route.ts:29:40)
    at Object.<anonymous> (C:\Users\BTA\Desktop\PJ\THDELIVERY\backend\src\modules\product\products.route.ts:39:1)
    at Module._compile (node:internal/modules/cjs/loader:1706:14)
    at Object.transformer (C:\Users\BTA\Desktop\PJ\THDELIVERY\backend\node_modules\tsx\dist\register-D46fvsV_.cjs:3:1104)
    at Module.load (node:internal/modules/cjs/loader:1441:32)
    at Function._load (node:internal/modules/cjs/loader:1263:12)
    at TracingChannel.traceSync (node:diagnostics_channel:322:14)
    at wrapModuleLoad (node:internal/modules/cjs/loader:237:24)
    at Module.require (node:internal/modules/cjs/loader:1463:12)
    at require (node:internal/modules/helpers:147:16)
TypeError: Cannot read properties of undefined (reading 'bind')
    at multer (C:\Users\BTA\Desktop\PJ\THDELIVERY\backend\src\modules\product\products.route.ts:29:40)
    at Object.<anonymous> (C:\Users\BTA\Desktop\PJ\THDELIVERY\backend\src\modules\product\products.route.ts:39:1)
    at Module._compile (node:internal/modules/cjs/loader:1706:14)
    at Object.transformer (C:\Users\BTA\Desktop\PJ\THDELIVERY\backend\node_modules\tsx\dist\register-D46fvsV_.cjs:3:1104)
    at Module.load (node:internal/modules/cjs/loader:1441:32)
    at Function._load (node:internal/modules/cjs/loader:1263:12)
    at TracingChannel.traceSync (node:diagnostics_channel:322:14)
    at wrapModuleLoad (node:internal/modules/cjs/loader:237:24)
    at Module.require (node:internal/modules/cjs/loader:1463:12)
    at require (node:internal/modules/helpers:147:16){"error":{},"exception":true,"date":"Sun Dec 21 2025 15:47:43 GMT-0300 (Brasilia Standard Time)","process":{"pid":12968,"uid":null,"gid":null,"cwd":"C:\\Users\\BTA\\Desktop\\PJ\\THDELIVERY\\backend","execPath":"C:\\Program Files\\nodejs\\node.exe","version":"v22.20.0","argv":["C:\\Program Files\\nodejs\\node.exe","C:\\Users\\BTA\\Desktop\\PJ\\THDELIVERY\\backend\\src\\server.ts"],"memoryUsage":{"rss":97005568,"heapTotal":39936000,"heapUsed":26561704,"external":5200230,"arrayBuffers":256931}},"os":{"loadavg":[0,0,0],"uptime":268959.609},"trace":[{"column":40,"file":"C:\\Users\\BTA\\Desktop\\PJ\\THDELIVERY\\backend\\src\\modules\\product\\products.route.ts","function":"multer","line":29,"method":null,"native":false},{"column":1,"file":"C:\\Users\\BTA\\Desktop\\PJ\\THDELIVERY\\backend\\src\\modules\\product\\products.route.ts","function":null,"line":39,"method":null,"native":false},{"column":14,"file":"node:internal/modules/cjs/loader","function":"Module._compile","line":1706,"method":"_compile","native":false},{"column":1104,"file":"C:\\Users\\BTA\\Desktop\\PJ\\THDELIVERY\\backend\\node_modules\\tsx\\dist\\register-D46fvsV_.cjs","function":"Object.transformer","line":3,"method":"transformer","native":false},{"column":32,"file":"node:internal/modules/cjs/loader","function":"Module.load","line":1441,"method":"load","native":false},{"column":12,"file":"node:internal/modules/cjs/loader","function":"Function._load","line":1263,"method":"_load","native":false},{"column":14,"file":"node:diagnostics_channel","function":"TracingChannel.traceSync","line":322,"method":"traceSync","native":false},{"column":24,"file":"node:internal/modules/cjs/loader","function":"wrapModuleLoad","line":237,"method":null,"native":false},{"column":12,"file":"node:internal/modules/cjs/loader","function":"Module.require","line":1463,"method":"require","native":false},{"column":16,"file":"node:internal/modules/helpers","function":"require","line":147,"method":null,"native":false}]}
[2025-12-21T18:47:43.919Z] [31merror[39m: uncaughtException: Cannot read properties of undefined (reading 'bind')
TypeError: Cannot read properties of undefined (reading 'bind')
    at multer (C:\Users\BTA\Desktop\PJ\THDELIVERY\backend\src\modules\product\products.route.ts:29:40)
    at Object.<anonymous> (C:\Users\BTA\Desktop\PJ\THDELIVERY\backend\src\modules\product\products.route.ts:39:1)
    at Module._compile (node:internal/modules/cjs/loader:1706:14)
    at Object.transformer (C:\Users\BTA\Desktop\PJ\THDELIVERY\backend\node_modules\tsx\dist\register-D46fvsV_.cjs:3:1104)
    at Module.load (node:internal/modules/cjs/loader:1441:32)
    at Function._load (node:internal/modules/cjs/loader:1263:12)
    at TracingChannel.traceSync (node:diagnostics_channel:322:14)
    at wrapModuleLoad (node:internal/modules/cjs/loader:237:24)
    at Module.require (node:internal/modules/cjs/loader:1463:12)
    at require (node:internal/modules/helpers:147:16)
TypeError: Cannot read properties of undefined (reading 'bind')
    at multer (C:\Users\BTA\Desktop\PJ\THDELIVERY\backend\src\modules\product\products.route.ts:29:40)
    at Object.<anonymous> (C:\Users\BTA\Desktop\PJ\THDELIVERY\backend\src\modules\product\products.route.ts:39:1)
    at Module._compile (node:internal/modules/cjs/loader:1706:14)
    at Object.transformer (C:\Users\BTA\Desktop\PJ\THDELIVERY\backend\node_modules\tsx\dist\register-D46fvsV_.cjs:3:1104)
    at Module.load (node:internal/modules/cjs/loader:1441:32)
    at Function._load (node:internal/modules/cjs/loader:1263:12)
    at TracingChannel.traceSync (node:diagnostics_channel:322:14)
    at wrapModuleLoad (node:internal/modules/cjs/loader:237:24)
    at Module.require (node:internal/modules/cjs/loader:1463:12)
    at require (node:internal/modules/helpers:147:16){"error":{},"exception":true,"date":"Sun Dec 21 2025 15:47:43 GMT-0300 (Brasilia Standard Time)","process":{"pid":1480,"uid":null,"gid":null,"cwd":"C:\\Users\\BTA\\Desktop\\PJ\\THDELIVERY\\backend","execPath":"C:\\Program Files\\nodejs\\node.exe","version":"v22.20.0","argv":["C:\\Program Files\\nodejs\\node.exe","C:\\Users\\BTA\\Desktop\\PJ\\THDELIVERY\\backend\\src\\server.ts"],"memoryUsage":{"rss":97804288,"heapTotal":40177664,"heapUsed":27618800,"external":5200230,"arrayBuffers":256931}},"os":{"loadavg":[0,0,0],"uptime":268959.671},"trace":[{"column":40,"file":"C:\\Users\\BTA\\Desktop\\PJ\\THDELIVERY\\backend\\src\\modules\\product\\products.route.ts","function":"multer","line":29,"method":null,"native":false},{"column":1,"file":"C:\\Users\\BTA\\Desktop\\PJ\\THDELIVERY\\backend\\src\\modules\\product\\products.route.ts","function":null,"line":39,"method":null,"native":false},{"column":14,"file":"node:internal/modules/cjs/loader","function":"Module._compile","line":1706,"method":"_compile","native":false},{"column":1104,"file":"C:\\Users\\BTA\\Desktop\\PJ\\THDELIVERY\\backend\\node_modules\\tsx\\dist\\register-D46fvsV_.cjs","function":"Object.transformer","line":3,"method":"transformer","native":false},{"column":32,"file":"node:internal/modules/cjs/loader","function":"Module.load","line":1441,"method":"load","native":false},{"column":12,"file":"node:internal/modules/cjs/loader","function":"Function._load","line":1263,"method":"_load","native":false},{"column":14,"file":"node:diagnostics_channel","function":"TracingChannel.traceSync","line":322,"method":"traceSync","native":false},{"column":24,"file":"node:internal/modules/cjs/loader","function":"wrapModuleLoad","line":237,"method":null,"native":false},{"column":12,"file":"node:internal/modules/cjs/loader","function":"Module.require","line":1463,"method":"require","native":false},{"column":16,"file":"node:internal/modules/helpers","function":"require","line":147,"method":null,"native":false}]}
[2025-12-21T18:47:59.914Z] [31merror[39m: uncaughtException: Transform failed with 1 error:
C:\Users\BTA\Desktop\PJ\THDELIVERY\backend\src\modules\product\products.controller.ts:36:36: ERROR: Expected identifier but found "("
Error: Transform failed with 1 error:
C:\Users\BTA\Desktop\PJ\THDELIVERY\backend\src\modules\product\products.controller.ts:36:36: ERROR: Expected identifier but found "("
    at failureErrorWithLog (C:\Users\BTA\Desktop\PJ\THDELIVERY\backend\node_modules\esbuild\lib\main.js:1467:15)
    at C:\Users\BTA\Desktop\PJ\THDELIVERY\backend\node_modules\esbuild\lib\main.js:736:50
    at responseCallbacks.<computed> (C:\Users\BTA\Desktop\PJ\THDELIVERY\backend\node_modules\esbuild\lib\main.js:603:9)
    at handleIncomingPacket (C:\Users\BTA\Desktop\PJ\THDELIVERY\backend\node_modules\esbuild\lib\main.js:658:12)
    at Socket.readFromStdout (C:\Users\BTA\Desktop\PJ\THDELIVERY\backend\node_modules\esbuild\lib\main.js:581:7)
    at Socket.emit (node:events:519:28)
    at addChunk (node:internal/streams/readable:561:12)
    at readableAddChunkPushByteMode (node:internal/streams/readable:512:3)
    at Readable.push (node:internal/streams/readable:392:5)
    at Pipe.onStreamRead (node:internal/stream_base_commons:189:23)
Error: Transform failed with 1 error:
C:\Users\BTA\Desktop\PJ\THDELIVERY\backend\src\modules\product\products.controller.ts:36:36: ERROR: Expected identifier but found "("
    at failureErrorWithLog (C:\Users\BTA\Desktop\PJ\THDELIVERY\backend\node_modules\esbuild\lib\main.js:1467:15)
    at C:\Users\BTA\Desktop\PJ\THDELIVERY\backend\node_modules\esbuild\lib\main.js:736:50
    at responseCallbacks.<computed> (C:\Users\BTA\Desktop\PJ\THDELIVERY\backend\node_modules\esbuild\lib\main.js:603:9)
    at handleIncomingPacket (C:\Users\BTA\Desktop\PJ\THDELIVERY\backend\node_modules\esbuild\lib\main.js:658:12)
    at Socket.readFromStdout (C:\Users\BTA\Desktop\PJ\THDELIVERY\backend\node_modules\esbuild\lib\main.js:581:7)
    at Socket.emit (node:events:519:28)
    at addChunk (node:internal/streams/readable:561:12)
    at readableAddChunkPushByteMode (node:internal/streams/readable:512:3)
    at Readable.push (node:internal/streams/readable:392:5)
    at Pipe.onStreamRead (node:internal/stream_base_commons:189:23){"error":{"name":"TransformError"},"exception":true,"date":"Sun Dec 21 2025 15:47:59 GMT-0300 (Brasilia Standard Time)","process":{"pid":272,"uid":null,"gid":null,"cwd":"C:\\Users\\BTA\\Desktop\\PJ\\THDELIVERY\\backend","execPath":"C:\\Program Files\\nodejs\\node.exe","version":"v22.20.0","argv":["C:\\Program Files\\nodejs\\node.exe","C:\\Users\\BTA\\Desktop\\PJ\\THDELIVERY\\backend\\src\\server.ts"],"memoryUsage":{"rss":96661504,"heapTotal":35504128,"heapUsed":24511288,"external":3515578,"arrayBuffers":185879}},"os":{"loadavg":[0,0,0],"uptime":268975.656},"trace":[{"column":15,"file":"C:\\Users\\BTA\\Desktop\\PJ\\THDELIVERY\\backend\\node_modules\\esbuild\\lib\\main.js","function":"failureErrorWithLog","line":1467,"method":null,"native":false},{"column":50,"file":"C:\\Users\\BTA\\Desktop\\PJ\\THDELIVERY\\backend\\node_modules\\esbuild\\lib\\main.js","function":null,"line":736,"method":null,"native":false},{"column":9,"file":"C:\\Users\\BTA\\Desktop\\PJ\\THDELIVERY\\backend\\node_modules\\esbuild\\lib\\main.js","function":"responseCallbacks.<computed>","line":603,"method":"<computed>","native":false},{"column":12,"file":"C:\\Users\\BTA\\Desktop\\PJ\\THDELIVERY\\backend\\node_modules\\esbuild\\lib\\main.js","function":"handleIncomingPacket","line":658,"method":null,"native":false},{"column":7,"file":"C:\\Users\\BTA\\Desktop\\PJ\\THDELIVERY\\backend\\node_modules\\esbuild\\lib\\main.js","function":"Socket.readFromStdout","line":581,"method":"readFromStdout","native":false},{"column":28,"file":"node:events","function":"Socket.emit","line":519,"method":"emit","native":false},{"column":12,"file":"node:internal/streams/readable","function":"addChunk","line":561,"method":null,"native":false},{"column":3,"file":"node:internal/streams/readable","function":"readableAddChunkPushByteMode","line":512,"method":null,"native":false},{"column":5,"file":"node:internal/streams/readable","function":"Readable.push","line":392,"method":"push","native":false},{"column":23,"file":"node:internal/stream_base_commons","function":"Pipe.onStreamRead","line":189,"method":"onStreamRead","native":false}]}
[2025-12-21T18:47:59.938Z] [31merror[39m: uncaughtException: Transform failed with 1 error:
C:\Users\BTA\Desktop\PJ\THDELIVERY\backend\src\modules\product\products.controller.ts:36:36: ERROR: Expected identifier but found "("
Error: Transform failed with 1 error:
C:\Users\BTA\Desktop\PJ\THDELIVERY\backend\src\modules\product\products.controller.ts:36:36: ERROR: Expected identifier but found "("
    at failureErrorWithLog (C:\Users\BTA\Desktop\PJ\THDELIVERY\backend\node_modules\esbuild\lib\main.js:1467:15)
    at C:\Users\BTA\Desktop\PJ\THDELIVERY\backend\node_modules\esbuild\lib\main.js:736:50
    at responseCallbacks.<computed> (C:\Users\BTA\Desktop\PJ\THDELIVERY\backend\node_modules\esbuild\lib\main.js:603:9)
    at handleIncomingPacket (C:\Users\BTA\Desktop\PJ\THDELIVERY\backend\node_modules\esbuild\lib\main.js:658:12)
    at Socket.readFromStdout (C:\Users\BTA\Desktop\PJ\THDELIVERY\backend\node_modules\esbuild\lib\main.js:581:7)
    at Socket.emit (node:events:519:28)
    at addChunk (node:internal/streams/readable:561:12)
    at readableAddChunkPushByteMode (node:internal/streams/readable:512:3)
    at Readable.push (node:internal/streams/readable:392:5)
    at Pipe.onStreamRead (node:internal/stream_base_commons:189:23)
Error: Transform failed with 1 error:
C:\Users\BTA\Desktop\PJ\THDELIVERY\backend\src\modules\product\products.controller.ts:36:36: ERROR: Expected identifier but found "("
    at failureErrorWithLog (C:\Users\BTA\Desktop\PJ\THDELIVERY\backend\node_modules\esbuild\lib\main.js:1467:15)
    at C:\Users\BTA\Desktop\PJ\THDELIVERY\backend\node_modules\esbuild\lib\main.js:736:50
    at responseCallbacks.<computed> (C:\Users\BTA\Desktop\PJ\THDELIVERY\backend\node_modules\esbuild\lib\main.js:603:9)
    at handleIncomingPacket (C:\Users\BTA\Desktop\PJ\THDELIVERY\backend\node_modules\esbuild\lib\main.js:658:12)
    at Socket.readFromStdout (C:\Users\BTA\Desktop\PJ\THDELIVERY\backend\node_modules\esbuild\lib\main.js:581:7)
    at Socket.emit (node:events:519:28)
    at addChunk (node:internal/streams/readable:561:12)
    at readableAddChunkPushByteMode (node:internal/streams/readable:512:3)
    at Readable.push (node:internal/streams/readable:392:5)
    at Pipe.onStreamRead (node:internal/stream_base_commons:189:23){"error":{"name":"TransformError"},"exception":true,"date":"Sun Dec 21 2025 15:47:59 GMT-0300 (Brasilia Standard Time)","process":{"pid":13380,"uid":null,"gid":null,"cwd":"C:\\Users\\BTA\\Desktop\\PJ\\THDELIVERY\\backend","execPath":"C:\\Program Files\\nodejs\\node.exe","version":"v22.20.0","argv":["C:\\Program Files\\nodejs\\node.exe","C:\\Users\\BTA\\Desktop\\PJ\\THDELIVERY\\backend\\src\\server.ts"],"memoryUsage":{"rss":95014912,"heapTotal":35000320,"heapUsed":23419256,"external":3515578,"arrayBuffers":185879}},"os":{"loadavg":[0,0,0],"uptime":268975.687},"trace":[{"column":15,"file":"C:\\Users\\BTA\\Desktop\\PJ\\THDELIVERY\\backend\\node_modules\\esbuild\\lib\\main.js","function":"failureErrorWithLog","line":1467,"method":null,"native":false},{"column":50,"file":"C:\\Users\\BTA\\Desktop\\PJ\\THDELIVERY\\backend\\node_modules\\esbuild\\lib\\main.js","function":null,"line":736,"method":null,"native":false},{"column":9,"file":"C:\\Users\\BTA\\Desktop\\PJ\\THDELIVERY\\backend\\node_modules\\esbuild\\lib\\main.js","function":"responseCallbacks.<computed>","line":603,"method":"<computed>","native":false},{"column":12,"file":"C:\\Users\\BTA\\Desktop\\PJ\\THDELIVERY\\backend\\node_modules\\esbuild\\lib\\main.js","function":"handleIncomingPacket","line":658,"method":null,"native":false},{"column":7,"file":"C:\\Users\\BTA\\Desktop\\PJ\\THDELIVERY\\backend\\node_modules\\esbuild\\lib\\main.js","function":"Socket.readFromStdout","line":581,"method":"readFromStdout","native":false},{"column":28,"file":"node:events","function":"Socket.emit","line":519,"method":"emit","native":false},{"column":12,"file":"node:internal/streams/readable","function":"addChunk","line":561,"method":null,"native":false},{"column":3,"file":"node:internal/streams/readable","function":"readableAddChunkPushByteMode","line":512,"method":null,"native":false},{"column":5,"file":"node:internal/streams/readable","function":"Readable.push","line":392,"method":"push","native":false},{"column":23,"file":"node:internal/stream_base_commons","function":"Pipe.onStreamRead","line":189,"method":"onStreamRead","native":false}]}
[2025-12-21T18:48:08.690Z] [31merror[39m: uncaughtException: Transform failed with 1 error:
C:\Users\BTA\Desktop\PJ\THDELIVERY\backend\src\modules\product\products.controller.ts:36:36: ERROR: Expected identifier but found "("
Error: Transform failed with 1 error:
C:\Users\BTA\Desktop\PJ\THDELIVERY\backend\src\modules\product\products.controller.ts:36:36: ERROR: Expected identifier but found "("
    at failureErrorWithLog (C:\Users\BTA\Desktop\PJ\THDELIVERY\backend\node_modules\esbuild\lib\main.js:1467:15)
    at C:\Users\BTA\Desktop\PJ\THDELIVERY\backend\node_modules\esbuild\lib\main.js:736:50
    at responseCallbacks.<computed> (C:\Users\BTA\Desktop\PJ\THDELIVERY\backend\node_modules\esbuild\lib\main.js:603:9)
    at handleIncomingPacket (C:\Users\BTA\Desktop\PJ\THDELIVERY\backend\node_modules\esbuild\lib\main.js:658:12)
    at Socket.readFromStdout (C:\Users\BTA\Desktop\PJ\THDELIVERY\backend\node_modules\esbuild\lib\main.js:581:7)
    at Socket.emit (node:events:519:28)
    at addChunk (node:internal/streams/readable:561:12)
    at readableAddChunkPushByteMode (node:internal/streams/readable:512:3)
    at Readable.push (node:internal/streams/readable:392:5)
    at Pipe.onStreamRead (node:internal/stream_base_commons:189:23)
Error: Transform failed with 1 error:
C:\Users\BTA\Desktop\PJ\THDELIVERY\backend\src\modules\product\products.controller.ts:36:36: ERROR: Expected identifier but found "("
    at failureErrorWithLog (C:\Users\BTA\Desktop\PJ\THDELIVERY\backend\node_modules\esbuild\lib\main.js:1467:15)
    at C:\Users\BTA\Desktop\PJ\THDELIVERY\backend\node_modules\esbuild\lib\main.js:736:50
    at responseCallbacks.<computed> (C:\Users\BTA\Desktop\PJ\THDELIVERY\backend\node_modules\esbuild\lib\main.js:603:9)
    at handleIncomingPacket (C:\Users\BTA\Desktop\PJ\THDELIVERY\backend\node_modules\esbuild\lib\main.js:658:12)
    at Socket.readFromStdout (C:\Users\BTA\Desktop\PJ\THDELIVERY\backend\node_modules\esbuild\lib\main.js:581:7)
    at Socket.emit (node:events:519:28)
    at addChunk (node:internal/streams/readable:561:12)
    at readableAddChunkPushByteMode (node:internal/streams/readable:512:3)
    at Readable.push (node:internal/streams/readable:392:5)
    at Pipe.onStreamRead (node:internal/stream_base_commons:189:23){"error":{"name":"TransformError"},"exception":true,"date":"Sun Dec 21 2025 15:48:08 GMT-0300 (Brasilia Standard Time)","process":{"pid":7136,"uid":null,"gid":null,"cwd":"C:\\Users\\BTA\\Desktop\\PJ\\THDELIVERY\\backend","execPath":"C:\\Program Files\\nodejs\\node.exe","version":"v22.20.0","argv":["C:\\Program Files\\nodejs\\node.exe","C:\\Users\\BTA\\Desktop\\PJ\\THDELIVERY\\backend\\src\\server.ts"],"memoryUsage":{"rss":96739328,"heapTotal":35504128,"heapUsed":24604392,"external":3515578,"arrayBuffers":185879}},"os":{"loadavg":[0,0,0],"uptime":268984.437},"trace":[{"column":15,"file":"C:\\Users\\BTA\\Desktop\\PJ\\THDELIVERY\\backend\\node_modules\\esbuild\\lib\\main.js","function":"failureErrorWithLog","line":1467,"method":null,"native":false},{"column":50,"file":"C:\\Users\\BTA\\Desktop\\PJ\\THDELIVERY\\backend\\node_modules\\esbuild\\lib\\main.js","function":null,"line":736,"method":null,"native":false},{"column":9,"file":"C:\\Users\\BTA\\Desktop\\PJ\\THDELIVERY\\backend\\node_modules\\esbuild\\lib\\main.js","function":"responseCallbacks.<computed>","line":603,"method":"<computed>","native":false},{"column":12,"file":"C:\\Users\\BTA\\Desktop\\PJ\\THDELIVERY\\backend\\node_modules\\esbuild\\lib\\main.js","function":"handleIncomingPacket","line":658,"method":null,"native":false},{"column":7,"file":"C:\\Users\\BTA\\Desktop\\PJ\\THDELIVERY\\backend\\node_modules\\esbuild\\lib\\main.js","function":"Socket.readFromStdout","line":581,"method":"readFromStdout","native":false},{"column":28,"file":"node:events","function":"Socket.emit","line":519,"method":"emit","native":false},{"column":12,"file":"node:internal/streams/readable","function":"addChunk","line":561,"method":null,"native":false},{"column":3,"file":"node:internal/streams/readable","function":"readableAddChunkPushByteMode","line":512,"method":null,"native":false},{"column":5,"file":"node:internal/streams/readable","function":"Readable.push","line":392,"method":"push","native":false},{"column":23,"file":"node:internal/stream_base_commons","function":"Pipe.onStreamRead","line":189,"method":"onStreamRead","native":false}]}
[2025-12-21T18:48:08.720Z] [31merror[39m: uncaughtException: Transform failed with 1 error:
C:\Users\BTA\Desktop\PJ\THDELIVERY\backend\src\modules\product\products.controller.ts:36:36: ERROR: Expected identifier but found "("
Error: Transform failed with 1 error:
C:\Users\BTA\Desktop\PJ\THDELIVERY\backend\src\modules\product\products.controller.ts:36:36: ERROR: Expected identifier but found "("
    at failureErrorWithLog (C:\Users\BTA\Desktop\PJ\THDELIVERY\backend\node_modules\esbuild\lib\main.js:1467:15)
    at C:\Users\BTA\Desktop\PJ\THDELIVERY\backend\node_modules\esbuild\lib\main.js:736:50
    at responseCallbacks.<computed> (C:\Users\BTA\Desktop\PJ\THDELIVERY\backend\node_modules\esbuild\lib\main.js:603:9)
    at handleIncomingPacket (C:\Users\BTA\Desktop\PJ\THDELIVERY\backend\node_modules\esbuild\lib\main.js:658:12)
    at Socket.readFromStdout (C:\Users\BTA\Desktop\PJ\THDELIVERY\backend\node_modules\esbuild\lib\main.js:581:7)
    at Socket.emit (node:events:519:28)
    at addChunk (node:internal/streams/readable:561:12)
    at readableAddChunkPushByteMode (node:internal/streams/readable:512:3)
    at Readable.push (node:internal/streams/readable:392:5)
    at Pipe.onStreamRead (node:internal/stream_base_commons:189:23)
Error: Transform failed with 1 error:
C:\Users\BTA\Desktop\PJ\THDELIVERY\backend\src\modules\product\products.controller.ts:36:36: ERROR: Expected identifier but found "("
    at failureErrorWithLog (C:\Users\BTA\Desktop\PJ\THDELIVERY\backend\node_modules\esbuild\lib\main.js:1467:15)
    at C:\Users\BTA\Desktop\PJ\THDELIVERY\backend\node_modules\esbuild\lib\main.js:736:50
    at responseCallbacks.<computed> (C:\Users\BTA\Desktop\PJ\THDELIVERY\backend\node_modules\esbuild\lib\main.js:603:9)
    at handleIncomingPacket (C:\Users\BTA\Desktop\PJ\THDELIVERY\backend\node_modules\esbuild\lib\main.js:658:12)
    at Socket.readFromStdout (C:\Users\BTA\Desktop\PJ\THDELIVERY\backend\node_modules\esbuild\lib\main.js:581:7)
    at Socket.emit (node:events:519:28)
    at addChunk (node:internal/streams/readable:561:12)
    at readableAddChunkPushByteMode (node:internal/streams/readable:512:3)
    at Readable.push (node:internal/streams/readable:392:5)
    at Pipe.onStreamRead (node:internal/stream_base_commons:189:23){"error":{"name":"TransformError"},"exception":true,"date":"Sun Dec 21 2025 15:48:08 GMT-0300 (Brasilia Standard Time)","process":{"pid":15120,"uid":null,"gid":null,"cwd":"C:\\Users\\BTA\\Desktop\\PJ\\THDELIVERY\\backend","execPath":"C:\\Program Files\\nodejs\\node.exe","version":"v22.20.0","argv":["C:\\Program Files\\nodejs\\node.exe","C:\\Users\\BTA\\Desktop\\PJ\\THDELIVERY\\backend\\src\\server.ts"],"memoryUsage":{"rss":96608256,"heapTotal":35241984,"heapUsed":24605024,"external":3515578,"arrayBuffers":185879}},"os":{"loadavg":[0,0,0],"uptime":268984.468},"trace":[{"column":15,"file":"C:\\Users\\BTA\\Desktop\\PJ\\THDELIVERY\\backend\\node_modules\\esbuild\\lib\\main.js","function":"failureErrorWithLog","line":1467,"method":null,"native":false},{"column":50,"file":"C:\\Users\\BTA\\Desktop\\PJ\\THDELIVERY\\backend\\node_modules\\esbuild\\lib\\main.js","function":null,"line":736,"method":null,"native":false},{"column":9,"file":"C:\\Users\\BTA\\Desktop\\PJ\\THDELIVERY\\backend\\node_modules\\esbuild\\lib\\main.js","function":"responseCallbacks.<computed>","line":603,"method":"<computed>","native":false},{"column":12,"file":"C:\\Users\\BTA\\Desktop\\PJ\\THDELIVERY\\backend\\node_modules\\esbuild\\lib\\main.js","function":"handleIncomingPacket","line":658,"method":null,"native":false},{"column":7,"file":"C:\\Users\\BTA\\Desktop\\PJ\\THDELIVERY\\backend\\node_modules\\esbuild\\lib\\main.js","function":"Socket.readFromStdout","line":581,"method":"readFromStdout","native":false},{"column":28,"file":"node:events","function":"Socket.emit","line":519,"method":"emit","native":false},{"column":12,"file":"node:internal/streams/readable","function":"addChunk","line":561,"method":null,"native":false},{"column":3,"file":"node:internal/streams/readable","function":"readableAddChunkPushByteMode","line":512,"method":null,"native":false},{"column":5,"file":"node:internal/streams/readable","function":"Readable.push","line":392,"method":"push","native":false},{"column":23,"file":"node:internal/stream_base_commons","function":"Pipe.onStreamRead","line":189,"method":"onStreamRead","native":false}]}
[2025-12-21T18:48:12.921Z] [31merror[39m: uncaughtException: Transform failed with 1 error:
C:\Users\BTA\Desktop\PJ\THDELIVERY\backend\src\modules\product\products.controller.ts:36:36: ERROR: Expected identifier but found "("
Error: Transform failed with 1 error:
C:\Users\BTA\Desktop\PJ\THDELIVERY\backend\src\modules\product\products.controller.ts:36:36: ERROR: Expected identifier but found "("
    at failureErrorWithLog (C:\Users\BTA\Desktop\PJ\THDELIVERY\backend\node_modules\esbuild\lib\main.js:1467:15)
    at C:\Users\BTA\Desktop\PJ\THDELIVERY\backend\node_modules\esbuild\lib\main.js:736:50
    at responseCallbacks.<computed> (C:\Users\BTA\Desktop\PJ\THDELIVERY\backend\node_modules\esbuild\lib\main.js:603:9)
    at handleIncomingPacket (C:\Users\BTA\Desktop\PJ\THDELIVERY\backend\node_modules\esbuild\lib\main.js:658:12)
    at Socket.readFromStdout (C:\Users\BTA\Desktop\PJ\THDELIVERY\backend\node_modules\esbuild\lib\main.js:581:7)
    at Socket.emit (node:events:519:28)
    at addChunk (node:internal/streams/readable:561:12)
    at readableAddChunkPushByteMode (node:internal/streams/readable:512:3)
    at Readable.push (node:internal/streams/readable:392:5)
    at Pipe.onStreamRead (node:internal/stream_base_commons:189:23)
Error: Transform failed with 1 error:
C:\Users\BTA\Desktop\PJ\THDELIVERY\backend\src\modules\product\products.controller.ts:36:36: ERROR: Expected identifier but found "("
    at failureErrorWithLog (C:\Users\BTA\Desktop\PJ\THDELIVERY\backend\node_modules\esbuild\lib\main.js:1467:15)
    at C:\Users\BTA\Desktop\PJ\THDELIVERY\backend\node_modules\esbuild\lib\main.js:736:50
    at responseCallbacks.<computed> (C:\Users\BTA\Desktop\PJ\THDELIVERY\backend\node_modules\esbuild\lib\main.js:603:9)
    at handleIncomingPacket (C:\Users\BTA\Desktop\PJ\THDELIVERY\backend\node_modules\esbuild\lib\main.js:658:12)
    at Socket.readFromStdout (C:\Users\BTA\Desktop\PJ\THDELIVERY\backend\node_modules\esbuild\lib\main.js:581:7)
    at Socket.emit (node:events:519:28)
    at addChunk (node:internal/streams/readable:561:12)
    at readableAddChunkPushByteMode (node:internal/streams/readable:512:3)
    at Readable.push (node:internal/streams/readable:392:5)
    at Pipe.onStreamRead (node:internal/stream_base_commons:189:23){"error":{"name":"TransformError"},"exception":true,"date":"Sun Dec 21 2025 15:48:12 GMT-0300 (Brasilia Standard Time)","process":{"pid":11116,"uid":null,"gid":null,"cwd":"C:\\Users\\BTA\\Desktop\\PJ\\THDELIVERY\\backend","execPath":"C:\\Program Files\\nodejs\\node.exe","version":"v22.20.0","argv":["C:\\Program Files\\nodejs\\node.exe","C:\\Users\\BTA\\Desktop\\PJ\\THDELIVERY\\backend\\src\\server.ts"],"memoryUsage":{"rss":95191040,"heapTotal":35262464,"heapUsed":23585160,"external":3515578,"arrayBuffers":185879}},"os":{"loadavg":[0,0,0],"uptime":268988.671},"trace":[{"column":15,"file":"C:\\Users\\BTA\\Desktop\\PJ\\THDELIVERY\\backend\\node_modules\\esbuild\\lib\\main.js","function":"failureErrorWithLog","line":1467,"method":null,"native":false},{"column":50,"file":"C:\\Users\\BTA\\Desktop\\PJ\\THDELIVERY\\backend\\node_modules\\esbuild\\lib\\main.js","function":null,"line":736,"method":null,"native":false},{"column":9,"file":"C:\\Users\\BTA\\Desktop\\PJ\\THDELIVERY\\backend\\node_modules\\esbuild\\lib\\main.js","function":"responseCallbacks.<computed>","line":603,"method":"<computed>","native":false},{"column":12,"file":"C:\\Users\\BTA\\Desktop\\PJ\\THDELIVERY\\backend\\node_modules\\esbuild\\lib\\main.js","function":"handleIncomingPacket","line":658,"method":null,"native":false},{"column":7,"file":"C:\\Users\\BTA\\Desktop\\PJ\\THDELIVERY\\backend\\node_modules\\esbuild\\lib\\main.js","function":"Socket.readFromStdout","line":581,"method":"readFromStdout","native":false},{"column":28,"file":"node:events","function":"Socket.emit","line":519,"method":"emit","native":false},{"column":12,"file":"node:internal/streams/readable","function":"addChunk","line":561,"method":null,"native":false},{"column":3,"file":"node:internal/streams/readable","function":"readableAddChunkPushByteMode","line":512,"method":null,"native":false},{"column":5,"file":"node:internal/streams/readable","function":"Readable.push","line":392,"method":"push","native":false},{"column":23,"file":"node:internal/stream_base_commons","function":"Pipe.onStreamRead","line":189,"method":"onStreamRead","native":false}]}
[2025-12-21T18:48:12.974Z] [31merror[39m: uncaughtException: Transform failed with 1 error:
C:\Users\BTA\Desktop\PJ\THDELIVERY\backend\src\modules\product\products.controller.ts:36:36: ERROR: Expected identifier but found "("
Error: Transform failed with 1 error:
C:\Users\BTA\Desktop\PJ\THDELIVERY\backend\src\modules\product\products.controller.ts:36:36: ERROR: Expected identifier but found "("
    at failureErrorWithLog (C:\Users\BTA\Desktop\PJ\THDELIVERY\backend\node_modules\esbuild\lib\main.js:1467:15)
    at C:\Users\BTA\Desktop\PJ\THDELIVERY\backend\node_modules\esbuild\lib\main.js:736:50
    at responseCallbacks.<computed> (C:\Users\BTA\Desktop\PJ\THDELIVERY\backend\node_modules\esbuild\lib\main.js:603:9)
    at handleIncomingPacket (C:\Users\BTA\Desktop\PJ\THDELIVERY\backend\node_modules\esbuild\lib\main.js:658:12)
    at Socket.readFromStdout (C:\Users\BTA\Desktop\PJ\THDELIVERY\backend\node_modules\esbuild\lib\main.js:581:7)
    at Socket.emit (node:events:519:28)
    at addChunk (node:internal/streams/readable:561:12)
    at readableAddChunkPushByteMode (node:internal/streams/readable:512:3)
    at Readable.push (node:internal/streams/readable:392:5)
    at Pipe.onStreamRead (node:internal/stream_base_commons:189:23)
Error: Transform failed with 1 error:
C:\Users\BTA\Desktop\PJ\THDELIVERY\backend\src\modules\product\products.controller.ts:36:36: ERROR: Expected identifier but found "("
    at failureErrorWithLog (C:\Users\BTA\Desktop\PJ\THDELIVERY\backend\node_modules\esbuild\lib\main.js:1467:15)
    at C:\Users\BTA\Desktop\PJ\THDELIVERY\backend\node_modules\esbuild\lib\main.js:736:50
    at responseCallbacks.<computed> (C:\Users\BTA\Desktop\PJ\THDELIVERY\backend\node_modules\esbuild\lib\main.js:603:9)
    at handleIncomingPacket (C:\Users\BTA\Desktop\PJ\THDELIVERY\backend\node_modules\esbuild\lib\main.js:658:12)
    at Socket.readFromStdout (C:\Users\BTA\Desktop\PJ\THDELIVERY\backend\node_modules\esbuild\lib\main.js:581:7)
    at Socket.emit (node:events:519:28)
    at addChunk (node:internal/streams/readable:561:12)
    at readableAddChunkPushByteMode (node:internal/streams/readable:512:3)
    at Readable.push (node:internal/streams/readable:392:5)
    at Pipe.onStreamRead (node:internal/stream_base_commons:189:23){"error":{"name":"TransformError"},"exception":true,"date":"Sun Dec 21 2025 15:48:12 GMT-0300 (Brasilia Standard Time)","process":{"pid":8260,"uid":null,"gid":null,"cwd":"C:\\Users\\BTA\\Desktop\\PJ\\THDELIVERY\\backend","execPath":"C:\\Program Files\\nodejs\\node.exe","version":"v22.20.0","argv":["C:\\Program Files\\nodejs\\node.exe","C:\\Users\\BTA\\Desktop\\PJ\\THDELIVERY\\backend\\src\\server.ts"],"memoryUsage":{"rss":96366592,"heapTotal":35504128,"heapUsed":24605224,"external":3515578,"arrayBuffers":185879}},"os":{"loadavg":[0,0,0],"uptime":268988.718},"trace":[{"column":15,"file":"C:\\Users\\BTA\\Desktop\\PJ\\THDELIVERY\\backend\\node_modules\\esbuild\\lib\\main.js","function":"failureErrorWithLog","line":1467,"method":null,"native":false},{"column":50,"file":"C:\\Users\\BTA\\Desktop\\PJ\\THDELIVERY\\backend\\node_modules\\esbuild\\lib\\main.js","function":null,"line":736,"method":null,"native":false},{"column":9,"file":"C:\\Users\\BTA\\Desktop\\PJ\\THDELIVERY\\backend\\node_modules\\esbuild\\lib\\main.js","function":"responseCallbacks.<computed>","line":603,"method":"<computed>","native":false},{"column":12,"file":"C:\\Users\\BTA\\Desktop\\PJ\\THDELIVERY\\backend\\node_modules\\esbuild\\lib\\main.js","function":"handleIncomingPacket","line":658,"method":null,"native":false},{"column":7,"file":"C:\\Users\\BTA\\Desktop\\PJ\\THDELIVERY\\backend\\node_modules\\esbuild\\lib\\main.js","function":"Socket.readFromStdout","line":581,"method":"readFromStdout","native":false},{"column":28,"file":"node:events","function":"Socket.emit","line":519,"method":"emit","native":false},{"column":12,"file":"node:internal/streams/readable","function":"addChunk","line":561,"method":null,"native":false},{"column":3,"file":"node:internal/streams/readable","function":"readableAddChunkPushByteMode","line":512,"method":null,"native":false},{"column":5,"file":"node:internal/streams/readable","function":"Readable.push","line":392,"method":"push","native":false},{"column":23,"file":"node:internal/stream_base_commons","function":"Pipe.onStreamRead","line":189,"method":"onStreamRead","native":false}]}
[2025-12-21T18:54:23.255Z] [31merror[39m: uncaughtException: Transform failed with 1 error:
C:\Users\BTA\Desktop\PJ\THDELIVERY\backend\src\modules\product\products.controller.ts:36:36: ERROR: Expected identifier but found "("
Error: Transform failed with 1 error:
C:\Users\BTA\Desktop\PJ\THDELIVERY\backend\src\modules\product\products.controller.ts:36:36: ERROR: Expected identifier but found "("
    at failureErrorWithLog (C:\Users\BTA\Desktop\PJ\THDELIVERY\backend\node_modules\esbuild\lib\main.js:1467:15)
    at C:\Users\BTA\Desktop\PJ\THDELIVERY\backend\node_modules\esbuild\lib\main.js:736:50
    at responseCallbacks.<computed> (C:\Users\BTA\Desktop\PJ\THDELIVERY\backend\node_modules\esbuild\lib\main.js:603:9)
    at handleIncomingPacket (C:\Users\BTA\Desktop\PJ\THDELIVERY\backend\node_modules\esbuild\lib\main.js:658:12)
    at Socket.readFromStdout (C:\Users\BTA\Desktop\PJ\THDELIVERY\backend\node_modules\esbuild\lib\main.js:581:7)
    at Socket.emit (node:events:519:28)
    at addChunk (node:internal/streams/readable:561:12)
    at readableAddChunkPushByteMode (node:internal/streams/readable:512:3)
    at Readable.push (node:internal/streams/readable:392:5)
    at Pipe.onStreamRead (node:internal/stream_base_commons:189:23)
Error: Transform failed with 1 error:
C:\Users\BTA\Desktop\PJ\THDELIVERY\backend\src\modules\product\products.controller.ts:36:36: ERROR: Expected identifier but found "("
    at failureErrorWithLog (C:\Users\BTA\Desktop\PJ\THDELIVERY\backend\node_modules\esbuild\lib\main.js:1467:15)
    at C:\Users\BTA\Desktop\PJ\THDELIVERY\backend\node_modules\esbuild\lib\main.js:736:50
    at responseCallbacks.<computed> (C:\Users\BTA\Desktop\PJ\THDELIVERY\backend\node_modules\esbuild\lib\main.js:603:9)
    at handleIncomingPacket (C:\Users\BTA\Desktop\PJ\THDELIVERY\backend\node_modules\esbuild\lib\main.js:658:12)
    at Socket.readFromStdout (C:\Users\BTA\Desktop\PJ\THDELIVERY\backend\node_modules\esbuild\lib\main.js:581:7)
    at Socket.emit (node:events:519:28)
    at addChunk (node:internal/streams/readable:561:12)
    at readableAddChunkPushByteMode (node:internal/streams/readable:512:3)
    at Readable.push (node:internal/streams/readable:392:5)
    at Pipe.onStreamRead (node:internal/stream_base_commons:189:23){"error":{"name":"TransformError"},"exception":true,"date":"Sun Dec 21 2025 15:54:23 GMT-0300 (Brasilia Standard Time)","process":{"pid":15608,"uid":null,"gid":null,"cwd":"C:\\Users\\BTA\\Desktop\\PJ\\THDELIVERY\\backend","execPath":"C:\\Program Files\\nodejs\\node.exe","version":"v22.20.0","argv":["C:\\Program Files\\nodejs\\node.exe","C:\\Users\\BTA\\Desktop\\PJ\\THDELIVERY\\backend\\src\\server.ts"],"memoryUsage":{"rss":96272384,"heapTotal":35241984,"heapUsed":24517648,"external":3515578,"arrayBuffers":185879}},"os":{"loadavg":[0,0,0],"uptime":269359},"trace":[{"column":15,"file":"C:\\Users\\BTA\\Desktop\\PJ\\THDELIVERY\\backend\\node_modules\\esbuild\\lib\\main.js","function":"failureErrorWithLog","line":1467,"method":null,"native":false},{"column":50,"file":"C:\\Users\\BTA\\Desktop\\PJ\\THDELIVERY\\backend\\node_modules\\esbuild\\lib\\main.js","function":null,"line":736,"method":null,"native":false},{"column":9,"file":"C:\\Users\\BTA\\Desktop\\PJ\\THDELIVERY\\backend\\node_modules\\esbuild\\lib\\main.js","function":"responseCallbacks.<computed>","line":603,"method":"<computed>","native":false},{"column":12,"file":"C:\\Users\\BTA\\Desktop\\PJ\\THDELIVERY\\backend\\node_modules\\esbuild\\lib\\main.js","function":"handleIncomingPacket","line":658,"method":null,"native":false},{"column":7,"file":"C:\\Users\\BTA\\Desktop\\PJ\\THDELIVERY\\backend\\node_modules\\esbuild\\lib\\main.js","function":"Socket.readFromStdout","line":581,"method":"readFromStdout","native":false},{"column":28,"file":"node:events","function":"Socket.emit","line":519,"method":"emit","native":false},{"column":12,"file":"node:internal/streams/readable","function":"addChunk","line":561,"method":null,"native":false},{"column":3,"file":"node:internal/streams/readable","function":"readableAddChunkPushByteMode","line":512,"method":null,"native":false},{"column":5,"file":"node:internal/streams/readable","function":"Readable.push","line":392,"method":"push","native":false},{"column":23,"file":"node:internal/stream_base_commons","function":"Pipe.onStreamRead","line":189,"method":"onStreamRead","native":false}]}
[2025-12-21T18:54:23.286Z] [31merror[39m: uncaughtException: Transform failed with 1 error:
C:\Users\BTA\Desktop\PJ\THDELIVERY\backend\src\modules\product\products.controller.ts:36:36: ERROR: Expected identifier but found "("
Error: Transform failed with 1 error:
C:\Users\BTA\Desktop\PJ\THDELIVERY\backend\src\modules\product\products.controller.ts:36:36: ERROR: Expected identifier but found "("
    at failureErrorWithLog (C:\Users\BTA\Desktop\PJ\THDELIVERY\backend\node_modules\esbuild\lib\main.js:1467:15)
    at C:\Users\BTA\Desktop\PJ\THDELIVERY\backend\node_modules\esbuild\lib\main.js:736:50
    at responseCallbacks.<computed> (C:\Users\BTA\Desktop\PJ\THDELIVERY\backend\node_modules\esbuild\lib\main.js:603:9)
    at handleIncomingPacket (C:\Users\BTA\Desktop\PJ\THDELIVERY\backend\node_modules\esbuild\lib\main.js:658:12)
    at Socket.readFromStdout (C:\Users\BTA\Desktop\PJ\THDELIVERY\backend\node_modules\esbuild\lib\main.js:581:7)
    at Socket.emit (node:events:519:28)
    at addChunk (node:internal/streams/readable:561:12)
    at readableAddChunkPushByteMode (node:internal/streams/readable:512:3)
    at Readable.push (node:internal/streams/readable:392:5)
    at Pipe.onStreamRead (node:internal/stream_base_commons:189:23)
Error: Transform failed with 1 error:
C:\Users\BTA\Desktop\PJ\THDELIVERY\backend\src\modules\product\products.controller.ts:36:36: ERROR: Expected identifier but found "("
    at failureErrorWithLog (C:\Users\BTA\Desktop\PJ\THDELIVERY\backend\node_modules\esbuild\lib\main.js:1467:15)
    at C:\Users\BTA\Desktop\PJ\THDELIVERY\backend\node_modules\esbuild\lib\main.js:736:50
    at responseCallbacks.<computed> (C:\Users\BTA\Desktop\PJ\THDELIVERY\backend\node_modules\esbuild\lib\main.js:603:9)
    at handleIncomingPacket (C:\Users\BTA\Desktop\PJ\THDELIVERY\backend\node_modules\esbuild\lib\main.js:658:12)
    at Socket.readFromStdout (C:\Users\BTA\Desktop\PJ\THDELIVERY\backend\node_modules\esbuild\lib\main.js:581:7)
    at Socket.emit (node:events:519:28)
    at addChunk (node:internal/streams/readable:561:12)
    at readableAddChunkPushByteMode (node:internal/streams/readable:512:3)
    at Readable.push (node:internal/streams/readable:392:5)
    at Pipe.onStreamRead (node:internal/stream_base_commons:189:23){"error":{"name":"TransformError"},"exception":true,"date":"Sun Dec 21 2025 15:54:23 GMT-0300 (Brasilia Standard Time)","process":{"pid":14160,"uid":null,"gid":null,"cwd":"C:\\Users\\BTA\\Desktop\\PJ\\THDELIVERY\\backend","execPath":"C:\\Program Files\\nodejs\\node.exe","version":"v22.20.0","argv":["C:\\Program Files\\nodejs\\node.exe","C:\\Users\\BTA\\Desktop\\PJ\\THDELIVERY\\backend\\src\\server.ts"],"memoryUsage":{"rss":96595968,"heapTotal":35504128,"heapUsed":24510016,"external":3515578,"arrayBuffers":185879}},"os":{"loadavg":[0,0,0],"uptime":269359.031},"trace":[{"column":15,"file":"C:\\Users\\BTA\\Desktop\\PJ\\THDELIVERY\\backend\\node_modules\\esbuild\\lib\\main.js","function":"failureErrorWithLog","line":1467,"method":null,"native":false},{"column":50,"file":"C:\\Users\\BTA\\Desktop\\PJ\\THDELIVERY\\backend\\node_modules\\esbuild\\lib\\main.js","function":null,"line":736,"method":null,"native":false},{"column":9,"file":"C:\\Users\\BTA\\Desktop\\PJ\\THDELIVERY\\backend\\node_modules\\esbuild\\lib\\main.js","function":"responseCallbacks.<computed>","line":603,"method":"<computed>","native":false},{"column":12,"file":"C:\\Users\\BTA\\Desktop\\PJ\\THDELIVERY\\backend\\node_modules\\esbuild\\lib\\main.js","function":"handleIncomingPacket","line":658,"method":null,"native":false},{"column":7,"file":"C:\\Users\\BTA\\Desktop\\PJ\\THDELIVERY\\backend\\node_modules\\esbuild\\lib\\main.js","function":"Socket.readFromStdout","line":581,"method":"readFromStdout","native":false},{"column":28,"file":"node:events","function":"Socket.emit","line":519,"method":"emit","native":false},{"column":12,"file":"node:internal/streams/readable","function":"addChunk","line":561,"method":null,"native":false},{"column":3,"file":"node:internal/streams/readable","function":"readableAddChunkPushByteMode","line":512,"method":null,"native":false},{"column":5,"file":"node:internal/streams/readable","function":"Readable.push","line":392,"method":"push","native":false},{"column":23,"file":"node:internal/stream_base_commons","function":"Pipe.onStreamRead","line":189,"method":"onStreamRead","native":false}]}
[2025-12-21T18:54:39.894Z] [31merror[39m: uncaughtException: Transform failed with 1 error:
C:\Users\BTA\Desktop\PJ\THDELIVERY\backend\src\modules\product\products.controller.ts:36:36: ERROR: Expected identifier but found "("
Error: Transform failed with 1 error:
C:\Users\BTA\Desktop\PJ\THDELIVERY\backend\src\modules\product\products.controller.ts:36:36: ERROR: Expected identifier but found "("
    at failureErrorWithLog (C:\Users\BTA\Desktop\PJ\THDELIVERY\backend\node_modules\esbuild\lib\main.js:1467:15)
    at C:\Users\BTA\Desktop\PJ\THDELIVERY\backend\node_modules\esbuild\lib\main.js:736:50
    at responseCallbacks.<computed> (C:\Users\BTA\Desktop\PJ\THDELIVERY\backend\node_modules\esbuild\lib\main.js:603:9)
    at handleIncomingPacket (C:\Users\BTA\Desktop\PJ\THDELIVERY\backend\node_modules\esbuild\lib\main.js:658:12)
    at Socket.readFromStdout (C:\Users\BTA\Desktop\PJ\THDELIVERY\backend\node_modules\esbuild\lib\main.js:581:7)
    at Socket.emit (node:events:519:28)
    at addChunk (node:internal/streams/readable:561:12)
    at readableAddChunkPushByteMode (node:internal/streams/readable:512:3)
    at Readable.push (node:internal/streams/readable:392:5)
    at Pipe.onStreamRead (node:internal/stream_base_commons:189:23)
Error: Transform failed with 1 error:
C:\Users\BTA\Desktop\PJ\THDELIVERY\backend\src\modules\product\products.controller.ts:36:36: ERROR: Expected identifier but found "("
    at failureErrorWithLog (C:\Users\BTA\Desktop\PJ\THDELIVERY\backend\node_modules\esbuild\lib\main.js:1467:15)
    at C:\Users\BTA\Desktop\PJ\THDELIVERY\backend\node_modules\esbuild\lib\main.js:736:50
    at responseCallbacks.<computed> (C:\Users\BTA\Desktop\PJ\THDELIVERY\backend\node_modules\esbuild\lib\main.js:603:9)
    at handleIncomingPacket (C:\Users\BTA\Desktop\PJ\THDELIVERY\backend\node_modules\esbuild\lib\main.js:658:12)
    at Socket.readFromStdout (C:\Users\BTA\Desktop\PJ\THDELIVERY\backend\node_modules\esbuild\lib\main.js:581:7)
    at Socket.emit (node:events:519:28)
    at addChunk (node:internal/streams/readable:561:12)
    at readableAddChunkPushByteMode (node:internal/streams/readable:512:3)
    at Readable.push (node:internal/streams/readable:392:5)
    at Pipe.onStreamRead (node:internal/stream_base_commons:189:23){"error":{"name":"TransformError"},"exception":true,"date":"Sun Dec 21 2025 15:54:39 GMT-0300 (Brasilia Standard Time)","process":{"pid":6868,"uid":null,"gid":null,"cwd":"C:\\Users\\BTA\\Desktop\\PJ\\THDELIVERY\\backend","execPath":"C:\\Program Files\\nodejs\\node.exe","version":"v22.20.0","argv":["C:\\Program Files\\nodejs\\node.exe","C:\\Users\\BTA\\Desktop\\PJ\\THDELIVERY\\backend\\src\\server.ts"],"memoryUsage":{"rss":96911360,"heapTotal":35504128,"heapUsed":24511880,"external":3515578,"arrayBuffers":185879}},"os":{"loadavg":[0,0,0],"uptime":269375.64},"trace":[{"column":15,"file":"C:\\Users\\BTA\\Desktop\\PJ\\THDELIVERY\\backend\\node_modules\\esbuild\\lib\\main.js","function":"failureErrorWithLog","line":1467,"method":null,"native":false},{"column":50,"file":"C:\\Users\\BTA\\Desktop\\PJ\\THDELIVERY\\backend\\node_modules\\esbuild\\lib\\main.js","function":null,"line":736,"method":null,"native":false},{"column":9,"file":"C:\\Users\\BTA\\Desktop\\PJ\\THDELIVERY\\backend\\node_modules\\esbuild\\lib\\main.js","function":"responseCallbacks.<computed>","line":603,"method":"<computed>","native":false},{"column":12,"file":"C:\\Users\\BTA\\Desktop\\PJ\\THDELIVERY\\backend\\node_modules\\esbuild\\lib\\main.js","function":"handleIncomingPacket","line":658,"method":null,"native":false},{"column":7,"file":"C:\\Users\\BTA\\Desktop\\PJ\\THDELIVERY\\backend\\node_modules\\esbuild\\lib\\main.js","function":"Socket.readFromStdout","line":581,"method":"readFromStdout","native":false},{"column":28,"file":"node:events","function":"Socket.emit","line":519,"method":"emit","native":false},{"column":12,"file":"node:internal/streams/readable","function":"addChunk","line":561,"method":null,"native":false},{"column":3,"file":"node:internal/streams/readable","function":"readableAddChunkPushByteMode","line":512,"method":null,"native":false},{"column":5,"file":"node:internal/streams/readable","function":"Readable.push","line":392,"method":"push","native":false},{"column":23,"file":"node:internal/stream_base_commons","function":"Pipe.onStreamRead","line":189,"method":"onStreamRead","native":false}]}
[2025-12-21T18:54:39.929Z] [31merror[39m: uncaughtException: Transform failed with 1 error:
C:\Users\BTA\Desktop\PJ\THDELIVERY\backend\src\modules\product\products.controller.ts:36:36: ERROR: Expected identifier but found "("
Error: Transform failed with 1 error:
C:\Users\BTA\Desktop\PJ\THDELIVERY\backend\src\modules\product\products.controller.ts:36:36: ERROR: Expected identifier but found "("
    at failureErrorWithLog (C:\Users\BTA\Desktop\PJ\THDELIVERY\backend\node_modules\esbuild\lib\main.js:1467:15)
    at C:\Users\BTA\Desktop\PJ\THDELIVERY\backend\node_modules\esbuild\lib\main.js:736:50
    at responseCallbacks.<computed> (C:\Users\BTA\Desktop\PJ\THDELIVERY\backend\node_modules\esbuild\lib\main.js:603:9)
    at handleIncomingPacket (C:\Users\BTA\Desktop\PJ\THDELIVERY\backend\node_modules\esbuild\lib\main.js:658:12)
    at Socket.readFromStdout (C:\Users\BTA\Desktop\PJ\THDELIVERY\backend\node_modules\esbuild\lib\main.js:581:7)
    at Socket.emit (node:events:519:28)
    at addChunk (node:internal/streams/readable:561:12)
    at readableAddChunkPushByteMode (node:internal/streams/readable:512:3)
    at Readable.push (node:internal/streams/readable:392:5)
    at Pipe.onStreamRead (node:internal/stream_base_commons:189:23)
Error: Transform failed with 1 error:
C:\Users\BTA\Desktop\PJ\THDELIVERY\backend\src\modules\product\products.controller.ts:36:36: ERROR: Expected identifier but found "("
    at failureErrorWithLog (C:\Users\BTA\Desktop\PJ\THDELIVERY\backend\node_modules\esbuild\lib\main.js:1467:15)
    at C:\Users\BTA\Desktop\PJ\THDELIVERY\backend\node_modules\esbuild\lib\main.js:736:50
    at responseCallbacks.<computed> (C:\Users\BTA\Desktop\PJ\THDELIVERY\backend\node_modules\esbuild\lib\main.js:603:9)
    at handleIncomingPacket (C:\Users\BTA\Desktop\PJ\THDELIVERY\backend\node_modules\esbuild\lib\main.js:658:12)
    at Socket.readFromStdout (C:\Users\BTA\Desktop\PJ\THDELIVERY\backend\node_modules\esbuild\lib\main.js:581:7)
    at Socket.emit (node:events:519:28)
    at addChunk (node:internal/streams/readable:561:12)
    at readableAddChunkPushByteMode (node:internal/streams/readable:512:3)
    at Readable.push (node:internal/streams/readable:392:5)
    at Pipe.onStreamRead (node:internal/stream_base_commons:189:23){"error":{"name":"TransformError"},"exception":true,"date":"Sun Dec 21 2025 15:54:39 GMT-0300 (Brasilia Standard Time)","process":{"pid":2204,"uid":null,"gid":null,"cwd":"C:\\Users\\BTA\\Desktop\\PJ\\THDELIVERY\\backend","execPath":"C:\\Program Files\\nodejs\\node.exe","version":"v22.20.0","argv":["C:\\Program Files\\nodejs\\node.exe","C:\\Users\\BTA\\Desktop\\PJ\\THDELIVERY\\backend\\src\\server.ts"],"memoryUsage":{"rss":95285248,"heapTotal":35262464,"heapUsed":23582400,"external":3515578,"arrayBuffers":185879}},"os":{"loadavg":[0,0,0],"uptime":269375.671},"trace":[{"column":15,"file":"C:\\Users\\BTA\\Desktop\\PJ\\THDELIVERY\\backend\\node_modules\\esbuild\\lib\\main.js","function":"failureErrorWithLog","line":1467,"method":null,"native":false},{"column":50,"file":"C:\\Users\\BTA\\Desktop\\PJ\\THDELIVERY\\backend\\node_modules\\esbuild\\lib\\main.js","function":null,"line":736,"method":null,"native":false},{"column":9,"file":"C:\\Users\\BTA\\Desktop\\PJ\\THDELIVERY\\backend\\node_modules\\esbuild\\lib\\main.js","function":"responseCallbacks.<computed>","line":603,"method":"<computed>","native":false},{"column":12,"file":"C:\\Users\\BTA\\Desktop\\PJ\\THDELIVERY\\backend\\node_modules\\esbuild\\lib\\main.js","function":"handleIncomingPacket","line":658,"method":null,"native":false},{"column":7,"file":"C:\\Users\\BTA\\Desktop\\PJ\\THDELIVERY\\backend\\node_modules\\esbuild\\lib\\main.js","function":"Socket.readFromStdout","line":581,"method":"readFromStdout","native":false},{"column":28,"file":"node:events","function":"Socket.emit","line":519,"method":"emit","native":false},{"column":12,"file":"node:internal/streams/readable","function":"addChunk","line":561,"method":null,"native":false},{"column":3,"file":"node:internal/streams/readable","function":"readableAddChunkPushByteMode","line":512,"method":null,"native":false},{"column":5,"file":"node:internal/streams/readable","function":"Readable.push","line":392,"method":"push","native":false},{"column":23,"file":"node:internal/stream_base_commons","function":"Pipe.onStreamRead","line":189,"method":"onStreamRead","native":false}]}
[2025-12-21T18:54:43.647Z] [31merror[39m: uncaughtException: Transform failed with 1 error:
C:\Users\BTA\Desktop\PJ\THDELIVERY\backend\src\modules\product\products.controller.ts:36:36: ERROR: Expected identifier but found "("
Error: Transform failed with 1 error:
C:\Users\BTA\Desktop\PJ\THDELIVERY\backend\src\modules\product\products.controller.ts:36:36: ERROR: Expected identifier but found "("
    at failureErrorWithLog (C:\Users\BTA\Desktop\PJ\THDELIVERY\backend\node_modules\esbuild\lib\main.js:1467:15)
    at C:\Users\BTA\Desktop\PJ\THDELIVERY\backend\node_modules\esbuild\lib\main.js:736:50
    at responseCallbacks.<computed> (C:\Users\BTA\Desktop\PJ\THDELIVERY\backend\node_modules\esbuild\lib\main.js:603:9)
    at handleIncomingPacket (C:\Users\BTA\Desktop\PJ\THDELIVERY\backend\node_modules\esbuild\lib\main.js:658:12)
    at Socket.readFromStdout (C:\Users\BTA\Desktop\PJ\THDELIVERY\backend\node_modules\esbuild\lib\main.js:581:7)
    at Socket.emit (node:events:519:28)
    at addChunk (node:internal/streams/readable:561:12)
    at readableAddChunkPushByteMode (node:internal/streams/readable:512:3)
    at Readable.push (node:internal/streams/readable:392:5)
    at Pipe.onStreamRead (node:internal/stream_base_commons:189:23)
Error: Transform failed with 1 error:
C:\Users\BTA\Desktop\PJ\THDELIVERY\backend\src\modules\product\products.controller.ts:36:36: ERROR: Expected identifier but found "("
    at failureErrorWithLog (C:\Users\BTA\Desktop\PJ\THDELIVERY\backend\node_modules\esbuild\lib\main.js:1467:15)
    at C:\Users\BTA\Desktop\PJ\THDELIVERY\backend\node_modules\esbuild\lib\main.js:736:50
    at responseCallbacks.<computed> (C:\Users\BTA\Desktop\PJ\THDELIVERY\backend\node_modules\esbuild\lib\main.js:603:9)
    at handleIncomingPacket (C:\Users\BTA\Desktop\PJ\THDELIVERY\backend\node_modules\esbuild\lib\main.js:658:12)
    at Socket.readFromStdout (C:\Users\BTA\Desktop\PJ\THDELIVERY\backend\node_modules\esbuild\lib\main.js:581:7)
    at Socket.emit (node:events:519:28)
    at addChunk (node:internal/streams/readable:561:12)
    at readableAddChunkPushByteMode (node:internal/streams/readable:512:3)
    at Readable.push (node:internal/streams/readable:392:5)
    at Pipe.onStreamRead (node:internal/stream_base_commons:189:23){"error":{"name":"TransformError"},"exception":true,"date":"Sun Dec 21 2025 15:54:43 GMT-0300 (Brasilia Standard Time)","process":{"pid":17060,"uid":null,"gid":null,"cwd":"C:\\Users\\BTA\\Desktop\\PJ\\THDELIVERY\\backend","execPath":"C:\\Program Files\\nodejs\\node.exe","version":"v22.20.0","argv":["C:\\Program Files\\nodejs\\node.exe","C:\\Users\\BTA\\Desktop\\PJ\\THDELIVERY\\backend\\src\\server.ts"],"memoryUsage":{"rss":96854016,"heapTotal":35241984,"heapUsed":24604896,"external":3515578,"arrayBuffers":185879}},"os":{"loadavg":[0,0,0],"uptime":269379.39},"trace":[{"column":15,"file":"C:\\Users\\BTA\\Desktop\\PJ\\THDELIVERY\\backend\\node_modules\\esbuild\\lib\\main.js","function":"failureErrorWithLog","line":1467,"method":null,"native":false},{"column":50,"file":"C:\\Users\\BTA\\Desktop\\PJ\\THDELIVERY\\backend\\node_modules\\esbuild\\lib\\main.js","function":null,"line":736,"method":null,"native":false},{"column":9,"file":"C:\\Users\\BTA\\Desktop\\PJ\\THDELIVERY\\backend\\node_modules\\esbuild\\lib\\main.js","function":"responseCallbacks.<computed>","line":603,"method":"<computed>","native":false},{"column":12,"file":"C:\\Users\\BTA\\Desktop\\PJ\\THDELIVERY\\backend\\node_modules\\esbuild\\lib\\main.js","function":"handleIncomingPacket","line":658,"method":null,"native":false},{"column":7,"file":"C:\\Users\\BTA\\Desktop\\PJ\\THDELIVERY\\backend\\node_modules\\esbuild\\lib\\main.js","function":"Socket.readFromStdout","line":581,"method":"readFromStdout","native":false},{"column":28,"file":"node:events","function":"Socket.emit","line":519,"method":"emit","native":false},{"column":12,"file":"node:internal/streams/readable","function":"addChunk","line":561,"method":null,"native":false},{"column":3,"file":"node:internal/streams/readable","function":"readableAddChunkPushByteMode","line":512,"method":null,"native":false},{"column":5,"file":"node:internal/streams/readable","function":"Readable.push","line":392,"method":"push","native":false},{"column":23,"file":"node:internal/stream_base_commons","function":"Pipe.onStreamRead","line":189,"method":"onStreamRead","native":false}]}
[2025-12-21T18:54:43.696Z] [31merror[39m: uncaughtException: Transform failed with 1 error:
C:\Users\BTA\Desktop\PJ\THDELIVERY\backend\src\modules\product\products.controller.ts:36:36: ERROR: Expected identifier but found "("
Error: Transform failed with 1 error:
C:\Users\BTA\Desktop\PJ\THDELIVERY\backend\src\modules\product\products.controller.ts:36:36: ERROR: Expected identifier but found "("
    at failureErrorWithLog (C:\Users\BTA\Desktop\PJ\THDELIVERY\backend\node_modules\esbuild\lib\main.js:1467:15)
    at C:\Users\BTA\Desktop\PJ\THDELIVERY\backend\node_modules\esbuild\lib\main.js:736:50
    at responseCallbacks.<computed> (C:\Users\BTA\Desktop\PJ\THDELIVERY\backend\node_modules\esbuild\lib\main.js:603:9)
    at handleIncomingPacket (C:\Users\BTA\Desktop\PJ\THDELIVERY\backend\node_modules\esbuild\lib\main.js:658:12)
    at Socket.readFromStdout (C:\Users\BTA\Desktop\PJ\THDELIVERY\backend\node_modules\esbuild\lib\main.js:581:7)
    at Socket.emit (node:events:519:28)
    at addChunk (node:internal/streams/readable:561:12)
    at readableAddChunkPushByteMode (node:internal/streams/readable:512:3)
    at Readable.push (node:internal/streams/readable:392:5)
    at Pipe.onStreamRead (node:internal/stream_base_commons:189:23)
Error: Transform failed with 1 error:
C:\Users\BTA\Desktop\PJ\THDELIVERY\backend\src\modules\product\products.controller.ts:36:36: ERROR: Expected identifier but found "("
    at failureErrorWithLog (C:\Users\BTA\Desktop\PJ\THDELIVERY\backend\node_modules\esbuild\lib\main.js:1467:15)
    at C:\Users\BTA\Desktop\PJ\THDELIVERY\backend\node_modules\esbuild\lib\main.js:736:50
    at responseCallbacks.<computed> (C:\Users\BTA\Desktop\PJ\THDELIVERY\backend\node_modules\esbuild\lib\main.js:603:9)
    at handleIncomingPacket (C:\Users\BTA\Desktop\PJ\THDELIVERY\backend\node_modules\esbuild\lib\main.js:658:12)
    at Socket.readFromStdout (C:\Users\BTA\Desktop\PJ\THDELIVERY\backend\node_modules\esbuild\lib\main.js:581:7)
    at Socket.emit (node:events:519:28)
    at addChunk (node:internal/streams/readable:561:12)
    at readableAddChunkPushByteMode (node:internal/streams/readable:512:3)
    at Readable.push (node:internal/streams/readable:392:5)
    at Pipe.onStreamRead (node:internal/stream_base_commons:189:23){"error":{"name":"TransformError"},"exception":true,"date":"Sun Dec 21 2025 15:54:43 GMT-0300 (Brasilia Standard Time)","process":{"pid":9408,"uid":null,"gid":null,"cwd":"C:\\Users\\BTA\\Desktop\\PJ\\THDELIVERY\\backend","execPath":"C:\\Program Files\\nodejs\\node.exe","version":"v22.20.0","argv":["C:\\Program Files\\nodejs\\node.exe","C:\\Users\\BTA\\Desktop\\PJ\\THDELIVERY\\backend\\src\\server.ts"],"memoryUsage":{"rss":95035392,"heapTotal":35262464,"heapUsed":23580496,"external":3515578,"arrayBuffers":185879}},"os":{"loadavg":[0,0,0],"uptime":269379.437},"trace":[{"column":15,"file":"C:\\Users\\BTA\\Desktop\\PJ\\THDELIVERY\\backend\\node_modules\\esbuild\\lib\\main.js","function":"failureErrorWithLog","line":1467,"method":null,"native":false},{"column":50,"file":"C:\\Users\\BTA\\Desktop\\PJ\\THDELIVERY\\backend\\node_modules\\esbuild\\lib\\main.js","function":null,"line":736,"method":null,"native":false},{"column":9,"file":"C:\\Users\\BTA\\Desktop\\PJ\\THDELIVERY\\backend\\node_modules\\esbuild\\lib\\main.js","function":"responseCallbacks.<computed>","line":603,"method":"<computed>","native":false},{"column":12,"file":"C:\\Users\\BTA\\Desktop\\PJ\\THDELIVERY\\backend\\node_modules\\esbuild\\lib\\main.js","function":"handleIncomingPacket","line":658,"method":null,"native":false},{"column":7,"file":"C:\\Users\\BTA\\Desktop\\PJ\\THDELIVERY\\backend\\node_modules\\esbuild\\lib\\main.js","function":"Socket.readFromStdout","line":581,"method":"readFromStdout","native":false},{"column":28,"file":"node:events","function":"Socket.emit","line":519,"method":"emit","native":false},{"column":12,"file":"node:internal/streams/readable","function":"addChunk","line":561,"method":null,"native":false},{"column":3,"file":"node:internal/streams/readable","function":"readableAddChunkPushByteMode","line":512,"method":null,"native":false},{"column":5,"file":"node:internal/streams/readable","function":"Readable.push","line":392,"method":"push","native":false},{"column":23,"file":"node:internal/stream_base_commons","function":"Pipe.onStreamRead","line":189,"method":"onStreamRead","native":false}]}
[2025-12-21T18:54:46.204Z] [31merror[39m: uncaughtException: Transform failed with 1 error:
C:\Users\BTA\Desktop\PJ\THDELIVERY\backend\src\modules\product\products.controller.ts:36:36: ERROR: Expected identifier but found "("
Error: Transform failed with 1 error:
C:\Users\BTA\Desktop\PJ\THDELIVERY\backend\src\modules\product\products.controller.ts:36:36: ERROR: Expected identifier but found "("
    at failureErrorWithLog (C:\Users\BTA\Desktop\PJ\THDELIVERY\backend\node_modules\esbuild\lib\main.js:1467:15)
    at C:\Users\BTA\Desktop\PJ\THDELIVERY\backend\node_modules\esbuild\lib\main.js:736:50
    at responseCallbacks.<computed> (C:\Users\BTA\Desktop\PJ\THDELIVERY\backend\node_modules\esbuild\lib\main.js:603:9)
    at handleIncomingPacket (C:\Users\BTA\Desktop\PJ\THDELIVERY\backend\node_modules\esbuild\lib\main.js:658:12)
    at Socket.readFromStdout (C:\Users\BTA\Desktop\PJ\THDELIVERY\backend\node_modules\esbuild\lib\main.js:581:7)
    at Socket.emit (node:events:519:28)
    at addChunk (node:internal/streams/readable:561:12)
    at readableAddChunkPushByteMode (node:internal/streams/readable:512:3)
    at Readable.push (node:internal/streams/readable:392:5)
    at Pipe.onStreamRead (node:internal/stream_base_commons:189:23)
Error: Transform failed with 1 error:
C:\Users\BTA\Desktop\PJ\THDELIVERY\backend\src\modules\product\products.controller.ts:36:36: ERROR: Expected identifier but found "("
    at failureErrorWithLog (C:\Users\BTA\Desktop\PJ\THDELIVERY\backend\node_modules\esbuild\lib\main.js:1467:15)
    at C:\Users\BTA\Desktop\PJ\THDELIVERY\backend\node_modules\esbuild\lib\main.js:736:50
    at responseCallbacks.<computed> (C:\Users\BTA\Desktop\PJ\THDELIVERY\backend\node_modules\esbuild\lib\main.js:603:9)
    at handleIncomingPacket (C:\Users\BTA\Desktop\PJ\THDELIVERY\backend\node_modules\esbuild\lib\main.js:658:12)
    at Socket.readFromStdout (C:\Users\BTA\Desktop\PJ\THDELIVERY\backend\node_modules\esbuild\lib\main.js:581:7)
    at Socket.emit (node:events:519:28)
    at addChunk (node:internal/streams/readable:561:12)
    at readableAddChunkPushByteMode (node:internal/streams/readable:512:3)
    at Readable.push (node:internal/streams/readable:392:5)
    at Pipe.onStreamRead (node:internal/stream_base_commons:189:23){"error":{"name":"TransformError"},"exception":true,"date":"Sun Dec 21 2025 15:54:46 GMT-0300 (Brasilia Standard Time)","process":{"pid":13772,"uid":null,"gid":null,"cwd":"C:\\Users\\BTA\\Desktop\\PJ\\THDELIVERY\\backend","execPath":"C:\\Program Files\\nodejs\\node.exe","version":"v22.20.0","argv":["C:\\Program Files\\nodejs\\node.exe","C:\\Users\\BTA\\Desktop\\PJ\\THDELIVERY\\backend\\src\\server.ts"],"memoryUsage":{"rss":96591872,"heapTotal":35504128,"heapUsed":24513576,"external":3515578,"arrayBuffers":185879}},"os":{"loadavg":[0,0,0],"uptime":269381.953},"trace":[{"column":15,"file":"C:\\Users\\BTA\\Desktop\\PJ\\THDELIVERY\\backend\\node_modules\\esbuild\\lib\\main.js","function":"failureErrorWithLog","line":1467,"method":null,"native":false},{"column":50,"file":"C:\\Users\\BTA\\Desktop\\PJ\\THDELIVERY\\backend\\node_modules\\esbuild\\lib\\main.js","function":null,"line":736,"method":null,"native":false},{"column":9,"file":"C:\\Users\\BTA\\Desktop\\PJ\\THDELIVERY\\backend\\node_modules\\esbuild\\lib\\main.js","function":"responseCallbacks.<computed>","line":603,"method":"<computed>","native":false},{"column":12,"file":"C:\\Users\\BTA\\Desktop\\PJ\\THDELIVERY\\backend\\node_modules\\esbuild\\lib\\main.js","function":"handleIncomingPacket","line":658,"method":null,"native":false},{"column":7,"file":"C:\\Users\\BTA\\Desktop\\PJ\\THDELIVERY\\backend\\node_modules\\esbuild\\lib\\main.js","function":"Socket.readFromStdout","line":581,"method":"readFromStdout","native":false},{"column":28,"file":"node:events","function":"Socket.emit","line":519,"method":"emit","native":false},{"column":12,"file":"node:internal/streams/readable","function":"addChunk","line":561,"method":null,"native":false},{"column":3,"file":"node:internal/streams/readable","function":"readableAddChunkPushByteMode","line":512,"method":null,"native":false},{"column":5,"file":"node:internal/streams/readable","function":"Readable.push","line":392,"method":"push","native":false},{"column":23,"file":"node:internal/stream_base_commons","function":"Pipe.onStreamRead","line":189,"method":"onStreamRead","native":false}]}
[2025-12-21T18:54:46.248Z] [31merror[39m: uncaughtException: Transform failed with 1 error:
C:\Users\BTA\Desktop\PJ\THDELIVERY\backend\src\modules\product\products.controller.ts:36:36: ERROR: Expected identifier but found "("
Error: Transform failed with 1 error:
C:\Users\BTA\Desktop\PJ\THDELIVERY\backend\src\modules\product\products.controller.ts:36:36: ERROR: Expected identifier but found "("
    at failureErrorWithLog (C:\Users\BTA\Desktop\PJ\THDELIVERY\backend\node_modules\esbuild\lib\main.js:1467:15)
    at C:\Users\BTA\Desktop\PJ\THDELIVERY\backend\node_modules\esbuild\lib\main.js:736:50
    at responseCallbacks.<computed> (C:\Users\BTA\Desktop\PJ\THDELIVERY\backend\node_modules\esbuild\lib\main.js:603:9)
    at handleIncomingPacket (C:\Users\BTA\Desktop\PJ\THDELIVERY\backend\node_modules\esbuild\lib\main.js:658:12)
    at Socket.readFromStdout (C:\Users\BTA\Desktop\PJ\THDELIVERY\backend\node_modules\esbuild\lib\main.js:581:7)
    at Socket.emit (node:events:519:28)
    at addChunk (node:internal/streams/readable:561:12)
    at readableAddChunkPushByteMode (node:internal/streams/readable:512:3)
    at Readable.push (node:internal/streams/readable:392:5)
    at Pipe.onStreamRead (node:internal/stream_base_commons:189:23)
Error: Transform failed with 1 error:
C:\Users\BTA\Desktop\PJ\THDELIVERY\backend\src\modules\product\products.controller.ts:36:36: ERROR: Expected identifier but found "("
    at failureErrorWithLog (C:\Users\BTA\Desktop\PJ\THDELIVERY\backend\node_modules\esbuild\lib\main.js:1467:15)
    at C:\Users\BTA\Desktop\PJ\THDELIVERY\backend\node_modules\esbuild\lib\main.js:736:50
    at responseCallbacks.<computed> (C:\Users\BTA\Desktop\PJ\THDELIVERY\backend\node_modules\esbuild\lib\main.js:603:9)
    at handleIncomingPacket (C:\Users\BTA\Desktop\PJ\THDELIVERY\backend\node_modules\esbuild\lib\main.js:658:12)
    at Socket.readFromStdout (C:\Users\BTA\Desktop\PJ\THDELIVERY\backend\node_modules\esbuild\lib\main.js:581:7)
    at Socket.emit (node:events:519:28)
    at addChunk (node:internal/streams/readable:561:12)
    at readableAddChunkPushByteMode (node:internal/streams/readable:512:3)
    at Readable.push (node:internal/streams/readable:392:5)
    at Pipe.onStreamRead (node:internal/stream_base_commons:189:23){"error":{"name":"TransformError"},"exception":true,"date":"Sun Dec 21 2025 15:54:46 GMT-0300 (Brasilia Standard Time)","process":{"pid":20036,"uid":null,"gid":null,"cwd":"C:\\Users\\BTA\\Desktop\\PJ\\THDELIVERY\\backend","execPath":"C:\\Program Files\\nodejs\\node.exe","version":"v22.20.0","argv":["C:\\Program Files\\nodejs\\node.exe","C:\\Users\\BTA\\Desktop\\PJ\\THDELIVERY\\backend\\src\\server.ts"],"memoryUsage":{"rss":96772096,"heapTotal":35504128,"heapUsed":24509808,"external":3515578,"arrayBuffers":185879}},"os":{"loadavg":[0,0,0],"uptime":269382},"trace":[{"column":15,"file":"C:\\Users\\BTA\\Desktop\\PJ\\THDELIVERY\\backend\\node_modules\\esbuild\\lib\\main.js","function":"failureErrorWithLog","line":1467,"method":null,"native":false},{"column":50,"file":"C:\\Users\\BTA\\Desktop\\PJ\\THDELIVERY\\backend\\node_modules\\esbuild\\lib\\main.js","function":null,"line":736,"method":null,"native":false},{"column":9,"file":"C:\\Users\\BTA\\Desktop\\PJ\\THDELIVERY\\backend\\node_modules\\esbuild\\lib\\main.js","function":"responseCallbacks.<computed>","line":603,"method":"<computed>","native":false},{"column":12,"file":"C:\\Users\\BTA\\Desktop\\PJ\\THDELIVERY\\backend\\node_modules\\esbuild\\lib\\main.js","function":"handleIncomingPacket","line":658,"method":null,"native":false},{"column":7,"file":"C:\\Users\\BTA\\Desktop\\PJ\\THDELIVERY\\backend\\node_modules\\esbuild\\lib\\main.js","function":"Socket.readFromStdout","line":581,"method":"readFromStdout","native":false},{"column":28,"file":"node:events","function":"Socket.emit","line":519,"method":"emit","native":false},{"column":12,"file":"node:internal/streams/readable","function":"addChunk","line":561,"method":null,"native":false},{"column":3,"file":"node:internal/streams/readable","function":"readableAddChunkPushByteMode","line":512,"method":null,"native":false},{"column":5,"file":"node:internal/streams/readable","function":"Readable.push","line":392,"method":"push","native":false},{"column":23,"file":"node:internal/stream_base_commons","function":"Pipe.onStreamRead","line":189,"method":"onStreamRead","native":false}]}
[2025-12-21T18:54:52.575Z] [31merror[39m: uncaughtException: Cannot find module '../services/product.service'
Require stack:
- C:\Users\BTA\Desktop\PJ\THDELIVERY\backend\src\modules\product\products.controller.ts
- C:\Users\BTA\Desktop\PJ\THDELIVERY\backend\src\modules\product\products.route.ts
- C:\Users\BTA\Desktop\PJ\THDELIVERY\backend\src\routes\main.route.ts
- C:\Users\BTA\Desktop\PJ\THDELIVERY\backend\src\server.ts
Error: Cannot find module '../services/product.service'
Require stack:
- C:\Users\BTA\Desktop\PJ\THDELIVERY\backend\src\modules\product\products.controller.ts
- C:\Users\BTA\Desktop\PJ\THDELIVERY\backend\src\modules\product\products.route.ts
- C:\Users\BTA\Desktop\PJ\THDELIVERY\backend\src\routes\main.route.ts
- C:\Users\BTA\Desktop\PJ\THDELIVERY\backend\src\server.ts
    at node:internal/modules/cjs/loader:1383:15
    at nextResolveSimple (C:\Users\BTA\Desktop\PJ\THDELIVERY\backend\node_modules\tsx\dist\register-D46fvsV_.cjs:4:1004)
    at C:\Users\BTA\Desktop\PJ\THDELIVERY\backend\node_modules\tsx\dist\register-D46fvsV_.cjs:3:2630
    at C:\Users\BTA\Desktop\PJ\THDELIVERY\backend\node_modules\tsx\dist\register-D46fvsV_.cjs:3:1542
    at resolveTsPaths (C:\Users\BTA\Desktop\PJ\THDELIVERY\backend\node_modules\tsx\dist\register-D46fvsV_.cjs:4:760)
    at C:\Users\BTA\Desktop\PJ\THDELIVERY\backend\node_modules\tsx\dist\register-D46fvsV_.cjs:4:1102
    at m._resolveFilename (file:///C:/Users/BTA/Desktop/PJ/THDELIVERY/backend/node_modules/tsx/dist/register-B7jrtLTO.mjs:1:789)
    at defaultResolveImpl (node:internal/modules/cjs/loader:1025:19)
    at resolveForCJSWithHooks (node:internal/modules/cjs/loader:1030:22)
    at Function._load (node:internal/modules/cjs/loader:1192:37)
Error: Cannot find module '../services/product.service'
Require stack:
- C:\Users\BTA\Desktop\PJ\THDELIVERY\backend\src\modules\product\products.controller.ts
- C:\Users\BTA\Desktop\PJ\THDELIVERY\backend\src\modules\product\products.route.ts
- C:\Users\BTA\Desktop\PJ\THDELIVERY\backend\src\routes\main.route.ts
- C:\Users\BTA\Desktop\PJ\THDELIVERY\backend\src\server.ts
    at node:internal/modules/cjs/loader:1383:15
    at nextResolveSimple (C:\Users\BTA\Desktop\PJ\THDELIVERY\backend\node_modules\tsx\dist\register-D46fvsV_.cjs:4:1004)
    at C:\Users\BTA\Desktop\PJ\THDELIVERY\backend\node_modules\tsx\dist\register-D46fvsV_.cjs:3:2630
    at C:\Users\BTA\Desktop\PJ\THDELIVERY\backend\node_modules\tsx\dist\register-D46fvsV_.cjs:3:1542
    at resolveTsPaths (C:\Users\BTA\Desktop\PJ\THDELIVERY\backend\node_modules\tsx\dist\register-D46fvsV_.cjs:4:760)
    at C:\Users\BTA\Desktop\PJ\THDELIVERY\backend\node_modules\tsx\dist\register-D46fvsV_.cjs:4:1102
    at m._resolveFilename (file:///C:/Users/BTA/Desktop/PJ/THDELIVERY/backend/node_modules/tsx/dist/register-B7jrtLTO.mjs:1:789)
    at defaultResolveImpl (node:internal/modules/cjs/loader:1025:19)
    at resolveForCJSWithHooks (node:internal/modules/cjs/loader:1030:22)
    at Function._load (node:internal/modules/cjs/loader:1192:37){"error":{"code":"MODULE_NOT_FOUND","requireStack":["C:\\Users\\BTA\\Desktop\\PJ\\THDELIVERY\\backend\\src\\modules\\product\\products.controller.ts","C:\\Users\\BTA\\Desktop\\PJ\\THDELIVERY\\backend\\src\\modules\\product\\products.route.ts","C:\\Users\\BTA\\Desktop\\PJ\\THDELIVERY\\backend\\src\\routes\\main.route.ts","C:\\Users\\BTA\\Desktop\\PJ\\THDELIVERY\\backend\\src\\server.ts"]},"exception":true,"date":"Sun Dec 21 2025 15:54:52 GMT-0300 (Brasilia Standard Time)","process":{"pid":13280,"uid":null,"gid":null,"cwd":"C:\\Users\\BTA\\Desktop\\PJ\\THDELIVERY\\backend","execPath":"C:\\Program Files\\nodejs\\node.exe","version":"v22.20.0","argv":["C:\\Program Files\\nodejs\\node.exe","C:\\Users\\BTA\\Desktop\\PJ\\THDELIVERY\\backend\\src\\server.ts"],"memoryUsage":{"rss":97460224,"heapTotal":35504128,"heapUsed":25245680,"external":3532162,"arrayBuffers":202463}},"os":{"loadavg":[0,0,0],"uptime":269388.328},"trace":[{"column":15,"file":"node:internal/modules/cjs/loader","function":null,"line":1383,"method":null,"native":false},{"column":1004,"file":"C:\\Users\\BTA\\Desktop\\PJ\\THDELIVERY\\backend\\node_modules\\tsx\\dist\\register-D46fvsV_.cjs","function":"nextResolveSimple","line":4,"method":null,"native":false},{"column":2630,"file":"C:\\Users\\BTA\\Desktop\\PJ\\THDELIVERY\\backend\\node_modules\\tsx\\dist\\register-D46fvsV_.cjs","function":null,"line":3,"method":null,"native":false},{"column":1542,"file":"C:\\Users\\BTA\\Desktop\\PJ\\THDELIVERY\\backend\\node_modules\\tsx\\dist\\register-D46fvsV_.cjs","function":null,"line":3,"method":null,"native":false},{"column":760,"file":"C:\\Users\\BTA\\Desktop\\PJ\\THDELIVERY\\backend\\node_modules\\tsx\\dist\\register-D46fvsV_.cjs","function":"resolveTsPaths","line":4,"method":null,"native":false},{"column":1102,"file":"C:\\Users\\BTA\\Desktop\\PJ\\THDELIVERY\\backend\\node_modules\\tsx\\dist\\register-D46fvsV_.cjs","function":null,"line":4,"method":null,"native":false},{"column":789,"file":"file:///C:/Users/BTA/Desktop/PJ/THDELIVERY/backend/node_modules/tsx/dist/register-B7jrtLTO.mjs","function":"m._resolveFilename","line":1,"method":"_resolveFilename","native":false},{"column":19,"file":"node:internal/modules/cjs/loader","function":"defaultResolveImpl","line":1025,"method":null,"native":false},{"column":22,"file":"node:internal/modules/cjs/loader","function":"resolveForCJSWithHooks","line":1030,"method":null,"native":false},{"column":37,"file":"node:internal/modules/cjs/loader","function":"Function._load","line":1192,"method":"_load","native":false}]}
[2025-12-21T18:54:52.666Z] [31merror[39m: uncaughtException: Cannot find module '../services/product.service'
Require stack:
- C:\Users\BTA\Desktop\PJ\THDELIVERY\backend\src\modules\product\products.controller.ts
- C:\Users\BTA\Desktop\PJ\THDELIVERY\backend\src\modules\product\products.route.ts
- C:\Users\BTA\Desktop\PJ\THDELIVERY\backend\src\routes\main.route.ts
- C:\Users\BTA\Desktop\PJ\THDELIVERY\backend\src\server.ts
Error: Cannot find module '../services/product.service'
Require stack:
- C:\Users\BTA\Desktop\PJ\THDELIVERY\backend\src\modules\product\products.controller.ts
- C:\Users\BTA\Desktop\PJ\THDELIVERY\backend\src\modules\product\products.route.ts
- C:\Users\BTA\Desktop\PJ\THDELIVERY\backend\src\routes\main.route.ts
- C:\Users\BTA\Desktop\PJ\THDELIVERY\backend\src\server.ts
    at node:internal/modules/cjs/loader:1383:15
    at nextResolveSimple (C:\Users\BTA\Desktop\PJ\THDELIVERY\backend\node_modules\tsx\dist\register-D46fvsV_.cjs:4:1004)
    at C:\Users\BTA\Desktop\PJ\THDELIVERY\backend\node_modules\tsx\dist\register-D46fvsV_.cjs:3:2630
    at C:\Users\BTA\Desktop\PJ\THDELIVERY\backend\node_modules\tsx\dist\register-D46fvsV_.cjs:3:1542
    at resolveTsPaths (C:\Users\BTA\Desktop\PJ\THDELIVERY\backend\node_modules\tsx\dist\register-D46fvsV_.cjs:4:760)
    at C:\Users\BTA\Desktop\PJ\THDELIVERY\backend\node_modules\tsx\dist\register-D46fvsV_.cjs:4:1102
    at m._resolveFilename (file:///C:/Users/BTA/Desktop/PJ/THDELIVERY/backend/node_modules/tsx/dist/register-B7jrtLTO.mjs:1:789)
    at defaultResolveImpl (node:internal/modules/cjs/loader:1025:19)
    at resolveForCJSWithHooks (node:internal/modules/cjs/loader:1030:22)
    at Function._load (node:internal/modules/cjs/loader:1192:37)
Error: Cannot find module '../services/product.service'
Require stack:
- C:\Users\BTA\Desktop\PJ\THDELIVERY\backend\src\modules\product\products.controller.ts
- C:\Users\BTA\Desktop\PJ\THDELIVERY\backend\src\modules\product\products.route.ts
- C:\Users\BTA\Desktop\PJ\THDELIVERY\backend\src\routes\main.route.ts
- C:\Users\BTA\Desktop\PJ\THDELIVERY\backend\src\server.ts
    at node:internal/modules/cjs/loader:1383:15
    at nextResolveSimple (C:\Users\BTA\Desktop\PJ\THDELIVERY\backend\node_modules\tsx\dist\register-D46fvsV_.cjs:4:1004)
    at C:\Users\BTA\Desktop\PJ\THDELIVERY\backend\node_modules\tsx\dist\register-D46fvsV_.cjs:3:2630
    at C:\Users\BTA\Desktop\PJ\THDELIVERY\backend\node_modules\tsx\dist\register-D46fvsV_.cjs:3:1542
    at resolveTsPaths (C:\Users\BTA\Desktop\PJ\THDELIVERY\backend\node_modules\tsx\dist\register-D46fvsV_.cjs:4:760)
    at C:\Users\BTA\Desktop\PJ\THDELIVERY\backend\node_modules\tsx\dist\register-D46fvsV_.cjs:4:1102
    at m._resolveFilename (file:///C:/Users/BTA/Desktop/PJ/THDELIVERY/backend/node_modules/tsx/dist/register-B7jrtLTO.mjs:1:789)
    at defaultResolveImpl (node:internal/modules/cjs/loader:1025:19)
    at resolveForCJSWithHooks (node:internal/modules/cjs/loader:1030:22)
    at Function._load (node:internal/modules/cjs/loader:1192:37){"error":{"code":"MODULE_NOT_FOUND","requireStack":["C:\\Users\\BTA\\Desktop\\PJ\\THDELIVERY\\backend\\src\\modules\\product\\products.controller.ts","C:\\Users\\BTA\\Desktop\\PJ\\THDELIVERY\\backend\\src\\modules\\product\\products.route.ts","C:\\Users\\BTA\\Desktop\\PJ\\THDELIVERY\\backend\\src\\routes\\main.route.ts","C:\\Users\\BTA\\Desktop\\PJ\\THDELIVERY\\backend\\src\\server.ts"]},"exception":true,"date":"Sun Dec 21 2025 15:54:52 GMT-0300 (Brasilia Standard Time)","process":{"pid":20216,"uid":null,"gid":null,"cwd":"C:\\Users\\BTA\\Desktop\\PJ\\THDELIVERY\\backend","execPath":"C:\\Program Files\\nodejs\\node.exe","version":"v22.20.0","argv":["C:\\Program Files\\nodejs\\node.exe","C:\\Users\\BTA\\Desktop\\PJ\\THDELIVERY\\backend\\src\\server.ts"],"memoryUsage":{"rss":95731712,"heapTotal":35262464,"heapUsed":24181656,"external":3532162,"arrayBuffers":202463}},"os":{"loadavg":[0,0,0],"uptime":269388.406},"trace":[{"column":15,"file":"node:internal/modules/cjs/loader","function":null,"line":1383,"method":null,"native":false},{"column":1004,"file":"C:\\Users\\BTA\\Desktop\\PJ\\THDELIVERY\\backend\\node_modules\\tsx\\dist\\register-D46fvsV_.cjs","function":"nextResolveSimple","line":4,"method":null,"native":false},{"column":2630,"file":"C:\\Users\\BTA\\Desktop\\PJ\\THDELIVERY\\backend\\node_modules\\tsx\\dist\\register-D46fvsV_.cjs","function":null,"line":3,"method":null,"native":false},{"column":1542,"file":"C:\\Users\\BTA\\Desktop\\PJ\\THDELIVERY\\backend\\node_modules\\tsx\\dist\\register-D46fvsV_.cjs","function":null,"line":3,"method":null,"native":false},{"column":760,"file":"C:\\Users\\BTA\\Desktop\\PJ\\THDELIVERY\\backend\\node_modules\\tsx\\dist\\register-D46fvsV_.cjs","function":"resolveTsPaths","line":4,"method":null,"native":false},{"column":1102,"file":"C:\\Users\\BTA\\Desktop\\PJ\\THDELIVERY\\backend\\node_modules\\tsx\\dist\\register-D46fvsV_.cjs","function":null,"line":4,"method":null,"native":false},{"column":789,"file":"file:///C:/Users/BTA/Desktop/PJ/THDELIVERY/backend/node_modules/tsx/dist/register-B7jrtLTO.mjs","function":"m._resolveFilename","line":1,"method":"_resolveFilename","native":false},{"column":19,"file":"node:internal/modules/cjs/loader","function":"defaultResolveImpl","line":1025,"method":null,"native":false},{"column":22,"file":"node:internal/modules/cjs/loader","function":"resolveForCJSWithHooks","line":1030,"method":null,"native":false},{"column":37,"file":"node:internal/modules/cjs/loader","function":"Function._load","line":1192,"method":"_load","native":false}]}
[2025-12-21T18:54:58.833Z] [31merror[39m: uncaughtException: Cannot find module '../services/product.service'
Require stack:
- C:\Users\BTA\Desktop\PJ\THDELIVERY\backend\src\modules\product\products.controller.ts
- C:\Users\BTA\Desktop\PJ\THDELIVERY\backend\src\modules\product\products.route.ts
- C:\Users\BTA\Desktop\PJ\THDELIVERY\backend\src\routes\main.route.ts
- C:\Users\BTA\Desktop\PJ\THDELIVERY\backend\src\server.ts
Error: Cannot find module '../services/product.service'
Require stack:
- C:\Users\BTA\Desktop\PJ\THDELIVERY\backend\src\modules\product\products.controller.ts
- C:\Users\BTA\Desktop\PJ\THDELIVERY\backend\src\modules\product\products.route.ts
- C:\Users\BTA\Desktop\PJ\THDELIVERY\backend\src\routes\main.route.ts
- C:\Users\BTA\Desktop\PJ\THDELIVERY\backend\src\server.ts
    at node:internal/modules/cjs/loader:1383:15
    at nextResolveSimple (C:\Users\BTA\Desktop\PJ\THDELIVERY\backend\node_modules\tsx\dist\register-D46fvsV_.cjs:4:1004)
    at C:\Users\BTA\Desktop\PJ\THDELIVERY\backend\node_modules\tsx\dist\register-D46fvsV_.cjs:3:2630
    at C:\Users\BTA\Desktop\PJ\THDELIVERY\backend\node_modules\tsx\dist\register-D46fvsV_.cjs:3:1542
    at resolveTsPaths (C:\Users\BTA\Desktop\PJ\THDELIVERY\backend\node_modules\tsx\dist\register-D46fvsV_.cjs:4:760)
    at C:\Users\BTA\Desktop\PJ\THDELIVERY\backend\node_modules\tsx\dist\register-D46fvsV_.cjs:4:1102
    at m._resolveFilename (file:///C:/Users/BTA/Desktop/PJ/THDELIVERY/backend/node_modules/tsx/dist/register-B7jrtLTO.mjs:1:789)
    at defaultResolveImpl (node:internal/modules/cjs/loader:1025:19)
    at resolveForCJSWithHooks (node:internal/modules/cjs/loader:1030:22)
    at Function._load (node:internal/modules/cjs/loader:1192:37)
Error: Cannot find module '../services/product.service'
Require stack:
- C:\Users\BTA\Desktop\PJ\THDELIVERY\backend\src\modules\product\products.controller.ts
- C:\Users\BTA\Desktop\PJ\THDELIVERY\backend\src\modules\product\products.route.ts
- C:\Users\BTA\Desktop\PJ\THDELIVERY\backend\src\routes\main.route.ts
- C:\Users\BTA\Desktop\PJ\THDELIVERY\backend\src\server.ts
    at node:internal/modules/cjs/loader:1383:15
    at nextResolveSimple (C:\Users\BTA\Desktop\PJ\THDELIVERY\backend\node_modules\tsx\dist\register-D46fvsV_.cjs:4:1004)
    at C:\Users\BTA\Desktop\PJ\THDELIVERY\backend\node_modules\tsx\dist\register-D46fvsV_.cjs:3:2630
    at C:\Users\BTA\Desktop\PJ\THDELIVERY\backend\node_modules\tsx\dist\register-D46fvsV_.cjs:3:1542
    at resolveTsPaths (C:\Users\BTA\Desktop\PJ\THDELIVERY\backend\node_modules\tsx\dist\register-D46fvsV_.cjs:4:760)
    at C:\Users\BTA\Desktop\PJ\THDELIVERY\backend\node_modules\tsx\dist\register-D46fvsV_.cjs:4:1102
    at m._resolveFilename (file:///C:/Users/BTA/Desktop/PJ/THDELIVERY/backend/node_modules/tsx/dist/register-B7jrtLTO.mjs:1:789)
    at defaultResolveImpl (node:internal/modules/cjs/loader:1025:19)
    at resolveForCJSWithHooks (node:internal/modules/cjs/loader:1030:22)
    at Function._load (node:internal/modules/cjs/loader:1192:37){"error":{"code":"MODULE_NOT_FOUND","requireStack":["C:\\Users\\BTA\\Desktop\\PJ\\THDELIVERY\\backend\\src\\modules\\product\\products.controller.ts","C:\\Users\\BTA\\Desktop\\PJ\\THDELIVERY\\backend\\src\\modules\\product\\products.route.ts","C:\\Users\\BTA\\Desktop\\PJ\\THDELIVERY\\backend\\src\\routes\\main.route.ts","C:\\Users\\BTA\\Desktop\\PJ\\THDELIVERY\\backend\\src\\server.ts"]},"exception":true,"date":"Sun Dec 21 2025 15:54:58 GMT-0300 (Brasilia Standard Time)","process":{"pid":11692,"uid":null,"gid":null,"cwd":"C:\\Users\\BTA\\Desktop\\PJ\\THDELIVERY\\backend","execPath":"C:\\Program Files\\nodejs\\node.exe","version":"v22.20.0","argv":["C:\\Program Files\\nodejs\\node.exe","C:\\Users\\BTA\\Desktop\\PJ\\THDELIVERY\\backend\\src\\server.ts"],"memoryUsage":{"rss":96440320,"heapTotal":35262464,"heapUsed":24178520,"external":3532162,"arrayBuffers":202463}},"os":{"loadavg":[0,0,0],"uptime":269394.578},"trace":[{"column":15,"file":"node:internal/modules/cjs/loader","function":null,"line":1383,"method":null,"native":false},{"column":1004,"file":"C:\\Users\\BTA\\Desktop\\PJ\\THDELIVERY\\backend\\node_modules\\tsx\\dist\\register-D46fvsV_.cjs","function":"nextResolveSimple","line":4,"method":null,"native":false},{"column":2630,"file":"C:\\Users\\BTA\\Desktop\\PJ\\THDELIVERY\\backend\\node_modules\\tsx\\dist\\register-D46fvsV_.cjs","function":null,"line":3,"method":null,"native":false},{"column":1542,"file":"C:\\Users\\BTA\\Desktop\\PJ\\THDELIVERY\\backend\\node_modules\\tsx\\dist\\register-D46fvsV_.cjs","function":null,"line":3,"method":null,"native":false},{"column":760,"file":"C:\\Users\\BTA\\Desktop\\PJ\\THDELIVERY\\backend\\node_modules\\tsx\\dist\\register-D46fvsV_.cjs","function":"resolveTsPaths","line":4,"method":null,"native":false},{"column":1102,"file":"C:\\Users\\BTA\\Desktop\\PJ\\THDELIVERY\\backend\\node_modules\\tsx\\dist\\register-D46fvsV_.cjs","function":null,"line":4,"method":null,"native":false},{"column":789,"file":"file:///C:/Users/BTA/Desktop/PJ/THDELIVERY/backend/node_modules/tsx/dist/register-B7jrtLTO.mjs","function":"m._resolveFilename","line":1,"method":"_resolveFilename","native":false},{"column":19,"file":"node:internal/modules/cjs/loader","function":"defaultResolveImpl","line":1025,"method":null,"native":false},{"column":22,"file":"node:internal/modules/cjs/loader","function":"resolveForCJSWithHooks","line":1030,"method":null,"native":false},{"column":37,"file":"node:internal/modules/cjs/loader","function":"Function._load","line":1192,"method":"_load","native":false}]}
[2025-12-21T18:54:58.859Z] [31merror[39m: uncaughtException: Cannot find module '../services/product.service'
Require stack:
- C:\Users\BTA\Desktop\PJ\THDELIVERY\backend\src\modules\product\products.controller.ts
- C:\Users\BTA\Desktop\PJ\THDELIVERY\backend\src\modules\product\products.route.ts
- C:\Users\BTA\Desktop\PJ\THDELIVERY\backend\src\routes\main.route.ts
- C:\Users\BTA\Desktop\PJ\THDELIVERY\backend\src\server.ts
Error: Cannot find module '../services/product.service'
Require stack:
- C:\Users\BTA\Desktop\PJ\THDELIVERY\backend\src\modules\product\products.controller.ts
- C:\Users\BTA\Desktop\PJ\THDELIVERY\backend\src\modules\product\products.route.ts
- C:\Users\BTA\Desktop\PJ\THDELIVERY\backend\src\routes\main.route.ts
- C:\Users\BTA\Desktop\PJ\THDELIVERY\backend\src\server.ts
    at node:internal/modules/cjs/loader:1383:15
    at nextResolveSimple (C:\Users\BTA\Desktop\PJ\THDELIVERY\backend\node_modules\tsx\dist\register-D46fvsV_.cjs:4:1004)
    at C:\Users\BTA\Desktop\PJ\THDELIVERY\backend\node_modules\tsx\dist\register-D46fvsV_.cjs:3:2630
    at C:\Users\BTA\Desktop\PJ\THDELIVERY\backend\node_modules\tsx\dist\register-D46fvsV_.cjs:3:1542
    at resolveTsPaths (C:\Users\BTA\Desktop\PJ\THDELIVERY\backend\node_modules\tsx\dist\register-D46fvsV_.cjs:4:760)
    at C:\Users\BTA\Desktop\PJ\THDELIVERY\backend\node_modules\tsx\dist\register-D46fvsV_.cjs:4:1102
    at m._resolveFilename (file:///C:/Users/BTA/Desktop/PJ/THDELIVERY/backend/node_modules/tsx/dist/register-B7jrtLTO.mjs:1:789)
    at defaultResolveImpl (node:internal/modules/cjs/loader:1025:19)
    at resolveForCJSWithHooks (node:internal/modules/cjs/loader:1030:22)
    at Function._load (node:internal/modules/cjs/loader:1192:37)
Error: Cannot find module '../services/product.service'
Require stack:
- C:\Users\BTA\Desktop\PJ\THDELIVERY\backend\src\modules\product\products.controller.ts
- C:\Users\BTA\Desktop\PJ\THDELIVERY\backend\src\modules\product\products.route.ts
- C:\Users\BTA\Desktop\PJ\THDELIVERY\backend\src\routes\main.route.ts
- C:\Users\BTA\Desktop\PJ\THDELIVERY\backend\src\server.ts
    at node:internal/modules/cjs/loader:1383:15
    at nextResolveSimple (C:\Users\BTA\Desktop\PJ\THDELIVERY\backend\node_modules\tsx\dist\register-D46fvsV_.cjs:4:1004)
    at C:\Users\BTA\Desktop\PJ\THDELIVERY\backend\node_modules\tsx\dist\register-D46fvsV_.cjs:3:2630
    at C:\Users\BTA\Desktop\PJ\THDELIVERY\backend\node_modules\tsx\dist\register-D46fvsV_.cjs:3:1542
    at resolveTsPaths (C:\Users\BTA\Desktop\PJ\THDELIVERY\backend\node_modules\tsx\dist\register-D46fvsV_.cjs:4:760)
    at C:\Users\BTA\Desktop\PJ\THDELIVERY\backend\node_modules\tsx\dist\register-D46fvsV_.cjs:4:1102
    at m._resolveFilename (file:///C:/Users/BTA/Desktop/PJ/THDELIVERY/backend/node_modules/tsx/dist/register-B7jrtLTO.mjs:1:789)
    at defaultResolveImpl (node:internal/modules/cjs/loader:1025:19)
    at resolveForCJSWithHooks (node:internal/modules/cjs/loader:1030:22)
    at Function._load (node:internal/modules/cjs/loader:1192:37){"error":{"code":"MODULE_NOT_FOUND","requireStack":["C:\\Users\\BTA\\Desktop\\PJ\\THDELIVERY\\backend\\src\\modules\\product\\products.controller.ts","C:\\Users\\BTA\\Desktop\\PJ\\THDELIVERY\\backend\\src\\modules\\product\\products.route.ts","C:\\Users\\BTA\\Desktop\\PJ\\THDELIVERY\\backend\\src\\routes\\main.route.ts","C:\\Users\\BTA\\Desktop\\PJ\\THDELIVERY\\backend\\src\\server.ts"]},"exception":true,"date":"Sun Dec 21 2025 15:54:58 GMT-0300 (Brasilia Standard Time)","process":{"pid":2276,"uid":null,"gid":null,"cwd":"C:\\Users\\BTA\\Desktop\\PJ\\THDELIVERY\\backend","execPath":"C:\\Program Files\\nodejs\\node.exe","version":"v22.20.0","argv":["C:\\Program Files\\nodejs\\node.exe","C:\\Users\\BTA\\Desktop\\PJ\\THDELIVERY\\backend\\src\\server.ts"],"memoryUsage":{"rss":95870976,"heapTotal":35262464,"heapUsed":24177984,"external":3532162,"arrayBuffers":202463}},"os":{"loadavg":[0,0,0],"uptime":269394.609},"trace":[{"column":15,"file":"node:internal/modules/cjs/loader","function":null,"line":1383,"method":null,"native":false},{"column":1004,"file":"C:\\Users\\BTA\\Desktop\\PJ\\THDELIVERY\\backend\\node_modules\\tsx\\dist\\register-D46fvsV_.cjs","function":"nextResolveSimple","line":4,"method":null,"native":false},{"column":2630,"file":"C:\\Users\\BTA\\Desktop\\PJ\\THDELIVERY\\backend\\node_modules\\tsx\\dist\\register-D46fvsV_.cjs","function":null,"line":3,"method":null,"native":false},{"column":1542,"file":"C:\\Users\\BTA\\Desktop\\PJ\\THDELIVERY\\backend\\node_modules\\tsx\\dist\\register-D46fvsV_.cjs","function":null,"line":3,"method":null,"native":false},{"column":760,"file":"C:\\Users\\BTA\\Desktop\\PJ\\THDELIVERY\\backend\\node_modules\\tsx\\dist\\register-D46fvsV_.cjs","function":"resolveTsPaths","line":4,"method":null,"native":false},{"column":1102,"file":"C:\\Users\\BTA\\Desktop\\PJ\\THDELIVERY\\backend\\node_modules\\tsx\\dist\\register-D46fvsV_.cjs","function":null,"line":4,"method":null,"native":false},{"column":789,"file":"file:///C:/Users/BTA/Desktop/PJ/THDELIVERY/backend/node_modules/tsx/dist/register-B7jrtLTO.mjs","function":"m._resolveFilename","line":1,"method":"_resolveFilename","native":false},{"column":19,"file":"node:internal/modules/cjs/loader","function":"defaultResolveImpl","line":1025,"method":null,"native":false},{"column":22,"file":"node:internal/modules/cjs/loader","function":"resolveForCJSWithHooks","line":1030,"method":null,"native":false},{"column":37,"file":"node:internal/modules/cjs/loader","function":"Function._load","line":1192,"method":"_load","native":false}]}
[2025-12-21T18:55:01.920Z] [31merror[39m: uncaughtException: Cannot find module '../services/product.service'
Require stack:
- C:\Users\BTA\Desktop\PJ\THDELIVERY\backend\src\modules\product\products.controller.ts
- C:\Users\BTA\Desktop\PJ\THDELIVERY\backend\src\modules\product\products.route.ts
- C:\Users\BTA\Desktop\PJ\THDELIVERY\backend\src\routes\main.route.ts
- C:\Users\BTA\Desktop\PJ\THDELIVERY\backend\src\server.ts
Error: Cannot find module '../services/product.service'
Require stack:
- C:\Users\BTA\Desktop\PJ\THDELIVERY\backend\src\modules\product\products.controller.ts
- C:\Users\BTA\Desktop\PJ\THDELIVERY\backend\src\modules\product\products.route.ts
- C:\Users\BTA\Desktop\PJ\THDELIVERY\backend\src\routes\main.route.ts
- C:\Users\BTA\Desktop\PJ\THDELIVERY\backend\src\server.ts
    at node:internal/modules/cjs/loader:1383:15
    at nextResolveSimple (C:\Users\BTA\Desktop\PJ\THDELIVERY\backend\node_modules\tsx\dist\register-D46fvsV_.cjs:4:1004)
    at C:\Users\BTA\Desktop\PJ\THDELIVERY\backend\node_modules\tsx\dist\register-D46fvsV_.cjs:3:2630
    at C:\Users\BTA\Desktop\PJ\THDELIVERY\backend\node_modules\tsx\dist\register-D46fvsV_.cjs:3:1542
    at resolveTsPaths (C:\Users\BTA\Desktop\PJ\THDELIVERY\backend\node_modules\tsx\dist\register-D46fvsV_.cjs:4:760)
    at C:\Users\BTA\Desktop\PJ\THDELIVERY\backend\node_modules\tsx\dist\register-D46fvsV_.cjs:4:1102
    at m._resolveFilename (file:///C:/Users/BTA/Desktop/PJ/THDELIVERY/backend/node_modules/tsx/dist/register-B7jrtLTO.mjs:1:789)
    at defaultResolveImpl (node:internal/modules/cjs/loader:1025:19)
    at resolveForCJSWithHooks (node:internal/modules/cjs/loader:1030:22)
    at Function._load (node:internal/modules/cjs/loader:1192:37)
Error: Cannot find module '../services/product.service'
Require stack:
- C:\Users\BTA\Desktop\PJ\THDELIVERY\backend\src\modules\product\products.controller.ts
- C:\Users\BTA\Desktop\PJ\THDELIVERY\backend\src\modules\product\products.route.ts
- C:\Users\BTA\Desktop\PJ\THDELIVERY\backend\src\routes\main.route.ts
- C:\Users\BTA\Desktop\PJ\THDELIVERY\backend\src\server.ts
    at node:internal/modules/cjs/loader:1383:15
    at nextResolveSimple (C:\Users\BTA\Desktop\PJ\THDELIVERY\backend\node_modules\tsx\dist\register-D46fvsV_.cjs:4:1004)
    at C:\Users\BTA\Desktop\PJ\THDELIVERY\backend\node_modules\tsx\dist\register-D46fvsV_.cjs:3:2630
    at C:\Users\BTA\Desktop\PJ\THDELIVERY\backend\node_modules\tsx\dist\register-D46fvsV_.cjs:3:1542
    at resolveTsPaths (C:\Users\BTA\Desktop\PJ\THDELIVERY\backend\node_modules\tsx\dist\register-D46fvsV_.cjs:4:760)
    at C:\Users\BTA\Desktop\PJ\THDELIVERY\backend\node_modules\tsx\dist\register-D46fvsV_.cjs:4:1102
    at m._resolveFilename (file:///C:/Users/BTA/Desktop/PJ/THDELIVERY/backend/node_modules/tsx/dist/register-B7jrtLTO.mjs:1:789)
    at defaultResolveImpl (node:internal/modules/cjs/loader:1025:19)
    at resolveForCJSWithHooks (node:internal/modules/cjs/loader:1030:22)
    at Function._load (node:internal/modules/cjs/loader:1192:37){"error":{"code":"MODULE_NOT_FOUND","requireStack":["C:\\Users\\BTA\\Desktop\\PJ\\THDELIVERY\\backend\\src\\modules\\product\\products.controller.ts","C:\\Users\\BTA\\Desktop\\PJ\\THDELIVERY\\backend\\src\\modules\\product\\products.route.ts","C:\\Users\\BTA\\Desktop\\PJ\\THDELIVERY\\backend\\src\\routes\\main.route.ts","C:\\Users\\BTA\\Desktop\\PJ\\THDELIVERY\\backend\\src\\server.ts"]},"exception":true,"date":"Sun Dec 21 2025 15:55:01 GMT-0300 (Brasilia Standard Time)","process":{"pid":13520,"uid":null,"gid":null,"cwd":"C:\\Users\\BTA\\Desktop\\PJ\\THDELIVERY\\backend","execPath":"C:\\Program Files\\nodejs\\node.exe","version":"v22.20.0","argv":["C:\\Program Files\\nodejs\\node.exe","C:\\Users\\BTA\\Desktop\\PJ\\THDELIVERY\\backend\\src\\server.ts"],"memoryUsage":{"rss":97935360,"heapTotal":35504128,"heapUsed":25243480,"external":3532162,"arrayBuffers":202463}},"os":{"loadavg":[0,0,0],"uptime":269397.671},"trace":[{"column":15,"file":"node:internal/modules/cjs/loader","function":null,"line":1383,"method":null,"native":false},{"column":1004,"file":"C:\\Users\\BTA\\Desktop\\PJ\\THDELIVERY\\backend\\node_modules\\tsx\\dist\\register-D46fvsV_.cjs","function":"nextResolveSimple","line":4,"method":null,"native":false},{"column":2630,"file":"C:\\Users\\BTA\\Desktop\\PJ\\THDELIVERY\\backend\\node_modules\\tsx\\dist\\register-D46fvsV_.cjs","function":null,"line":3,"method":null,"native":false},{"column":1542,"file":"C:\\Users\\BTA\\Desktop\\PJ\\THDELIVERY\\backend\\node_modules\\tsx\\dist\\register-D46fvsV_.cjs","function":null,"line":3,"method":null,"native":false},{"column":760,"file":"C:\\Users\\BTA\\Desktop\\PJ\\THDELIVERY\\backend\\node_modules\\tsx\\dist\\register-D46fvsV_.cjs","function":"resolveTsPaths","line":4,"method":null,"native":false},{"column":1102,"file":"C:\\Users\\BTA\\Desktop\\PJ\\THDELIVERY\\backend\\node_modules\\tsx\\dist\\register-D46fvsV_.cjs","function":null,"line":4,"method":null,"native":false},{"column":789,"file":"file:///C:/Users/BTA/Desktop/PJ/THDELIVERY/backend/node_modules/tsx/dist/register-B7jrtLTO.mjs","function":"m._resolveFilename","line":1,"method":"_resolveFilename","native":false},{"column":19,"file":"node:internal/modules/cjs/loader","function":"defaultResolveImpl","line":1025,"method":null,"native":false},{"column":22,"file":"node:internal/modules/cjs/loader","function":"resolveForCJSWithHooks","line":1030,"method":null,"native":false},{"column":37,"file":"node:internal/modules/cjs/loader","function":"Function._load","line":1192,"method":"_load","native":false}]}
[2025-12-21T18:55:01.966Z] [31merror[39m: uncaughtException: Cannot find module '../services/product.service'
Require stack:
- C:\Users\BTA\Desktop\PJ\THDELIVERY\backend\src\modules\product\products.controller.ts
- C:\Users\BTA\Desktop\PJ\THDELIVERY\backend\src\modules\product\products.route.ts
- C:\Users\BTA\Desktop\PJ\THDELIVERY\backend\src\routes\main.route.ts
- C:\Users\BTA\Desktop\PJ\THDELIVERY\backend\src\server.ts
Error: Cannot find module '../services/product.service'
Require stack:
- C:\Users\BTA\Desktop\PJ\THDELIVERY\backend\src\modules\product\products.controller.ts
- C:\Users\BTA\Desktop\PJ\THDELIVERY\backend\src\modules\product\products.route.ts
- C:\Users\BTA\Desktop\PJ\THDELIVERY\backend\src\routes\main.route.ts
- C:\Users\BTA\Desktop\PJ\THDELIVERY\backend\src\server.ts
    at node:internal/modules/cjs/loader:1383:15
    at nextResolveSimple (C:\Users\BTA\Desktop\PJ\THDELIVERY\backend\node_modules\tsx\dist\register-D46fvsV_.cjs:4:1004)
    at C:\Users\BTA\Desktop\PJ\THDELIVERY\backend\node_modules\tsx\dist\register-D46fvsV_.cjs:3:2630
    at C:\Users\BTA\Desktop\PJ\THDELIVERY\backend\node_modules\tsx\dist\register-D46fvsV_.cjs:3:1542
    at resolveTsPaths (C:\Users\BTA\Desktop\PJ\THDELIVERY\backend\node_modules\tsx\dist\register-D46fvsV_.cjs:4:760)
    at C:\Users\BTA\Desktop\PJ\THDELIVERY\backend\node_modules\tsx\dist\register-D46fvsV_.cjs:4:1102
    at m._resolveFilename (file:///C:/Users/BTA/Desktop/PJ/THDELIVERY/backend/node_modules/tsx/dist/register-B7jrtLTO.mjs:1:789)
    at defaultResolveImpl (node:internal/modules/cjs/loader:1025:19)
    at resolveForCJSWithHooks (node:internal/modules/cjs/loader:1030:22)
    at Function._load (node:internal/modules/cjs/loader:1192:37)
Error: Cannot find module '../services/product.service'
Require stack:
- C:\Users\BTA\Desktop\PJ\THDELIVERY\backend\src\modules\product\products.controller.ts
- C:\Users\BTA\Desktop\PJ\THDELIVERY\backend\src\modules\product\products.route.ts
- C:\Users\BTA\Desktop\PJ\THDELIVERY\backend\src\routes\main.route.ts
- C:\Users\BTA\Desktop\PJ\THDELIVERY\backend\src\server.ts
    at node:internal/modules/cjs/loader:1383:15
    at nextResolveSimple (C:\Users\BTA\Desktop\PJ\THDELIVERY\backend\node_modules\tsx\dist\register-D46fvsV_.cjs:4:1004)
    at C:\Users\BTA\Desktop\PJ\THDELIVERY\backend\node_modules\tsx\dist\register-D46fvsV_.cjs:3:2630
    at C:\Users\BTA\Desktop\PJ\THDELIVERY\backend\node_modules\tsx\dist\register-D46fvsV_.cjs:3:1542
    at resolveTsPaths (C:\Users\BTA\Desktop\PJ\THDELIVERY\backend\node_modules\tsx\dist\register-D46fvsV_.cjs:4:760)
    at C:\Users\BTA\Desktop\PJ\THDELIVERY\backend\node_modules\tsx\dist\register-D46fvsV_.cjs:4:1102
    at m._resolveFilename (file:///C:/Users/BTA/Desktop/PJ/THDELIVERY/backend/node_modules/tsx/dist/register-B7jrtLTO.mjs:1:789)
    at defaultResolveImpl (node:internal/modules/cjs/loader:1025:19)
    at resolveForCJSWithHooks (node:internal/modules/cjs/loader:1030:22)
    at Function._load (node:internal/modules/cjs/loader:1192:37){"error":{"code":"MODULE_NOT_FOUND","requireStack":["C:\\Users\\BTA\\Desktop\\PJ\\THDELIVERY\\backend\\src\\modules\\product\\products.controller.ts","C:\\Users\\BTA\\Desktop\\PJ\\THDELIVERY\\backend\\src\\modules\\product\\products.route.ts","C:\\Users\\BTA\\Desktop\\PJ\\THDELIVERY\\backend\\src\\routes\\main.route.ts","C:\\Users\\BTA\\Desktop\\PJ\\THDELIVERY\\backend\\src\\server.ts"]},"exception":true,"date":"Sun Dec 21 2025 15:55:01 GMT-0300 (Brasilia Standard Time)","process":{"pid":11124,"uid":null,"gid":null,"cwd":"C:\\Users\\BTA\\Desktop\\PJ\\THDELIVERY\\backend","execPath":"C:\\Program Files\\nodejs\\node.exe","version":"v22.20.0","argv":["C:\\Program Files\\nodejs\\node.exe","C:\\Users\\BTA\\Desktop\\PJ\\THDELIVERY\\backend\\src\\server.ts"],"memoryUsage":{"rss":95719424,"heapTotal":35262464,"heapUsed":24186352,"external":3532162,"arrayBuffers":202463}},"os":{"loadavg":[0,0,0],"uptime":269397.718},"trace":[{"column":15,"file":"node:internal/modules/cjs/loader","function":null,"line":1383,"method":null,"native":false},{"column":1004,"file":"C:\\Users\\BTA\\Desktop\\PJ\\THDELIVERY\\backend\\node_modules\\tsx\\dist\\register-D46fvsV_.cjs","function":"nextResolveSimple","line":4,"method":null,"native":false},{"column":2630,"file":"C:\\Users\\BTA\\Desktop\\PJ\\THDELIVERY\\backend\\node_modules\\tsx\\dist\\register-D46fvsV_.cjs","function":null,"line":3,"method":null,"native":false},{"column":1542,"file":"C:\\Users\\BTA\\Desktop\\PJ\\THDELIVERY\\backend\\node_modules\\tsx\\dist\\register-D46fvsV_.cjs","function":null,"line":3,"method":null,"native":false},{"column":760,"file":"C:\\Users\\BTA\\Desktop\\PJ\\THDELIVERY\\backend\\node_modules\\tsx\\dist\\register-D46fvsV_.cjs","function":"resolveTsPaths","line":4,"method":null,"native":false},{"column":1102,"file":"C:\\Users\\BTA\\Desktop\\PJ\\THDELIVERY\\backend\\node_modules\\tsx\\dist\\register-D46fvsV_.cjs","function":null,"line":4,"method":null,"native":false},{"column":789,"file":"file:///C:/Users/BTA/Desktop/PJ/THDELIVERY/backend/node_modules/tsx/dist/register-B7jrtLTO.mjs","function":"m._resolveFilename","line":1,"method":"_resolveFilename","native":false},{"column":19,"file":"node:internal/modules/cjs/loader","function":"defaultResolveImpl","line":1025,"method":null,"native":false},{"column":22,"file":"node:internal/modules/cjs/loader","function":"resolveForCJSWithHooks","line":1030,"method":null,"native":false},{"column":37,"file":"node:internal/modules/cjs/loader","function":"Function._load","line":1192,"method":"_load","native":false}]}
[2025-12-21T18:55:05.896Z] [31merror[39m: uncaughtException: ProductService is not defined
ReferenceError: ProductService is not defined
    at ProductController.<instance_members_initializer> (C:\Users\BTA\Desktop\PJ\THDELIVERY\backend\src\modules\product\products.controller.ts:5:21)
    at new ProductController (C:\Users\BTA\Desktop\PJ\THDELIVERY\backend\src\modules\product\products.controller.ts:4:8)
    at multer (C:\Users\BTA\Desktop\PJ\THDELIVERY\backend\src\modules\product\products.route.ts:11:20)
    at Object.<anonymous> (C:\Users\BTA\Desktop\PJ\THDELIVERY\backend\src\modules\product\products.route.ts:39:1)
    at Module._compile (node:internal/modules/cjs/loader:1706:14)
    at Object.transformer (C:\Users\BTA\Desktop\PJ\THDELIVERY\backend\node_modules\tsx\dist\register-D46fvsV_.cjs:3:1104)
    at Module.load (node:internal/modules/cjs/loader:1441:32)
    at Function._load (node:internal/modules/cjs/loader:1263:12)
    at TracingChannel.traceSync (node:diagnostics_channel:322:14)
    at wrapModuleLoad (node:internal/modules/cjs/loader:237:24)
ReferenceError: ProductService is not defined
    at ProductController.<instance_members_initializer> (C:\Users\BTA\Desktop\PJ\THDELIVERY\backend\src\modules\product\products.controller.ts:5:21)
    at new ProductController (C:\Users\BTA\Desktop\PJ\THDELIVERY\backend\src\modules\product\products.controller.ts:4:8)
    at multer (C:\Users\BTA\Desktop\PJ\THDELIVERY\backend\src\modules\product\products.route.ts:11:20)
    at Object.<anonymous> (C:\Users\BTA\Desktop\PJ\THDELIVERY\backend\src\modules\product\products.route.ts:39:1)
    at Module._compile (node:internal/modules/cjs/loader:1706:14)
    at Object.transformer (C:\Users\BTA\Desktop\PJ\THDELIVERY\backend\node_modules\tsx\dist\register-D46fvsV_.cjs:3:1104)
    at Module.load (node:internal/modules/cjs/loader:1441:32)
    at Function._load (node:internal/modules/cjs/loader:1263:12)
    at TracingChannel.traceSync (node:diagnostics_channel:322:14)
    at wrapModuleLoad (node:internal/modules/cjs/loader:237:24){"error":{},"exception":true,"date":"Sun Dec 21 2025 15:55:05 GMT-0300 (Brasilia Standard Time)","process":{"pid":17668,"uid":null,"gid":null,"cwd":"C:\\Users\\BTA\\Desktop\\PJ\\THDELIVERY\\backend","execPath":"C:\\Program Files\\nodejs\\node.exe","version":"v22.20.0","argv":["C:\\Program Files\\nodejs\\node.exe","C:\\Users\\BTA\\Desktop\\PJ\\THDELIVERY\\backend\\src\\server.ts"],"memoryUsage":{"rss":97464320,"heapTotal":35262464,"heapUsed":20391536,"external":3529494,"arrayBuffers":199795}},"os":{"loadavg":[0,0,0],"uptime":269401.64},"trace":[{"column":21,"file":"C:\\Users\\BTA\\Desktop\\PJ\\THDELIVERY\\backend\\src\\modules\\product\\products.controller.ts","function":"ProductController.<instance_members_initializer>","line":5,"method":"<instance_members_initializer>","native":false},{"column":8,"file":"C:\\Users\\BTA\\Desktop\\PJ\\THDELIVERY\\backend\\src\\modules\\product\\products.controller.ts","function":"new ProductController","line":4,"method":null,"native":false},{"column":20,"file":"C:\\Users\\BTA\\Desktop\\PJ\\THDELIVERY\\backend\\src\\modules\\product\\products.route.ts","function":"multer","line":11,"method":null,"native":false},{"column":1,"file":"C:\\Users\\BTA\\Desktop\\PJ\\THDELIVERY\\backend\\src\\modules\\product\\products.route.ts","function":null,"line":39,"method":null,"native":false},{"column":14,"file":"node:internal/modules/cjs/loader","function":"Module._compile","line":1706,"method":"_compile","native":false},{"column":1104,"file":"C:\\Users\\BTA\\Desktop\\PJ\\THDELIVERY\\backend\\node_modules\\tsx\\dist\\register-D46fvsV_.cjs","function":"Object.transformer","line":3,"method":"transformer","native":false},{"column":32,"file":"node:internal/modules/cjs/loader","function":"Module.load","line":1441,"method":"load","native":false},{"column":12,"file":"node:internal/modules/cjs/loader","function":"Function._load","line":1263,"method":"_load","native":false},{"column":14,"file":"node:diagnostics_channel","function":"TracingChannel.traceSync","line":322,"method":"traceSync","native":false},{"column":24,"file":"node:internal/modules/cjs/loader","function":"wrapModuleLoad","line":237,"method":null,"native":false}]}
[2025-12-21T18:55:05.956Z] [31merror[39m: uncaughtException: ProductService is not defined
ReferenceError: ProductService is not defined
    at ProductController.<instance_members_initializer> (C:\Users\BTA\Desktop\PJ\THDELIVERY\backend\src\modules\product\products.controller.ts:5:21)
    at new ProductController (C:\Users\BTA\Desktop\PJ\THDELIVERY\backend\src\modules\product\products.controller.ts:4:8)
    at multer (C:\Users\BTA\Desktop\PJ\THDELIVERY\backend\src\modules\product\products.route.ts:11:20)
    at Object.<anonymous> (C:\Users\BTA\Desktop\PJ\THDELIVERY\backend\src\modules\product\products.route.ts:39:1)
    at Module._compile (node:internal/modules/cjs/loader:1706:14)
    at Object.transformer (C:\Users\BTA\Desktop\PJ\THDELIVERY\backend\node_modules\tsx\dist\register-D46fvsV_.cjs:3:1104)
    at Module.load (node:internal/modules/cjs/loader:1441:32)
    at Function._load (node:internal/modules/cjs/loader:1263:12)
    at TracingChannel.traceSync (node:diagnostics_channel:322:14)
    at wrapModuleLoad (node:internal/modules/cjs/loader:237:24)
ReferenceError: ProductService is not defined
    at ProductController.<instance_members_initializer> (C:\Users\BTA\Desktop\PJ\THDELIVERY\backend\src\modules\product\products.controller.ts:5:21)
    at new ProductController (C:\Users\BTA\Desktop\PJ\THDELIVERY\backend\src\modules\product\products.controller.ts:4:8)
    at multer (C:\Users\BTA\Desktop\PJ\THDELIVERY\backend\src\modules\product\products.route.ts:11:20)
    at Object.<anonymous> (C:\Users\BTA\Desktop\PJ\THDELIVERY\backend\src\modules\product\products.route.ts:39:1)
    at Module._compile (node:internal/modules/cjs/loader:1706:14)
    at Object.transformer (C:\Users\BTA\Desktop\PJ\THDELIVERY\backend\node_modules\tsx\dist\register-D46fvsV_.cjs:3:1104)
    at Module.load (node:internal/modules/cjs/loader:1441:32)
    at Function._load (node:internal/modules/cjs/loader:1263:12)
    at TracingChannel.traceSync (node:diagnostics_channel:322:14)
    at wrapModuleLoad (node:internal/modules/cjs/loader:237:24){"error":{},"exception":true,"date":"Sun Dec 21 2025 15:55:05 GMT-0300 (Brasilia Standard Time)","process":{"pid":17612,"uid":null,"gid":null,"cwd":"C:\\Users\\BTA\\Desktop\\PJ\\THDELIVERY\\backend","execPath":"C:\\Program Files\\nodejs\\node.exe","version":"v22.20.0","argv":["C:\\Program Files\\nodejs\\node.exe","C:\\Users\\BTA\\Desktop\\PJ\\THDELIVERY\\backend\\src\\server.ts"],"memoryUsage":{"rss":97845248,"heapTotal":35262464,"heapUsed":20226568,"external":3529494,"arrayBuffers":199795}},"os":{"loadavg":[0,0,0],"uptime":269401.703},"trace":[{"column":21,"file":"C:\\Users\\BTA\\Desktop\\PJ\\THDELIVERY\\backend\\src\\modules\\product\\products.controller.ts","function":"ProductController.<instance_members_initializer>","line":5,"method":"<instance_members_initializer>","native":false},{"column":8,"file":"C:\\Users\\BTA\\Desktop\\PJ\\THDELIVERY\\backend\\src\\modules\\product\\products.controller.ts","function":"new ProductController","line":4,"method":null,"native":false},{"column":20,"file":"C:\\Users\\BTA\\Desktop\\PJ\\THDELIVERY\\backend\\src\\modules\\product\\products.route.ts","function":"multer","line":11,"method":null,"native":false},{"column":1,"file":"C:\\Users\\BTA\\Desktop\\PJ\\THDELIVERY\\backend\\src\\modules\\product\\products.route.ts","function":null,"line":39,"method":null,"native":false},{"column":14,"file":"node:internal/modules/cjs/loader","function":"Module._compile","line":1706,"method":"_compile","native":false},{"column":1104,"file":"C:\\Users\\BTA\\Desktop\\PJ\\THDELIVERY\\backend\\node_modules\\tsx\\dist\\register-D46fvsV_.cjs","function":"Object.transformer","line":3,"method":"transformer","native":false},{"column":32,"file":"node:internal/modules/cjs/loader","function":"Module.load","line":1441,"method":"load","native":false},{"column":12,"file":"node:internal/modules/cjs/loader","function":"Function._load","line":1263,"method":"_load","native":false},{"column":14,"file":"node:diagnostics_channel","function":"TracingChannel.traceSync","line":322,"method":"traceSync","native":false},{"column":24,"file":"node:internal/modules/cjs/loader","function":"wrapModuleLoad","line":237,"method":null,"native":false}]}
[2025-12-22T00:52:16.479Z] [31merror[39m: uncaughtException: Cannot find module '../modules/restaurant/restaurant.route'
Require stack:
- C:\Users\BTA\Desktop\PJ\THDELIVERY\backend\src\routes\main.route.ts
- C:\Users\BTA\Desktop\PJ\THDELIVERY\backend\src\server.ts
Error: Cannot find module '../modules/restaurant/restaurant.route'
Require stack:
- C:\Users\BTA\Desktop\PJ\THDELIVERY\backend\src\routes\main.route.ts
- C:\Users\BTA\Desktop\PJ\THDELIVERY\backend\src\server.ts
    at node:internal/modules/cjs/loader:1383:15
    at nextResolveSimple (C:\Users\BTA\Desktop\PJ\THDELIVERY\backend\node_modules\tsx\dist\register-D46fvsV_.cjs:4:1004)
    at C:\Users\BTA\Desktop\PJ\THDELIVERY\backend\node_modules\tsx\dist\register-D46fvsV_.cjs:3:2630
    at C:\Users\BTA\Desktop\PJ\THDELIVERY\backend\node_modules\tsx\dist\register-D46fvsV_.cjs:3:1542
    at resolveTsPaths (C:\Users\BTA\Desktop\PJ\THDELIVERY\backend\node_modules\tsx\dist\register-D46fvsV_.cjs:4:760)
    at C:\Users\BTA\Desktop\PJ\THDELIVERY\backend\node_modules\tsx\dist\register-D46fvsV_.cjs:4:1102
    at m._resolveFilename (file:///C:/Users/BTA/Desktop/PJ/THDELIVERY/backend/node_modules/tsx/dist/register-B7jrtLTO.mjs:1:789)
    at defaultResolveImpl (node:internal/modules/cjs/loader:1025:19)
    at resolveForCJSWithHooks (node:internal/modules/cjs/loader:1030:22)
    at Function._load (node:internal/modules/cjs/loader:1192:37)
Error: Cannot find module '../modules/restaurant/restaurant.route'
Require stack:
- C:\Users\BTA\Desktop\PJ\THDELIVERY\backend\src\routes\main.route.ts
- C:\Users\BTA\Desktop\PJ\THDELIVERY\backend\src\server.ts
    at node:internal/modules/cjs/loader:1383:15
    at nextResolveSimple (C:\Users\BTA\Desktop\PJ\THDELIVERY\backend\node_modules\tsx\dist\register-D46fvsV_.cjs:4:1004)
    at C:\Users\BTA\Desktop\PJ\THDELIVERY\backend\node_modules\tsx\dist\register-D46fvsV_.cjs:3:2630
    at C:\Users\BTA\Desktop\PJ\THDELIVERY\backend\node_modules\tsx\dist\register-D46fvsV_.cjs:3:1542
    at resolveTsPaths (C:\Users\BTA\Desktop\PJ\THDELIVERY\backend\node_modules\tsx\dist\register-D46fvsV_.cjs:4:760)
    at C:\Users\BTA\Desktop\PJ\THDELIVERY\backend\node_modules\tsx\dist\register-D46fvsV_.cjs:4:1102
    at m._resolveFilename (file:///C:/Users/BTA/Desktop/PJ/THDELIVERY/backend/node_modules/tsx/dist/register-B7jrtLTO.mjs:1:789)
    at defaultResolveImpl (node:internal/modules/cjs/loader:1025:19)
    at resolveForCJSWithHooks (node:internal/modules/cjs/loader:1030:22)
    at Function._load (node:internal/modules/cjs/loader:1192:37){"error":{"code":"MODULE_NOT_FOUND","requireStack":["C:\\Users\\BTA\\Desktop\\PJ\\THDELIVERY\\backend\\src\\routes\\main.route.ts","C:\\Users\\BTA\\Desktop\\PJ\\THDELIVERY\\backend\\src\\server.ts"]},"exception":true,"date":"Sun Dec 21 2025 21:52:16 GMT-0300 (Brasilia Standard Time)","process":{"pid":16124,"uid":null,"gid":null,"cwd":"C:\\Users\\BTA\\Desktop\\PJ\\THDELIVERY\\backend","execPath":"C:\\Program Files\\nodejs\\node.exe","version":"v22.20.0","argv":["C:\\Program Files\\nodejs\\node.exe","C:\\Users\\BTA\\Desktop\\PJ\\THDELIVERY\\backend\\src\\server.ts"],"memoryUsage":{"rss":123191296,"heapTotal":39915520,"heapUsed":28941848,"external":5312566,"arrayBuffers":369331}},"os":{"loadavg":[0,0,0],"uptime":290832.234},"trace":[{"column":15,"file":"node:internal/modules/cjs/loader","function":null,"line":1383,"method":null,"native":false},{"column":1004,"file":"C:\\Users\\BTA\\Desktop\\PJ\\THDELIVERY\\backend\\node_modules\\tsx\\dist\\register-D46fvsV_.cjs","function":"nextResolveSimple","line":4,"method":null,"native":false},{"column":2630,"file":"C:\\Users\\BTA\\Desktop\\PJ\\THDELIVERY\\backend\\node_modules\\tsx\\dist\\register-D46fvsV_.cjs","function":null,"line":3,"method":null,"native":false},{"column":1542,"file":"C:\\Users\\BTA\\Desktop\\PJ\\THDELIVERY\\backend\\node_modules\\tsx\\dist\\register-D46fvsV_.cjs","function":null,"line":3,"method":null,"native":false},{"column":760,"file":"C:\\Users\\BTA\\Desktop\\PJ\\THDELIVERY\\backend\\node_modules\\tsx\\dist\\register-D46fvsV_.cjs","function":"resolveTsPaths","line":4,"method":null,"native":false},{"column":1102,"file":"C:\\Users\\BTA\\Desktop\\PJ\\THDELIVERY\\backend\\node_modules\\tsx\\dist\\register-D46fvsV_.cjs","function":null,"line":4,"method":null,"native":false},{"column":789,"file":"file:///C:/Users/BTA/Desktop/PJ/THDELIVERY/backend/node_modules/tsx/dist/register-B7jrtLTO.mjs","function":"m._resolveFilename","line":1,"method":"_resolveFilename","native":false},{"column":19,"file":"node:internal/modules/cjs/loader","function":"defaultResolveImpl","line":1025,"method":null,"native":false},{"column":22,"file":"node:internal/modules/cjs/loader","function":"resolveForCJSWithHooks","line":1030,"method":null,"native":false},{"column":37,"file":"node:internal/modules/cjs/loader","function":"Function._load","line":1192,"method":"_load","native":false}]}
[2025-12-22T00:52:28.951Z] [31merror[39m: uncaughtException: Cannot find module '../modules/restaurant/restaurant.route'
Require stack:
- C:\Users\BTA\Desktop\PJ\THDELIVERY\backend\src\routes\main.route.ts
- C:\Users\BTA\Desktop\PJ\THDELIVERY\backend\src\server.ts
Error: Cannot find module '../modules/restaurant/restaurant.route'
Require stack:
- C:\Users\BTA\Desktop\PJ\THDELIVERY\backend\src\routes\main.route.ts
- C:\Users\BTA\Desktop\PJ\THDELIVERY\backend\src\server.ts
    at node:internal/modules/cjs/loader:1383:15
    at nextResolveSimple (C:\Users\BTA\Desktop\PJ\THDELIVERY\backend\node_modules\tsx\dist\register-D46fvsV_.cjs:4:1004)
    at C:\Users\BTA\Desktop\PJ\THDELIVERY\backend\node_modules\tsx\dist\register-D46fvsV_.cjs:3:2630
    at C:\Users\BTA\Desktop\PJ\THDELIVERY\backend\node_modules\tsx\dist\register-D46fvsV_.cjs:3:1542
    at resolveTsPaths (C:\Users\BTA\Desktop\PJ\THDELIVERY\backend\node_modules\tsx\dist\register-D46fvsV_.cjs:4:760)
    at C:\Users\BTA\Desktop\PJ\THDELIVERY\backend\node_modules\tsx\dist\register-D46fvsV_.cjs:4:1102
    at m._resolveFilename (file:///C:/Users/BTA/Desktop/PJ/THDELIVERY/backend/node_modules/tsx/dist/register-B7jrtLTO.mjs:1:789)
    at defaultResolveImpl (node:internal/modules/cjs/loader:1025:19)
    at resolveForCJSWithHooks (node:internal/modules/cjs/loader:1030:22)
    at Function._load (node:internal/modules/cjs/loader:1192:37)
Error: Cannot find module '../modules/restaurant/restaurant.route'
Require stack:
- C:\Users\BTA\Desktop\PJ\THDELIVERY\backend\src\routes\main.route.ts
- C:\Users\BTA\Desktop\PJ\THDELIVERY\backend\src\server.ts
    at node:internal/modules/cjs/loader:1383:15
    at nextResolveSimple (C:\Users\BTA\Desktop\PJ\THDELIVERY\backend\node_modules\tsx\dist\register-D46fvsV_.cjs:4:1004)
    at C:\Users\BTA\Desktop\PJ\THDELIVERY\backend\node_modules\tsx\dist\register-D46fvsV_.cjs:3:2630
    at C:\Users\BTA\Desktop\PJ\THDELIVERY\backend\node_modules\tsx\dist\register-D46fvsV_.cjs:3:1542
    at resolveTsPaths (C:\Users\BTA\Desktop\PJ\THDELIVERY\backend\node_modules\tsx\dist\register-D46fvsV_.cjs:4:760)
    at C:\Users\BTA\Desktop\PJ\THDELIVERY\backend\node_modules\tsx\dist\register-D46fvsV_.cjs:4:1102
    at m._resolveFilename (file:///C:/Users/BTA/Desktop/PJ/THDELIVERY/backend/node_modules/tsx/dist/register-B7jrtLTO.mjs:1:789)
    at defaultResolveImpl (node:internal/modules/cjs/loader:1025:19)
    at resolveForCJSWithHooks (node:internal/modules/cjs/loader:1030:22)
    at Function._load (node:internal/modules/cjs/loader:1192:37){"error":{"code":"MODULE_NOT_FOUND","requireStack":["C:\\Users\\BTA\\Desktop\\PJ\\THDELIVERY\\backend\\src\\routes\\main.route.ts","C:\\Users\\BTA\\Desktop\\PJ\\THDELIVERY\\backend\\src\\server.ts"]},"exception":true,"date":"Sun Dec 21 2025 21:52:28 GMT-0300 (Brasilia Standard Time)","process":{"pid":14520,"uid":null,"gid":null,"cwd":"C:\\Users\\BTA\\Desktop\\PJ\\THDELIVERY\\backend","execPath":"C:\\Program Files\\nodejs\\node.exe","version":"v22.20.0","argv":["C:\\Program Files\\nodejs\\node.exe","C:\\Users\\BTA\\Desktop\\PJ\\THDELIVERY\\backend\\src\\server.ts"],"memoryUsage":{"rss":100093952,"heapTotal":40198144,"heapUsed":27093920,"external":5200230,"arrayBuffers":256931}},"os":{"loadavg":[0,0,0],"uptime":290844.703},"trace":[{"column":15,"file":"node:internal/modules/cjs/loader","function":null,"line":1383,"method":null,"native":false},{"column":1004,"file":"C:\\Users\\BTA\\Desktop\\PJ\\THDELIVERY\\backend\\node_modules\\tsx\\dist\\register-D46fvsV_.cjs","function":"nextResolveSimple","line":4,"method":null,"native":false},{"column":2630,"file":"C:\\Users\\BTA\\Desktop\\PJ\\THDELIVERY\\backend\\node_modules\\tsx\\dist\\register-D46fvsV_.cjs","function":null,"line":3,"method":null,"native":false},{"column":1542,"file":"C:\\Users\\BTA\\Desktop\\PJ\\THDELIVERY\\backend\\node_modules\\tsx\\dist\\register-D46fvsV_.cjs","function":null,"line":3,"method":null,"native":false},{"column":760,"file":"C:\\Users\\BTA\\Desktop\\PJ\\THDELIVERY\\backend\\node_modules\\tsx\\dist\\register-D46fvsV_.cjs","function":"resolveTsPaths","line":4,"method":null,"native":false},{"column":1102,"file":"C:\\Users\\BTA\\Desktop\\PJ\\THDELIVERY\\backend\\node_modules\\tsx\\dist\\register-D46fvsV_.cjs","function":null,"line":4,"method":null,"native":false},{"column":789,"file":"file:///C:/Users/BTA/Desktop/PJ/THDELIVERY/backend/node_modules/tsx/dist/register-B7jrtLTO.mjs","function":"m._resolveFilename","line":1,"method":"_resolveFilename","native":false},{"column":19,"file":"node:internal/modules/cjs/loader","function":"defaultResolveImpl","line":1025,"method":null,"native":false},{"column":22,"file":"node:internal/modules/cjs/loader","function":"resolveForCJSWithHooks","line":1030,"method":null,"native":false},{"column":37,"file":"node:internal/modules/cjs/loader","function":"Function._load","line":1192,"method":"_load","native":false}]}
[2025-12-22T13:51:31.874Z] [31merror[39m: uncaughtException: ProductService is not defined
ReferenceError: ProductService is not defined
    at new ProductController (C:\Users\BTA\Desktop\PJ\THDELIVERY\backend\src\modules\product\products.controller.ts:5:25)
    at multer (C:\Users\BTA\Desktop\PJ\THDELIVERY\backend\src\modules\product\products.route.ts:10:20)
    at Object.<anonymous> (C:\Users\BTA\Desktop\PJ\THDELIVERY\backend\src\modules\product\products.route.ts:33:1)
    at Module._compile (node:internal/modules/cjs/loader:1706:14)
    at Object.transformer (C:\Users\BTA\Desktop\PJ\THDELIVERY\backend\node_modules\tsx\dist\register-D46fvsV_.cjs:3:1104)
    at Module.load (node:internal/modules/cjs/loader:1441:32)
    at Function._load (node:internal/modules/cjs/loader:1263:12)
    at TracingChannel.traceSync (node:diagnostics_channel:322:14)
    at wrapModuleLoad (node:internal/modules/cjs/loader:237:24)
    at Module.require (node:internal/modules/cjs/loader:1463:12)
ReferenceError: ProductService is not defined
    at new ProductController (C:\Users\BTA\Desktop\PJ\THDELIVERY\backend\src\modules\product\products.controller.ts:5:25)
    at multer (C:\Users\BTA\Desktop\PJ\THDELIVERY\backend\src\modules\product\products.route.ts:10:20)
    at Object.<anonymous> (C:\Users\BTA\Desktop\PJ\THDELIVERY\backend\src\modules\product\products.route.ts:33:1)
    at Module._compile (node:internal/modules/cjs/loader:1706:14)
    at Object.transformer (C:\Users\BTA\Desktop\PJ\THDELIVERY\backend\node_modules\tsx\dist\register-D46fvsV_.cjs:3:1104)
    at Module.load (node:internal/modules/cjs/loader:1441:32)
    at Function._load (node:internal/modules/cjs/loader:1263:12)
    at TracingChannel.traceSync (node:diagnostics_channel:322:14)
    at wrapModuleLoad (node:internal/modules/cjs/loader:237:24)
    at Module.require (node:internal/modules/cjs/loader:1463:12){"error":{},"exception":true,"date":"Mon Dec 22 2025 10:51:31 GMT-0300 (Brasilia Standard Time)","process":{"pid":17888,"uid":null,"gid":null,"cwd":"C:\\Users\\BTA\\Desktop\\PJ\\THDELIVERY\\backend","execPath":"C:\\Program Files\\nodejs\\node.exe","version":"v22.20.0","argv":["C:\\Program Files\\nodejs\\node.exe","C:\\Users\\BTA\\Desktop\\PJ\\THDELIVERY\\backend\\src\\server.ts"],"memoryUsage":{"rss":103239680,"heapTotal":35958784,"heapUsed":21300816,"external":3521302,"arrayBuffers":191603}},"os":{"loadavg":[0,0,0],"uptime":337585.578},"trace":[{"column":25,"file":"C:\\Users\\BTA\\Desktop\\PJ\\THDELIVERY\\backend\\src\\modules\\product\\products.controller.ts","function":"new ProductController","line":5,"method":null,"native":false},{"column":20,"file":"C:\\Users\\BTA\\Desktop\\PJ\\THDELIVERY\\backend\\src\\modules\\product\\products.route.ts","function":"multer","line":10,"method":null,"native":false},{"column":1,"file":"C:\\Users\\BTA\\Desktop\\PJ\\THDELIVERY\\backend\\src\\modules\\product\\products.route.ts","function":null,"line":33,"method":null,"native":false},{"column":14,"file":"node:internal/modules/cjs/loader","function":"Module._compile","line":1706,"method":"_compile","native":false},{"column":1104,"file":"C:\\Users\\BTA\\Desktop\\PJ\\THDELIVERY\\backend\\node_modules\\tsx\\dist\\register-D46fvsV_.cjs","function":"Object.transformer","line":3,"method":"transformer","native":false},{"column":32,"file":"node:internal/modules/cjs/loader","function":"Module.load","line":1441,"method":"load","native":false},{"column":12,"file":"node:internal/modules/cjs/loader","function":"Function._load","line":1263,"method":"_load","native":false},{"column":14,"file":"node:diagnostics_channel","function":"TracingChannel.traceSync","line":322,"method":"traceSync","native":false},{"column":24,"file":"node:internal/modules/cjs/loader","function":"wrapModuleLoad","line":237,"method":null,"native":false},{"column":12,"file":"node:internal/modules/cjs/loader","function":"Module.require","line":1463,"method":"require","native":false}]}
[2025-12-22T13:56:17.616Z] [31merror[39m: uncaughtException: Transform failed with 1 error:
C:\Users\BTA\Desktop\PJ\THDELIVERY\backend\src\modules\product\products.controller.ts:17:10: ERROR: Expected ";" but found "create"
Error: Transform failed with 1 error:
C:\Users\BTA\Desktop\PJ\THDELIVERY\backend\src\modules\product\products.controller.ts:17:10: ERROR: Expected ";" but found "create"
    at failureErrorWithLog (C:\Users\BTA\Desktop\PJ\THDELIVERY\backend\node_modules\esbuild\lib\main.js:1467:15)
    at C:\Users\BTA\Desktop\PJ\THDELIVERY\backend\node_modules\esbuild\lib\main.js:736:50
    at responseCallbacks.<computed> (C:\Users\BTA\Desktop\PJ\THDELIVERY\backend\node_modules\esbuild\lib\main.js:603:9)
    at handleIncomingPacket (C:\Users\BTA\Desktop\PJ\THDELIVERY\backend\node_modules\esbuild\lib\main.js:658:12)
    at Socket.readFromStdout (C:\Users\BTA\Desktop\PJ\THDELIVERY\backend\node_modules\esbuild\lib\main.js:581:7)
    at Socket.emit (node:events:519:28)
    at addChunk (node:internal/streams/readable:561:12)
    at readableAddChunkPushByteMode (node:internal/streams/readable:512:3)
    at Readable.push (node:internal/streams/readable:392:5)
    at Pipe.onStreamRead (node:internal/stream_base_commons:189:23)
Error: Transform failed with 1 error:
C:\Users\BTA\Desktop\PJ\THDELIVERY\backend\src\modules\product\products.controller.ts:17:10: ERROR: Expected ";" but found "create"
    at failureErrorWithLog (C:\Users\BTA\Desktop\PJ\THDELIVERY\backend\node_modules\esbuild\lib\main.js:1467:15)
    at C:\Users\BTA\Desktop\PJ\THDELIVERY\backend\node_modules\esbuild\lib\main.js:736:50
    at responseCallbacks.<computed> (C:\Users\BTA\Desktop\PJ\THDELIVERY\backend\node_modules\esbuild\lib\main.js:603:9)
    at handleIncomingPacket (C:\Users\BTA\Desktop\PJ\THDELIVERY\backend\node_modules\esbuild\lib\main.js:658:12)
    at Socket.readFromStdout (C:\Users\BTA\Desktop\PJ\THDELIVERY\backend\node_modules\esbuild\lib\main.js:581:7)
    at Socket.emit (node:events:519:28)
    at addChunk (node:internal/streams/readable:561:12)
    at readableAddChunkPushByteMode (node:internal/streams/readable:512:3)
    at Readable.push (node:internal/streams/readable:392:5)
    at Pipe.onStreamRead (node:internal/stream_base_commons:189:23){"error":{"name":"TransformError"},"exception":true,"date":"Mon Dec 22 2025 10:56:17 GMT-0300 (Brasilia Standard Time)","process":{"pid":8,"uid":null,"gid":null,"cwd":"C:\\Users\\BTA\\Desktop\\PJ\\THDELIVERY\\backend","execPath":"C:\\Program Files\\nodejs\\node.exe","version":"v22.20.0","argv":["C:\\Program Files\\nodejs\\node.exe","C:\\Users\\BTA\\Desktop\\PJ\\THDELIVERY\\backend\\src\\server.ts"],"memoryUsage":{"rss":101306368,"heapTotal":35504128,"heapUsed":24519504,"external":3507386,"arrayBuffers":177687}},"os":{"loadavg":[0,0,0],"uptime":337871.328},"trace":[{"column":15,"file":"C:\\Users\\BTA\\Desktop\\PJ\\THDELIVERY\\backend\\node_modules\\esbuild\\lib\\main.js","function":"failureErrorWithLog","line":1467,"method":null,"native":false},{"column":50,"file":"C:\\Users\\BTA\\Desktop\\PJ\\THDELIVERY\\backend\\node_modules\\esbuild\\lib\\main.js","function":null,"line":736,"method":null,"native":false},{"column":9,"file":"C:\\Users\\BTA\\Desktop\\PJ\\THDELIVERY\\backend\\node_modules\\esbuild\\lib\\main.js","function":"responseCallbacks.<computed>","line":603,"method":"<computed>","native":false},{"column":12,"file":"C:\\Users\\BTA\\Desktop\\PJ\\THDELIVERY\\backend\\node_modules\\esbuild\\lib\\main.js","function":"handleIncomingPacket","line":658,"method":null,"native":false},{"column":7,"file":"C:\\Users\\BTA\\Desktop\\PJ\\THDELIVERY\\backend\\node_modules\\esbuild\\lib\\main.js","function":"Socket.readFromStdout","line":581,"method":"readFromStdout","native":false},{"column":28,"file":"node:events","function":"Socket.emit","line":519,"method":"emit","native":false},{"column":12,"file":"node:internal/streams/readable","function":"addChunk","line":561,"method":null,"native":false},{"column":3,"file":"node:internal/streams/readable","function":"readableAddChunkPushByteMode","line":512,"method":null,"native":false},{"column":5,"file":"node:internal/streams/readable","function":"Readable.push","line":392,"method":"push","native":false},{"column":23,"file":"node:internal/stream_base_commons","function":"Pipe.onStreamRead","line":189,"method":"onStreamRead","native":false}]}
[2025-12-22T19:19:11.322Z] [31merror[39m: uncaughtException: Cannot find module '../../shared/utils/geocodeAddress'
Require stack:
- C:\Users\BTA\Desktop\PJ\THDELIVERY\backend\src\modules\admin\admin.service.ts
- C:\Users\BTA\Desktop\PJ\THDELIVERY\backend\src\modules\admin\admin.controller.ts
- C:\Users\BTA\Desktop\PJ\THDELIVERY\backend\src\modules\admin\admin.route.ts
- C:\Users\BTA\Desktop\PJ\THDELIVERY\backend\src\routes\main.route.ts
- C:\Users\BTA\Desktop\PJ\THDELIVERY\backend\src\server.ts
Error: Cannot find module '../../shared/utils/geocodeAddress'
Require stack:
- C:\Users\BTA\Desktop\PJ\THDELIVERY\backend\src\modules\admin\admin.service.ts
- C:\Users\BTA\Desktop\PJ\THDELIVERY\backend\src\modules\admin\admin.controller.ts
- C:\Users\BTA\Desktop\PJ\THDELIVERY\backend\src\modules\admin\admin.route.ts
- C:\Users\BTA\Desktop\PJ\THDELIVERY\backend\src\routes\main.route.ts
- C:\Users\BTA\Desktop\PJ\THDELIVERY\backend\src\server.ts
    at node:internal/modules/cjs/loader:1383:15
    at nextResolveSimple (C:\Users\BTA\Desktop\PJ\THDELIVERY\backend\node_modules\tsx\dist\register-D46fvsV_.cjs:4:1004)
    at C:\Users\BTA\Desktop\PJ\THDELIVERY\backend\node_modules\tsx\dist\register-D46fvsV_.cjs:3:2630
    at C:\Users\BTA\Desktop\PJ\THDELIVERY\backend\node_modules\tsx\dist\register-D46fvsV_.cjs:3:1542
    at resolveTsPaths (C:\Users\BTA\Desktop\PJ\THDELIVERY\backend\node_modules\tsx\dist\register-D46fvsV_.cjs:4:760)
    at C:\Users\BTA\Desktop\PJ\THDELIVERY\backend\node_modules\tsx\dist\register-D46fvsV_.cjs:4:1102
    at m._resolveFilename (file:///C:/Users/BTA/Desktop/PJ/THDELIVERY/backend/node_modules/tsx/dist/register-B7jrtLTO.mjs:1:789)
    at defaultResolveImpl (node:internal/modules/cjs/loader:1025:19)
    at resolveForCJSWithHooks (node:internal/modules/cjs/loader:1030:22)
    at Function._load (node:internal/modules/cjs/loader:1192:37)
Error: Cannot find module '../../shared/utils/geocodeAddress'
Require stack:
- C:\Users\BTA\Desktop\PJ\THDELIVERY\backend\src\modules\admin\admin.service.ts
- C:\Users\BTA\Desktop\PJ\THDELIVERY\backend\src\modules\admin\admin.controller.ts
- C:\Users\BTA\Desktop\PJ\THDELIVERY\backend\src\modules\admin\admin.route.ts
- C:\Users\BTA\Desktop\PJ\THDELIVERY\backend\src\routes\main.route.ts
- C:\Users\BTA\Desktop\PJ\THDELIVERY\backend\src\server.ts
    at node:internal/modules/cjs/loader:1383:15
    at nextResolveSimple (C:\Users\BTA\Desktop\PJ\THDELIVERY\backend\node_modules\tsx\dist\register-D46fvsV_.cjs:4:1004)
    at C:\Users\BTA\Desktop\PJ\THDELIVERY\backend\node_modules\tsx\dist\register-D46fvsV_.cjs:3:2630
    at C:\Users\BTA\Desktop\PJ\THDELIVERY\backend\node_modules\tsx\dist\register-D46fvsV_.cjs:3:1542
    at resolveTsPaths (C:\Users\BTA\Desktop\PJ\THDELIVERY\backend\node_modules\tsx\dist\register-D46fvsV_.cjs:4:760)
    at C:\Users\BTA\Desktop\PJ\THDELIVERY\backend\node_modules\tsx\dist\register-D46fvsV_.cjs:4:1102
    at m._resolveFilename (file:///C:/Users/BTA/Desktop/PJ/THDELIVERY/backend/node_modules/tsx/dist/register-B7jrtLTO.mjs:1:789)
    at defaultResolveImpl (node:internal/modules/cjs/loader:1025:19)
    at resolveForCJSWithHooks (node:internal/modules/cjs/loader:1030:22)
    at Function._load (node:internal/modules/cjs/loader:1192:37){"error":{"code":"MODULE_NOT_FOUND","requireStack":["C:\\Users\\BTA\\Desktop\\PJ\\THDELIVERY\\backend\\src\\modules\\admin\\admin.service.ts","C:\\Users\\BTA\\Desktop\\PJ\\THDELIVERY\\backend\\src\\modules\\admin\\admin.controller.ts","C:\\Users\\BTA\\Desktop\\PJ\\THDELIVERY\\backend\\src\\modules\\admin\\admin.route.ts","C:\\Users\\BTA\\Desktop\\PJ\\THDELIVERY\\backend\\src\\routes\\main.route.ts","C:\\Users\\BTA\\Desktop\\PJ\\THDELIVERY\\backend\\src\\server.ts"]},"exception":true,"date":"Mon Dec 22 2025 16:19:11 GMT-0300 (Brasilia Standard Time)","process":{"pid":17680,"uid":null,"gid":null,"cwd":"C:\\Users\\BTA\\Desktop\\PJ\\THDELIVERY\\backend","execPath":"C:\\Program Files\\nodejs\\node.exe","version":"v22.20.0","argv":["C:\\Program Files\\nodejs\\node.exe","C:\\Users\\BTA\\Desktop\\PJ\\THDELIVERY\\backend\\src\\server.ts"],"memoryUsage":{"rss":112447488,"heapTotal":40198144,"heapUsed":27526632,"external":5227674,"arrayBuffers":284383}},"os":{"loadavg":[0,0,0],"uptime":7324.015},"trace":[{"column":15,"file":"node:internal/modules/cjs/loader","function":null,"line":1383,"method":null,"native":false},{"column":1004,"file":"C:\\Users\\BTA\\Desktop\\PJ\\THDELIVERY\\backend\\node_modules\\tsx\\dist\\register-D46fvsV_.cjs","function":"nextResolveSimple","line":4,"method":null,"native":false},{"column":2630,"file":"C:\\Users\\BTA\\Desktop\\PJ\\THDELIVERY\\backend\\node_modules\\tsx\\dist\\register-D46fvsV_.cjs","function":null,"line":3,"method":null,"native":false},{"column":1542,"file":"C:\\Users\\BTA\\Desktop\\PJ\\THDELIVERY\\backend\\node_modules\\tsx\\dist\\register-D46fvsV_.cjs","function":null,"line":3,"method":null,"native":false},{"column":760,"file":"C:\\Users\\BTA\\Desktop\\PJ\\THDELIVERY\\backend\\node_modules\\tsx\\dist\\register-D46fvsV_.cjs","function":"resolveTsPaths","line":4,"method":null,"native":false},{"column":1102,"file":"C:\\Users\\BTA\\Desktop\\PJ\\THDELIVERY\\backend\\node_modules\\tsx\\dist\\register-D46fvsV_.cjs","function":null,"line":4,"method":null,"native":false},{"column":789,"file":"file:///C:/Users/BTA/Desktop/PJ/THDELIVERY/backend/node_modules/tsx/dist/register-B7jrtLTO.mjs","function":"m._resolveFilename","line":1,"method":"_resolveFilename","native":false},{"column":19,"file":"node:internal/modules/cjs/loader","function":"defaultResolveImpl","line":1025,"method":null,"native":false},{"column":22,"file":"node:internal/modules/cjs/loader","function":"resolveForCJSWithHooks","line":1030,"method":null,"native":false},{"column":37,"file":"node:internal/modules/cjs/loader","function":"Function._load","line":1192,"method":"_load","native":false}]}
[2025-12-22T20:16:43.238Z] [31merror[39m: uncaughtException: Transform failed with 1 error:
C:\Users\BTA\Desktop\PJ\THDELIVERY\backend\src\modules\admin\admin.repository.ts:19:43: ERROR: Unexpected "}"
Error: Transform failed with 1 error:
C:\Users\BTA\Desktop\PJ\THDELIVERY\backend\src\modules\admin\admin.repository.ts:19:43: ERROR: Unexpected "}"
    at failureErrorWithLog (C:\Users\BTA\Desktop\PJ\THDELIVERY\backend\node_modules\esbuild\lib\main.js:1467:15)
    at C:\Users\BTA\Desktop\PJ\THDELIVERY\backend\node_modules\esbuild\lib\main.js:736:50
    at responseCallbacks.<computed> (C:\Users\BTA\Desktop\PJ\THDELIVERY\backend\node_modules\esbuild\lib\main.js:603:9)
    at handleIncomingPacket (C:\Users\BTA\Desktop\PJ\THDELIVERY\backend\node_modules\esbuild\lib\main.js:658:12)
    at Socket.readFromStdout (C:\Users\BTA\Desktop\PJ\THDELIVERY\backend\node_modules\esbuild\lib\main.js:581:7)
    at Socket.emit (node:events:519:28)
    at addChunk (node:internal/streams/readable:561:12)
    at readableAddChunkPushByteMode (node:internal/streams/readable:512:3)
    at Readable.push (node:internal/streams/readable:392:5)
    at Pipe.onStreamRead (node:internal/stream_base_commons:189:23)
Error: Transform failed with 1 error:
C:\Users\BTA\Desktop\PJ\THDELIVERY\backend\src\modules\admin\admin.repository.ts:19:43: ERROR: Unexpected "}"
    at failureErrorWithLog (C:\Users\BTA\Desktop\PJ\THDELIVERY\backend\node_modules\esbuild\lib\main.js:1467:15)
    at C:\Users\BTA\Desktop\PJ\THDELIVERY\backend\node_modules\esbuild\lib\main.js:736:50
    at responseCallbacks.<computed> (C:\Users\BTA\Desktop\PJ\THDELIVERY\backend\node_modules\esbuild\lib\main.js:603:9)
    at handleIncomingPacket (C:\Users\BTA\Desktop\PJ\THDELIVERY\backend\node_modules\esbuild\lib\main.js:658:12)
    at Socket.readFromStdout (C:\Users\BTA\Desktop\PJ\THDELIVERY\backend\node_modules\esbuild\lib\main.js:581:7)
    at Socket.emit (node:events:519:28)
    at addChunk (node:internal/streams/readable:561:12)
    at readableAddChunkPushByteMode (node:internal/streams/readable:512:3)
    at Readable.push (node:internal/streams/readable:392:5)
    at Pipe.onStreamRead (node:internal/stream_base_commons:189:23){"error":{"name":"TransformError"},"exception":true,"date":"Mon Dec 22 2025 17:16:43 GMT-0300 (Brasilia Standard Time)","process":{"pid":17612,"uid":null,"gid":null,"cwd":"C:\\Users\\BTA\\Desktop\\PJ\\THDELIVERY\\backend","execPath":"C:\\Program Files\\nodejs\\node.exe","version":"v22.20.0","argv":["C:\\Program Files\\nodejs\\node.exe","C:\\Users\\BTA\\Desktop\\PJ\\THDELIVERY\\backend\\src\\server.ts"],"memoryUsage":{"rss":112480256,"heapTotal":39936000,"heapUsed":27073720,"external":5208422,"arrayBuffers":265131}},"os":{"loadavg":[0,0,0],"uptime":10775.937},"trace":[{"column":15,"file":"C:\\Users\\BTA\\Desktop\\PJ\\THDELIVERY\\backend\\node_modules\\esbuild\\lib\\main.js","function":"failureErrorWithLog","line":1467,"method":null,"native":false},{"column":50,"file":"C:\\Users\\BTA\\Desktop\\PJ\\THDELIVERY\\backend\\node_modules\\esbuild\\lib\\main.js","function":null,"line":736,"method":null,"native":false},{"column":9,"file":"C:\\Users\\BTA\\Desktop\\PJ\\THDELIVERY\\backend\\node_modules\\esbuild\\lib\\main.js","function":"responseCallbacks.<computed>","line":603,"method":"<computed>","native":false},{"column":12,"file":"C:\\Users\\BTA\\Desktop\\PJ\\THDELIVERY\\backend\\node_modules\\esbuild\\lib\\main.js","function":"handleIncomingPacket","line":658,"method":null,"native":false},{"column":7,"file":"C:\\Users\\BTA\\Desktop\\PJ\\THDELIVERY\\backend\\node_modules\\esbuild\\lib\\main.js","function":"Socket.readFromStdout","line":581,"method":"readFromStdout","native":false},{"column":28,"file":"node:events","function":"Socket.emit","line":519,"method":"emit","native":false},{"column":12,"file":"node:internal/streams/readable","function":"addChunk","line":561,"method":null,"native":false},{"column":3,"file":"node:internal/streams/readable","function":"readableAddChunkPushByteMode","line":512,"method":null,"native":false},{"column":5,"file":"node:internal/streams/readable","function":"Readable.push","line":392,"method":"push","native":false},{"column":23,"file":"node:internal/stream_base_commons","function":"Pipe.onStreamRead","line":189,"method":"onStreamRead","native":false}]}
[2025-12-22T20:41:21.247Z] [31merror[39m: uncaughtException: Cannot find module './delivery-area.repository'
Require stack:
- C:\Users\BTA\Desktop\PJ\THDELIVERY\backend\src\modules\deliveryArea\delivery.service.ts
- C:\Users\BTA\Desktop\PJ\THDELIVERY\backend\src\modules\deliveryArea\delivery.controller.ts
- C:\Users\BTA\Desktop\PJ\THDELIVERY\backend\src\modules\deliveryArea\delivery.route.ts
- C:\Users\BTA\Desktop\PJ\THDELIVERY\backend\src\routes\main.route.ts
- C:\Users\BTA\Desktop\PJ\THDELIVERY\backend\src\server.ts
Error: Cannot find module './delivery-area.repository'
Require stack:
- C:\Users\BTA\Desktop\PJ\THDELIVERY\backend\src\modules\deliveryArea\delivery.service.ts
- C:\Users\BTA\Desktop\PJ\THDELIVERY\backend\src\modules\deliveryArea\delivery.controller.ts
- C:\Users\BTA\Desktop\PJ\THDELIVERY\backend\src\modules\deliveryArea\delivery.route.ts
- C:\Users\BTA\Desktop\PJ\THDELIVERY\backend\src\routes\main.route.ts
- C:\Users\BTA\Desktop\PJ\THDELIVERY\backend\src\server.ts
    at node:internal/modules/cjs/loader:1383:15
    at nextResolveSimple (C:\Users\BTA\Desktop\PJ\THDELIVERY\backend\node_modules\tsx\dist\register-D46fvsV_.cjs:4:1004)
    at C:\Users\BTA\Desktop\PJ\THDELIVERY\backend\node_modules\tsx\dist\register-D46fvsV_.cjs:3:2630
    at C:\Users\BTA\Desktop\PJ\THDELIVERY\backend\node_modules\tsx\dist\register-D46fvsV_.cjs:3:1542
    at resolveTsPaths (C:\Users\BTA\Desktop\PJ\THDELIVERY\backend\node_modules\tsx\dist\register-D46fvsV_.cjs:4:760)
    at C:\Users\BTA\Desktop\PJ\THDELIVERY\backend\node_modules\tsx\dist\register-D46fvsV_.cjs:4:1102
    at m._resolveFilename (file:///C:/Users/BTA/Desktop/PJ/THDELIVERY/backend/node_modules/tsx/dist/register-B7jrtLTO.mjs:1:789)
    at defaultResolveImpl (node:internal/modules/cjs/loader:1025:19)
    at resolveForCJSWithHooks (node:internal/modules/cjs/loader:1030:22)
    at Function._load (node:internal/modules/cjs/loader:1192:37)
Error: Cannot find module './delivery-area.repository'
Require stack:
- C:\Users\BTA\Desktop\PJ\THDELIVERY\backend\src\modules\deliveryArea\delivery.service.ts
- C:\Users\BTA\Desktop\PJ\THDELIVERY\backend\src\modules\deliveryArea\delivery.controller.ts
- C:\Users\BTA\Desktop\PJ\THDELIVERY\backend\src\modules\deliveryArea\delivery.route.ts
- C:\Users\BTA\Desktop\PJ\THDELIVERY\backend\src\routes\main.route.ts
- C:\Users\BTA\Desktop\PJ\THDELIVERY\backend\src\server.ts
    at node:internal/modules/cjs/loader:1383:15
    at nextResolveSimple (C:\Users\BTA\Desktop\PJ\THDELIVERY\backend\node_modules\tsx\dist\register-D46fvsV_.cjs:4:1004)
    at C:\Users\BTA\Desktop\PJ\THDELIVERY\backend\node_modules\tsx\dist\register-D46fvsV_.cjs:3:2630
    at C:\Users\BTA\Desktop\PJ\THDELIVERY\backend\node_modules\tsx\dist\register-D46fvsV_.cjs:3:1542
    at resolveTsPaths (C:\Users\BTA\Desktop\PJ\THDELIVERY\backend\node_modules\tsx\dist\register-D46fvsV_.cjs:4:760)
    at C:\Users\BTA\Desktop\PJ\THDELIVERY\backend\node_modules\tsx\dist\register-D46fvsV_.cjs:4:1102
    at m._resolveFilename (file:///C:/Users/BTA/Desktop/PJ/THDELIVERY/backend/node_modules/tsx/dist/register-B7jrtLTO.mjs:1:789)
    at defaultResolveImpl (node:internal/modules/cjs/loader:1025:19)
    at resolveForCJSWithHooks (node:internal/modules/cjs/loader:1030:22)
    at Function._load (node:internal/modules/cjs/loader:1192:37){"error":{"code":"MODULE_NOT_FOUND","requireStack":["C:\\Users\\BTA\\Desktop\\PJ\\THDELIVERY\\backend\\src\\modules\\deliveryArea\\delivery.service.ts","C:\\Users\\BTA\\Desktop\\PJ\\THDELIVERY\\backend\\src\\modules\\deliveryArea\\delivery.controller.ts","C:\\Users\\BTA\\Desktop\\PJ\\THDELIVERY\\backend\\src\\modules\\deliveryArea\\delivery.route.ts","C:\\Users\\BTA\\Desktop\\PJ\\THDELIVERY\\backend\\src\\routes\\main.route.ts","C:\\Users\\BTA\\Desktop\\PJ\\THDELIVERY\\backend\\src\\server.ts"]},"exception":true,"date":"Mon Dec 22 2025 17:41:21 GMT-0300 (Brasilia Standard Time)","process":{"pid":18196,"uid":null,"gid":null,"cwd":"C:\\Users\\BTA\\Desktop\\PJ\\THDELIVERY\\backend","execPath":"C:\\Program Files\\nodejs\\node.exe","version":"v22.20.0","argv":["C:\\Program Files\\nodejs\\node.exe","C:\\Users\\BTA\\Desktop\\PJ\\THDELIVERY\\backend\\src\\server.ts"],"memoryUsage":{"rss":110796800,"heapTotal":40177664,"heapUsed":30379800,"external":5241390,"arrayBuffers":298099}},"os":{"loadavg":[0,0,0],"uptime":12253.937},"trace":[{"column":15,"file":"node:internal/modules/cjs/loader","function":null,"line":1383,"method":null,"native":false},{"column":1004,"file":"C:\\Users\\BTA\\Desktop\\PJ\\THDELIVERY\\backend\\node_modules\\tsx\\dist\\register-D46fvsV_.cjs","function":"nextResolveSimple","line":4,"method":null,"native":false},{"column":2630,"file":"C:\\Users\\BTA\\Desktop\\PJ\\THDELIVERY\\backend\\node_modules\\tsx\\dist\\register-D46fvsV_.cjs","function":null,"line":3,"method":null,"native":false},{"column":1542,"file":"C:\\Users\\BTA\\Desktop\\PJ\\THDELIVERY\\backend\\node_modules\\tsx\\dist\\register-D46fvsV_.cjs","function":null,"line":3,"method":null,"native":false},{"column":760,"file":"C:\\Users\\BTA\\Desktop\\PJ\\THDELIVERY\\backend\\node_modules\\tsx\\dist\\register-D46fvsV_.cjs","function":"resolveTsPaths","line":4,"method":null,"native":false},{"column":1102,"file":"C:\\Users\\BTA\\Desktop\\PJ\\THDELIVERY\\backend\\node_modules\\tsx\\dist\\register-D46fvsV_.cjs","function":null,"line":4,"method":null,"native":false},{"column":789,"file":"file:///C:/Users/BTA/Desktop/PJ/THDELIVERY/backend/node_modules/tsx/dist/register-B7jrtLTO.mjs","function":"m._resolveFilename","line":1,"method":"_resolveFilename","native":false},{"column":19,"file":"node:internal/modules/cjs/loader","function":"defaultResolveImpl","line":1025,"method":null,"native":false},{"column":22,"file":"node:internal/modules/cjs/loader","function":"resolveForCJSWithHooks","line":1030,"method":null,"native":false},{"column":37,"file":"node:internal/modules/cjs/loader","function":"Function._load","line":1192,"method":"_load","native":false}]}
[2025-12-22T20:41:27.979Z] [31merror[39m: uncaughtException: DeliveryAreaRepository is not defined
ReferenceError: DeliveryAreaRepository is not defined
    at new DeliveryAreaService (C:\Users\BTA\Desktop\PJ\THDELIVERY\backend\src\modules\deliveryArea\delivery.service.ts:4:22)
    at new DeliveryAreaController (C:\Users\BTA\Desktop\PJ\THDELIVERY\backend\src\modules\deliveryArea\delivery.controller.ts:6:21)
    at <anonymous> (C:\Users\BTA\Desktop\PJ\THDELIVERY\backend\src\modules\deliveryArea\delivery.route.ts:6:20)
    at Object.<anonymous> (C:\Users\BTA\Desktop\PJ\THDELIVERY\backend\src\modules\deliveryArea\delivery.route.ts:9:32)
    at Module._compile (node:internal/modules/cjs/loader:1706:14)
    at Object.transformer (C:\Users\BTA\Desktop\PJ\THDELIVERY\backend\node_modules\tsx\dist\register-D46fvsV_.cjs:3:1104)
    at Module.load (node:internal/modules/cjs/loader:1441:32)
    at Function._load (node:internal/modules/cjs/loader:1263:12)
    at TracingChannel.traceSync (node:diagnostics_channel:322:14)
    at wrapModuleLoad (node:internal/modules/cjs/loader:237:24)
ReferenceError: DeliveryAreaRepository is not defined
    at new DeliveryAreaService (C:\Users\BTA\Desktop\PJ\THDELIVERY\backend\src\modules\deliveryArea\delivery.service.ts:4:22)
    at new DeliveryAreaController (C:\Users\BTA\Desktop\PJ\THDELIVERY\backend\src\modules\deliveryArea\delivery.controller.ts:6:21)
    at <anonymous> (C:\Users\BTA\Desktop\PJ\THDELIVERY\backend\src\modules\deliveryArea\delivery.route.ts:6:20)
    at Object.<anonymous> (C:\Users\BTA\Desktop\PJ\THDELIVERY\backend\src\modules\deliveryArea\delivery.route.ts:9:32)
    at Module._compile (node:internal/modules/cjs/loader:1706:14)
    at Object.transformer (C:\Users\BTA\Desktop\PJ\THDELIVERY\backend\node_modules\tsx\dist\register-D46fvsV_.cjs:3:1104)
    at Module.load (node:internal/modules/cjs/loader:1441:32)
    at Function._load (node:internal/modules/cjs/loader:1263:12)
    at TracingChannel.traceSync (node:diagnostics_channel:322:14)
    at wrapModuleLoad (node:internal/modules/cjs/loader:237:24){"error":{},"exception":true,"date":"Mon Dec 22 2025 17:41:27 GMT-0300 (Brasilia Standard Time)","process":{"pid":15956,"uid":null,"gid":null,"cwd":"C:\\Users\\BTA\\Desktop\\PJ\\THDELIVERY\\backend","execPath":"C:\\Program Files\\nodejs\\node.exe","version":"v22.20.0","argv":["C:\\Program Files\\nodejs\\node.exe","C:\\Users\\BTA\\Desktop\\PJ\\THDELIVERY\\backend\\src\\server.ts"],"memoryUsage":{"rss":110723072,"heapTotal":40439808,"heapUsed":29925984,"external":5241390,"arrayBuffers":298099}},"os":{"loadavg":[0,0,0],"uptime":12260.671},"trace":[{"column":22,"file":"C:\\Users\\BTA\\Desktop\\PJ\\THDELIVERY\\backend\\src\\modules\\deliveryArea\\delivery.service.ts","function":"new DeliveryAreaService","line":4,"method":null,"native":false},{"column":21,"file":"C:\\Users\\BTA\\Desktop\\PJ\\THDELIVERY\\backend\\src\\modules\\deliveryArea\\delivery.controller.ts","function":"new DeliveryAreaController","line":6,"method":null,"native":false},{"column":20,"file":"C:\\Users\\BTA\\Desktop\\PJ\\THDELIVERY\\backend\\src\\modules\\deliveryArea\\delivery.route.ts","function":"<anonymous>","line":6,"method":null,"native":false},{"column":32,"file":"C:\\Users\\BTA\\Desktop\\PJ\\THDELIVERY\\backend\\src\\modules\\deliveryArea\\delivery.route.ts","function":null,"line":9,"method":null,"native":false},{"column":14,"file":"node:internal/modules/cjs/loader","function":"Module._compile","line":1706,"method":"_compile","native":false},{"column":1104,"file":"C:\\Users\\BTA\\Desktop\\PJ\\THDELIVERY\\backend\\node_modules\\tsx\\dist\\register-D46fvsV_.cjs","function":"Object.transformer","line":3,"method":"transformer","native":false},{"column":32,"file":"node:internal/modules/cjs/loader","function":"Module.load","line":1441,"method":"load","native":false},{"column":12,"file":"node:internal/modules/cjs/loader","function":"Function._load","line":1263,"method":"_load","native":false},{"column":14,"file":"node:diagnostics_channel","function":"TracingChannel.traceSync","line":322,"method":"traceSync","native":false},{"column":24,"file":"node:internal/modules/cjs/loader","function":"wrapModuleLoad","line":237,"method":null,"native":false}]}
[2025-12-22T20:41:51.610Z] [31merror[39m: uncaughtException: Cannot find module './delivery-area.service'
Require stack:
- C:\Users\BTA\Desktop\PJ\THDELIVERY\backend\src\modules\deliveryArea\delivery.controller.ts
- C:\Users\BTA\Desktop\PJ\THDELIVERY\backend\src\modules\deliveryArea\delivery.route.ts
- C:\Users\BTA\Desktop\PJ\THDELIVERY\backend\src\routes\main.route.ts
- C:\Users\BTA\Desktop\PJ\THDELIVERY\backend\src\server.ts
Error: Cannot find module './delivery-area.service'
Require stack:
- C:\Users\BTA\Desktop\PJ\THDELIVERY\backend\src\modules\deliveryArea\delivery.controller.ts
- C:\Users\BTA\Desktop\PJ\THDELIVERY\backend\src\modules\deliveryArea\delivery.route.ts
- C:\Users\BTA\Desktop\PJ\THDELIVERY\backend\src\routes\main.route.ts
- C:\Users\BTA\Desktop\PJ\THDELIVERY\backend\src\server.ts
    at node:internal/modules/cjs/loader:1383:15
    at nextResolveSimple (C:\Users\BTA\Desktop\PJ\THDELIVERY\backend\node_modules\tsx\dist\register-D46fvsV_.cjs:4:1004)
    at C:\Users\BTA\Desktop\PJ\THDELIVERY\backend\node_modules\tsx\dist\register-D46fvsV_.cjs:3:2630
    at C:\Users\BTA\Desktop\PJ\THDELIVERY\backend\node_modules\tsx\dist\register-D46fvsV_.cjs:3:1542
    at resolveTsPaths (C:\Users\BTA\Desktop\PJ\THDELIVERY\backend\node_modules\tsx\dist\register-D46fvsV_.cjs:4:760)
    at C:\Users\BTA\Desktop\PJ\THDELIVERY\backend\node_modules\tsx\dist\register-D46fvsV_.cjs:4:1102
    at m._resolveFilename (file:///C:/Users/BTA/Desktop/PJ/THDELIVERY/backend/node_modules/tsx/dist/register-B7jrtLTO.mjs:1:789)
    at defaultResolveImpl (node:internal/modules/cjs/loader:1025:19)
    at resolveForCJSWithHooks (node:internal/modules/cjs/loader:1030:22)
    at Function._load (node:internal/modules/cjs/loader:1192:37)
Error: Cannot find module './delivery-area.service'
Require stack:
- C:\Users\BTA\Desktop\PJ\THDELIVERY\backend\src\modules\deliveryArea\delivery.controller.ts
- C:\Users\BTA\Desktop\PJ\THDELIVERY\backend\src\modules\deliveryArea\delivery.route.ts
- C:\Users\BTA\Desktop\PJ\THDELIVERY\backend\src\routes\main.route.ts
- C:\Users\BTA\Desktop\PJ\THDELIVERY\backend\src\server.ts
    at node:internal/modules/cjs/loader:1383:15
    at nextResolveSimple (C:\Users\BTA\Desktop\PJ\THDELIVERY\backend\node_modules\tsx\dist\register-D46fvsV_.cjs:4:1004)
    at C:\Users\BTA\Desktop\PJ\THDELIVERY\backend\node_modules\tsx\dist\register-D46fvsV_.cjs:3:2630
    at C:\Users\BTA\Desktop\PJ\THDELIVERY\backend\node_modules\tsx\dist\register-D46fvsV_.cjs:3:1542
    at resolveTsPaths (C:\Users\BTA\Desktop\PJ\THDELIVERY\backend\node_modules\tsx\dist\register-D46fvsV_.cjs:4:760)
    at C:\Users\BTA\Desktop\PJ\THDELIVERY\backend\node_modules\tsx\dist\register-D46fvsV_.cjs:4:1102
    at m._resolveFilename (file:///C:/Users/BTA/Desktop/PJ/THDELIVERY/backend/node_modules/tsx/dist/register-B7jrtLTO.mjs:1:789)
    at defaultResolveImpl (node:internal/modules/cjs/loader:1025:19)
    at resolveForCJSWithHooks (node:internal/modules/cjs/loader:1030:22)
    at Function._load (node:internal/modules/cjs/loader:1192:37){"error":{"code":"MODULE_NOT_FOUND","requireStack":["C:\\Users\\BTA\\Desktop\\PJ\\THDELIVERY\\backend\\src\\modules\\deliveryArea\\delivery.controller.ts","C:\\Users\\BTA\\Desktop\\PJ\\THDELIVERY\\backend\\src\\modules\\deliveryArea\\delivery.route.ts","C:\\Users\\BTA\\Desktop\\PJ\\THDELIVERY\\backend\\src\\routes\\main.route.ts","C:\\Users\\BTA\\Desktop\\PJ\\THDELIVERY\\backend\\src\\server.ts"]},"exception":true,"date":"Mon Dec 22 2025 17:41:51 GMT-0300 (Brasilia Standard Time)","process":{"pid":13124,"uid":null,"gid":null,"cwd":"C:\\Users\\BTA\\Desktop\\PJ\\THDELIVERY\\backend","execPath":"C:\\Program Files\\nodejs\\node.exe","version":"v22.20.0","argv":["C:\\Program Files\\nodejs\\node.exe","C:\\Users\\BTA\\Desktop\\PJ\\THDELIVERY\\backend\\src\\server.ts"],"memoryUsage":{"rss":110374912,"heapTotal":39936000,"heapUsed":29264432,"external":5241390,"arrayBuffers":298099}},"os":{"loadavg":[0,0,0],"uptime":12284.312},"trace":[{"column":15,"file":"node:internal/modules/cjs/loader","function":null,"line":1383,"method":null,"native":false},{"column":1004,"file":"C:\\Users\\BTA\\Desktop\\PJ\\THDELIVERY\\backend\\node_modules\\tsx\\dist\\register-D46fvsV_.cjs","function":"nextResolveSimple","line":4,"method":null,"native":false},{"column":2630,"file":"C:\\Users\\BTA\\Desktop\\PJ\\THDELIVERY\\backend\\node_modules\\tsx\\dist\\register-D46fvsV_.cjs","function":null,"line":3,"method":null,"native":false},{"column":1542,"file":"C:\\Users\\BTA\\Desktop\\PJ\\THDELIVERY\\backend\\node_modules\\tsx\\dist\\register-D46fvsV_.cjs","function":null,"line":3,"method":null,"native":false},{"column":760,"file":"C:\\Users\\BTA\\Desktop\\PJ\\THDELIVERY\\backend\\node_modules\\tsx\\dist\\register-D46fvsV_.cjs","function":"resolveTsPaths","line":4,"method":null,"native":false},{"column":1102,"file":"C:\\Users\\BTA\\Desktop\\PJ\\THDELIVERY\\backend\\node_modules\\tsx\\dist\\register-D46fvsV_.cjs","function":null,"line":4,"method":null,"native":false},{"column":789,"file":"file:///C:/Users/BTA/Desktop/PJ/THDELIVERY/backend/node_modules/tsx/dist/register-B7jrtLTO.mjs","function":"m._resolveFilename","line":1,"method":"_resolveFilename","native":false},{"column":19,"file":"node:internal/modules/cjs/loader","function":"defaultResolveImpl","line":1025,"method":null,"native":false},{"column":22,"file":"node:internal/modules/cjs/loader","function":"resolveForCJSWithHooks","line":1030,"method":null,"native":false},{"column":37,"file":"node:internal/modules/cjs/loader","function":"Function._load","line":1192,"method":"_load","native":false}]}
[2025-12-22T20:41:54.348Z] [31merror[39m: uncaughtException: DeliveryAreaService is not defined
ReferenceError: DeliveryAreaService is not defined
    at new DeliveryAreaController (C:\Users\BTA\Desktop\PJ\THDELIVERY\backend\src\modules\deliveryArea\delivery.controller.ts:4:25)
    at <anonymous> (C:\Users\BTA\Desktop\PJ\THDELIVERY\backend\src\modules\deliveryArea\delivery.route.ts:6:20)
    at Object.<anonymous> (C:\Users\BTA\Desktop\PJ\THDELIVERY\backend\src\modules\deliveryArea\delivery.route.ts:9:32)
    at Module._compile (node:internal/modules/cjs/loader:1706:14)
    at Object.transformer (C:\Users\BTA\Desktop\PJ\THDELIVERY\backend\node_modules\tsx\dist\register-D46fvsV_.cjs:3:1104)
    at Module.load (node:internal/modules/cjs/loader:1441:32)
    at Function._load (node:internal/modules/cjs/loader:1263:12)
    at TracingChannel.traceSync (node:diagnostics_channel:322:14)
    at wrapModuleLoad (node:internal/modules/cjs/loader:237:24)
    at Module.require (node:internal/modules/cjs/loader:1463:12)
ReferenceError: DeliveryAreaService is not defined
    at new DeliveryAreaController (C:\Users\BTA\Desktop\PJ\THDELIVERY\backend\src\modules\deliveryArea\delivery.controller.ts:4:25)
    at <anonymous> (C:\Users\BTA\Desktop\PJ\THDELIVERY\backend\src\modules\deliveryArea\delivery.route.ts:6:20)
    at Object.<anonymous> (C:\Users\BTA\Desktop\PJ\THDELIVERY\backend\src\modules\deliveryArea\delivery.route.ts:9:32)
    at Module._compile (node:internal/modules/cjs/loader:1706:14)
    at Object.transformer (C:\Users\BTA\Desktop\PJ\THDELIVERY\backend\node_modules\tsx\dist\register-D46fvsV_.cjs:3:1104)
    at Module.load (node:internal/modules/cjs/loader:1441:32)
    at Function._load (node:internal/modules/cjs/loader:1263:12)
    at TracingChannel.traceSync (node:diagnostics_channel:322:14)
    at wrapModuleLoad (node:internal/modules/cjs/loader:237:24)
    at Module.require (node:internal/modules/cjs/loader:1463:12){"error":{},"exception":true,"date":"Mon Dec 22 2025 17:41:54 GMT-0300 (Brasilia Standard Time)","process":{"pid":10448,"uid":null,"gid":null,"cwd":"C:\\Users\\BTA\\Desktop\\PJ\\THDELIVERY\\backend","execPath":"C:\\Program Files\\nodejs\\node.exe","version":"v22.20.0","argv":["C:\\Program Files\\nodejs\\node.exe","C:\\Users\\BTA\\Desktop\\PJ\\THDELIVERY\\backend\\src\\server.ts"],"memoryUsage":{"rss":111071232,"heapTotal":40439808,"heapUsed":29646712,"external":5241390,"arrayBuffers":298099}},"os":{"loadavg":[0,0,0],"uptime":12287.046},"trace":[{"column":25,"file":"C:\\Users\\BTA\\Desktop\\PJ\\THDELIVERY\\backend\\src\\modules\\deliveryArea\\delivery.controller.ts","function":"new DeliveryAreaController","line":4,"method":null,"native":false},{"column":20,"file":"C:\\Users\\BTA\\Desktop\\PJ\\THDELIVERY\\backend\\src\\modules\\deliveryArea\\delivery.route.ts","function":"<anonymous>","line":6,"method":null,"native":false},{"column":32,"file":"C:\\Users\\BTA\\Desktop\\PJ\\THDELIVERY\\backend\\src\\modules\\deliveryArea\\delivery.route.ts","function":null,"line":9,"method":null,"native":false},{"column":14,"file":"node:internal/modules/cjs/loader","function":"Module._compile","line":1706,"method":"_compile","native":false},{"column":1104,"file":"C:\\Users\\BTA\\Desktop\\PJ\\THDELIVERY\\backend\\node_modules\\tsx\\dist\\register-D46fvsV_.cjs","function":"Object.transformer","line":3,"method":"transformer","native":false},{"column":32,"file":"node:internal/modules/cjs/loader","function":"Module.load","line":1441,"method":"load","native":false},{"column":12,"file":"node:internal/modules/cjs/loader","function":"Function._load","line":1263,"method":"_load","native":false},{"column":14,"file":"node:diagnostics_channel","function":"TracingChannel.traceSync","line":322,"method":"traceSync","native":false},{"column":24,"file":"node:internal/modules/cjs/loader","function":"wrapModuleLoad","line":237,"method":null,"native":false},{"column":12,"file":"node:internal/modules/cjs/loader","function":"Module.require","line":1463,"method":"require","native":false}]}
[2025-12-22T20:42:56.811Z] [31merror[39m: uncaughtException: argument handler must be a function
TypeError: argument handler must be a function
    at Function.use (C:\Users\BTA\Desktop\PJ\THDELIVERY\backend\node_modules\router\index.js:392:13)
    at <anonymous> (C:\Users\BTA\Desktop\PJ\THDELIVERY\backend\src\routes\main.route.ts:20:11)
    at Object.<anonymous> (C:\Users\BTA\Desktop\PJ\THDELIVERY\backend\src\routes\main.route.ts:22:16)
    at Module._compile (node:internal/modules/cjs/loader:1706:14)
    at Object.transformer (C:\Users\BTA\Desktop\PJ\THDELIVERY\backend\node_modules\tsx\dist\register-D46fvsV_.cjs:3:1104)
    at Module.load (node:internal/modules/cjs/loader:1441:32)
    at Function._load (node:internal/modules/cjs/loader:1263:12)
    at TracingChannel.traceSync (node:diagnostics_channel:322:14)
    at wrapModuleLoad (node:internal/modules/cjs/loader:237:24)
    at Module.require (node:internal/modules/cjs/loader:1463:12)
TypeError: argument handler must be a function
    at Function.use (C:\Users\BTA\Desktop\PJ\THDELIVERY\backend\node_modules\router\index.js:392:13)
    at <anonymous> (C:\Users\BTA\Desktop\PJ\THDELIVERY\backend\src\routes\main.route.ts:20:11)
    at Object.<anonymous> (C:\Users\BTA\Desktop\PJ\THDELIVERY\backend\src\routes\main.route.ts:22:16)
    at Module._compile (node:internal/modules/cjs/loader:1706:14)
    at Object.transformer (C:\Users\BTA\Desktop\PJ\THDELIVERY\backend\node_modules\tsx\dist\register-D46fvsV_.cjs:3:1104)
    at Module.load (node:internal/modules/cjs/loader:1441:32)
    at Function._load (node:internal/modules/cjs/loader:1263:12)
    at TracingChannel.traceSync (node:diagnostics_channel:322:14)
    at wrapModuleLoad (node:internal/modules/cjs/loader:237:24)
    at Module.require (node:internal/modules/cjs/loader:1463:12){"error":{},"exception":true,"date":"Mon Dec 22 2025 17:42:56 GMT-0300 (Brasilia Standard Time)","process":{"pid":6148,"uid":null,"gid":null,"cwd":"C:\\Users\\BTA\\Desktop\\PJ\\THDELIVERY\\backend","execPath":"C:\\Program Files\\nodejs\\node.exe","version":"v22.20.0","argv":["C:\\Program Files\\nodejs\\node.exe","C:\\Users\\BTA\\Desktop\\PJ\\THDELIVERY\\backend\\src\\server.ts"],"memoryUsage":{"rss":110854144,"heapTotal":40198144,"heapUsed":29161440,"external":5241390,"arrayBuffers":298099}},"os":{"loadavg":[0,0,0],"uptime":12349.5},"trace":[{"column":13,"file":"C:\\Users\\BTA\\Desktop\\PJ\\THDELIVERY\\backend\\node_modules\\router\\index.js","function":"Function.use","line":392,"method":"use","native":false},{"column":11,"file":"C:\\Users\\BTA\\Desktop\\PJ\\THDELIVERY\\backend\\src\\routes\\main.route.ts","function":"<anonymous>","line":20,"method":null,"native":false},{"column":16,"file":"C:\\Users\\BTA\\Desktop\\PJ\\THDELIVERY\\backend\\src\\routes\\main.route.ts","function":null,"line":22,"method":null,"native":false},{"column":14,"file":"node:internal/modules/cjs/loader","function":"Module._compile","line":1706,"method":"_compile","native":false},{"column":1104,"file":"C:\\Users\\BTA\\Desktop\\PJ\\THDELIVERY\\backend\\node_modules\\tsx\\dist\\register-D46fvsV_.cjs","function":"Object.transformer","line":3,"method":"transformer","native":false},{"column":32,"file":"node:internal/modules/cjs/loader","function":"Module.load","line":1441,"method":"load","native":false},{"column":12,"file":"node:internal/modules/cjs/loader","function":"Function._load","line":1263,"method":"_load","native":false},{"column":14,"file":"node:diagnostics_channel","function":"TracingChannel.traceSync","line":322,"method":"traceSync","native":false},{"column":24,"file":"node:internal/modules/cjs/loader","function":"wrapModuleLoad","line":237,"method":null,"native":false},{"column":12,"file":"node:internal/modules/cjs/loader","function":"Module.require","line":1463,"method":"require","native":false}]}
[2025-12-22T20:43:02.510Z] [31merror[39m: uncaughtException: deliveryRoute is not defined
ReferenceError: deliveryRoute is not defined
    at <anonymous> (C:\Users\BTA\Desktop\PJ\THDELIVERY\backend\src\routes\main.route.ts:19:33)
    at Object.<anonymous> (C:\Users\BTA\Desktop\PJ\THDELIVERY\backend\src\routes\main.route.ts:21:16)
    at Module._compile (node:internal/modules/cjs/loader:1706:14)
    at Object.transformer (C:\Users\BTA\Desktop\PJ\THDELIVERY\backend\node_modules\tsx\dist\register-D46fvsV_.cjs:3:1104)
    at Module.load (node:internal/modules/cjs/loader:1441:32)
    at Function._load (node:internal/modules/cjs/loader:1263:12)
    at TracingChannel.traceSync (node:diagnostics_channel:322:14)
    at wrapModuleLoad (node:internal/modules/cjs/loader:237:24)
    at Module.require (node:internal/modules/cjs/loader:1463:12)
    at require (node:internal/modules/helpers:147:16)
ReferenceError: deliveryRoute is not defined
    at <anonymous> (C:\Users\BTA\Desktop\PJ\THDELIVERY\backend\src\routes\main.route.ts:19:33)
    at Object.<anonymous> (C:\Users\BTA\Desktop\PJ\THDELIVERY\backend\src\routes\main.route.ts:21:16)
    at Module._compile (node:internal/modules/cjs/loader:1706:14)
    at Object.transformer (C:\Users\BTA\Desktop\PJ\THDELIVERY\backend\node_modules\tsx\dist\register-D46fvsV_.cjs:3:1104)
    at Module.load (node:internal/modules/cjs/loader:1441:32)
    at Function._load (node:internal/modules/cjs/loader:1263:12)
    at TracingChannel.traceSync (node:diagnostics_channel:322:14)
    at wrapModuleLoad (node:internal/modules/cjs/loader:237:24)
    at Module.require (node:internal/modules/cjs/loader:1463:12)
    at require (node:internal/modules/helpers:147:16){"error":{},"exception":true,"date":"Mon Dec 22 2025 17:43:02 GMT-0300 (Brasilia Standard Time)","process":{"pid":6600,"uid":null,"gid":null,"cwd":"C:\\Users\\BTA\\Desktop\\PJ\\THDELIVERY\\backend","execPath":"C:\\Program Files\\nodejs\\node.exe","version":"v22.20.0","argv":["C:\\Program Files\\nodejs\\node.exe","C:\\Users\\BTA\\Desktop\\PJ\\THDELIVERY\\backend\\src\\server.ts"],"memoryUsage":{"rss":111132672,"heapTotal":40439808,"heapUsed":29455920,"external":5225006,"arrayBuffers":281715}},"os":{"loadavg":[0,0,0],"uptime":12355.203},"trace":[{"column":33,"file":"C:\\Users\\BTA\\Desktop\\PJ\\THDELIVERY\\backend\\src\\routes\\main.route.ts","function":"<anonymous>","line":19,"method":null,"native":false},{"column":16,"file":"C:\\Users\\BTA\\Desktop\\PJ\\THDELIVERY\\backend\\src\\routes\\main.route.ts","function":null,"line":21,"method":null,"native":false},{"column":14,"file":"node:internal/modules/cjs/loader","function":"Module._compile","line":1706,"method":"_compile","native":false},{"column":1104,"file":"C:\\Users\\BTA\\Desktop\\PJ\\THDELIVERY\\backend\\node_modules\\tsx\\dist\\register-D46fvsV_.cjs","function":"Object.transformer","line":3,"method":"transformer","native":false},{"column":32,"file":"node:internal/modules/cjs/loader","function":"Module.load","line":1441,"method":"load","native":false},{"column":12,"file":"node:internal/modules/cjs/loader","function":"Function._load","line":1263,"method":"_load","native":false},{"column":14,"file":"node:diagnostics_channel","function":"TracingChannel.traceSync","line":322,"method":"traceSync","native":false},{"column":24,"file":"node:internal/modules/cjs/loader","function":"wrapModuleLoad","line":237,"method":null,"native":false},{"column":12,"file":"node:internal/modules/cjs/loader","function":"Module.require","line":1463,"method":"require","native":false},{"column":16,"file":"node:internal/modules/helpers","function":"require","line":147,"method":null,"native":false}]}
[2025-12-22T21:03:29.810Z] [31merror[39m: uncaughtException: Transform failed with 1 error:
C:\Users\BTA\Desktop\PJ\THDELIVERY\backend\src\modules\order\order.controller.ts:23:38: ERROR: Expected identifier but found "("
Error: Transform failed with 1 error:
C:\Users\BTA\Desktop\PJ\THDELIVERY\backend\src\modules\order\order.controller.ts:23:38: ERROR: Expected identifier but found "("
    at failureErrorWithLog (C:\Users\BTA\Desktop\PJ\THDELIVERY\backend\node_modules\esbuild\lib\main.js:1467:15)
    at C:\Users\BTA\Desktop\PJ\THDELIVERY\backend\node_modules\esbuild\lib\main.js:736:50
    at responseCallbacks.<computed> (C:\Users\BTA\Desktop\PJ\THDELIVERY\backend\node_modules\esbuild\lib\main.js:603:9)
    at handleIncomingPacket (C:\Users\BTA\Desktop\PJ\THDELIVERY\backend\node_modules\esbuild\lib\main.js:658:12)
    at Socket.readFromStdout (C:\Users\BTA\Desktop\PJ\THDELIVERY\backend\node_modules\esbuild\lib\main.js:581:7)
    at Socket.emit (node:events:519:28)
    at addChunk (node:internal/streams/readable:561:12)
    at readableAddChunkPushByteMode (node:internal/streams/readable:512:3)
    at Readable.push (node:internal/streams/readable:392:5)
    at Pipe.onStreamRead (node:internal/stream_base_commons:189:23)
Error: Transform failed with 1 error:
C:\Users\BTA\Desktop\PJ\THDELIVERY\backend\src\modules\order\order.controller.ts:23:38: ERROR: Expected identifier but found "("
    at failureErrorWithLog (C:\Users\BTA\Desktop\PJ\THDELIVERY\backend\node_modules\esbuild\lib\main.js:1467:15)
    at C:\Users\BTA\Desktop\PJ\THDELIVERY\backend\node_modules\esbuild\lib\main.js:736:50
    at responseCallbacks.<computed> (C:\Users\BTA\Desktop\PJ\THDELIVERY\backend\node_modules\esbuild\lib\main.js:603:9)
    at handleIncomingPacket (C:\Users\BTA\Desktop\PJ\THDELIVERY\backend\node_modules\esbuild\lib\main.js:658:12)
    at Socket.readFromStdout (C:\Users\BTA\Desktop\PJ\THDELIVERY\backend\node_modules\esbuild\lib\main.js:581:7)
    at Socket.emit (node:events:519:28)
    at addChunk (node:internal/streams/readable:561:12)
    at readableAddChunkPushByteMode (node:internal/streams/readable:512:3)
    at Readable.push (node:internal/streams/readable:392:5)
    at Pipe.onStreamRead (node:internal/stream_base_commons:189:23){"error":{"name":"TransformError"},"exception":true,"date":"Mon Dec 22 2025 18:03:29 GMT-0300 (Brasilia Standard Time)","process":{"pid":17856,"uid":null,"gid":null,"cwd":"C:\\Users\\BTA\\Desktop\\PJ\\THDELIVERY\\backend","execPath":"C:\\Program Files\\nodejs\\node.exe","version":"v22.20.0","argv":["C:\\Program Files\\nodejs\\node.exe","C:\\Users\\BTA\\Desktop\\PJ\\THDELIVERY\\backend\\src\\server.ts"],"memoryUsage":{"rss":112398336,"heapTotal":40177664,"heapUsed":28419608,"external":5208422,"arrayBuffers":265131}},"os":{"loadavg":[0,0,0],"uptime":13582.515},"trace":[{"column":15,"file":"C:\\Users\\BTA\\Desktop\\PJ\\THDELIVERY\\backend\\node_modules\\esbuild\\lib\\main.js","function":"failureErrorWithLog","line":1467,"method":null,"native":false},{"column":50,"file":"C:\\Users\\BTA\\Desktop\\PJ\\THDELIVERY\\backend\\node_modules\\esbuild\\lib\\main.js","function":null,"line":736,"method":null,"native":false},{"column":9,"file":"C:\\Users\\BTA\\Desktop\\PJ\\THDELIVERY\\backend\\node_modules\\esbuild\\lib\\main.js","function":"responseCallbacks.<computed>","line":603,"method":"<computed>","native":false},{"column":12,"file":"C:\\Users\\BTA\\Desktop\\PJ\\THDELIVERY\\backend\\node_modules\\esbuild\\lib\\main.js","function":"handleIncomingPacket","line":658,"method":null,"native":false},{"column":7,"file":"C:\\Users\\BTA\\Desktop\\PJ\\THDELIVERY\\backend\\node_modules\\esbuild\\lib\\main.js","function":"Socket.readFromStdout","line":581,"method":"readFromStdout","native":false},{"column":28,"file":"node:events","function":"Socket.emit","line":519,"method":"emit","native":false},{"column":12,"file":"node:internal/streams/readable","function":"addChunk","line":561,"method":null,"native":false},{"column":3,"file":"node:internal/streams/readable","function":"readableAddChunkPushByteMode","line":512,"method":null,"native":false},{"column":5,"file":"node:internal/streams/readable","function":"Readable.push","line":392,"method":"push","native":false},{"column":23,"file":"node:internal/stream_base_commons","function":"Pipe.onStreamRead","line":189,"method":"onStreamRead","native":false}]}
[2025-12-22T21:03:48.236Z] [31merror[39m: uncaughtException: Transform failed with 1 error:
C:\Users\BTA\Desktop\PJ\THDELIVERY\backend\src\modules\order\order.controller.ts:23:38: ERROR: Expected identifier but found "("
Error: Transform failed with 1 error:
C:\Users\BTA\Desktop\PJ\THDELIVERY\backend\src\modules\order\order.controller.ts:23:38: ERROR: Expected identifier but found "("
    at failureErrorWithLog (C:\Users\BTA\Desktop\PJ\THDELIVERY\backend\node_modules\esbuild\lib\main.js:1467:15)
    at C:\Users\BTA\Desktop\PJ\THDELIVERY\backend\node_modules\esbuild\lib\main.js:736:50
    at responseCallbacks.<computed> (C:\Users\BTA\Desktop\PJ\THDELIVERY\backend\node_modules\esbuild\lib\main.js:603:9)
    at handleIncomingPacket (C:\Users\BTA\Desktop\PJ\THDELIVERY\backend\node_modules\esbuild\lib\main.js:658:12)
    at Socket.readFromStdout (C:\Users\BTA\Desktop\PJ\THDELIVERY\backend\node_modules\esbuild\lib\main.js:581:7)
    at Socket.emit (node:events:519:28)
    at addChunk (node:internal/streams/readable:561:12)
    at readableAddChunkPushByteMode (node:internal/streams/readable:512:3)
    at Readable.push (node:internal/streams/readable:392:5)
    at Pipe.onStreamRead (node:internal/stream_base_commons:189:23)
Error: Transform failed with 1 error:
C:\Users\BTA\Desktop\PJ\THDELIVERY\backend\src\modules\order\order.controller.ts:23:38: ERROR: Expected identifier but found "("
    at failureErrorWithLog (C:\Users\BTA\Desktop\PJ\THDELIVERY\backend\node_modules\esbuild\lib\main.js:1467:15)
    at C:\Users\BTA\Desktop\PJ\THDELIVERY\backend\node_modules\esbuild\lib\main.js:736:50
    at responseCallbacks.<computed> (C:\Users\BTA\Desktop\PJ\THDELIVERY\backend\node_modules\esbuild\lib\main.js:603:9)
    at handleIncomingPacket (C:\Users\BTA\Desktop\PJ\THDELIVERY\backend\node_modules\esbuild\lib\main.js:658:12)
    at Socket.readFromStdout (C:\Users\BTA\Desktop\PJ\THDELIVERY\backend\node_modules\esbuild\lib\main.js:581:7)
    at Socket.emit (node:events:519:28)
    at addChunk (node:internal/streams/readable:561:12)
    at readableAddChunkPushByteMode (node:internal/streams/readable:512:3)
    at Readable.push (node:internal/streams/readable:392:5)
    at Pipe.onStreamRead (node:internal/stream_base_commons:189:23){"error":{"name":"TransformError"},"exception":true,"date":"Mon Dec 22 2025 18:03:48 GMT-0300 (Brasilia Standard Time)","process":{"pid":18072,"uid":null,"gid":null,"cwd":"C:\\Users\\BTA\\Desktop\\PJ\\THDELIVERY\\backend","execPath":"C:\\Program Files\\nodejs\\node.exe","version":"v22.20.0","argv":["C:\\Program Files\\nodejs\\node.exe","C:\\Users\\BTA\\Desktop\\PJ\\THDELIVERY\\backend\\src\\server.ts"],"memoryUsage":{"rss":112353280,"heapTotal":40177664,"heapUsed":28421576,"external":5208422,"arrayBuffers":265131}},"os":{"loadavg":[0,0,0],"uptime":13600.937},"trace":[{"column":15,"file":"C:\\Users\\BTA\\Desktop\\PJ\\THDELIVERY\\backend\\node_modules\\esbuild\\lib\\main.js","function":"failureErrorWithLog","line":1467,"method":null,"native":false},{"column":50,"file":"C:\\Users\\BTA\\Desktop\\PJ\\THDELIVERY\\backend\\node_modules\\esbuild\\lib\\main.js","function":null,"line":736,"method":null,"native":false},{"column":9,"file":"C:\\Users\\BTA\\Desktop\\PJ\\THDELIVERY\\backend\\node_modules\\esbuild\\lib\\main.js","function":"responseCallbacks.<computed>","line":603,"method":"<computed>","native":false},{"column":12,"file":"C:\\Users\\BTA\\Desktop\\PJ\\THDELIVERY\\backend\\node_modules\\esbuild\\lib\\main.js","function":"handleIncomingPacket","line":658,"method":null,"native":false},{"column":7,"file":"C:\\Users\\BTA\\Desktop\\PJ\\THDELIVERY\\backend\\node_modules\\esbuild\\lib\\main.js","function":"Socket.readFromStdout","line":581,"method":"readFromStdout","native":false},{"column":28,"file":"node:events","function":"Socket.emit","line":519,"method":"emit","native":false},{"column":12,"file":"node:internal/streams/readable","function":"addChunk","line":561,"method":null,"native":false},{"column":3,"file":"node:internal/streams/readable","function":"readableAddChunkPushByteMode","line":512,"method":null,"native":false},{"column":5,"file":"node:internal/streams/readable","function":"Readable.push","line":392,"method":"push","native":false},{"column":23,"file":"node:internal/stream_base_commons","function":"Pipe.onStreamRead","line":189,"method":"onStreamRead","native":false}]}
[2025-12-22T21:03:54.474Z] [31merror[39m: uncaughtException: Transform failed with 1 error:
C:\Users\BTA\Desktop\PJ\THDELIVERY\backend\src\modules\order\order.controller.ts:23:38: ERROR: Expected identifier but found "("
Error: Transform failed with 1 error:
C:\Users\BTA\Desktop\PJ\THDELIVERY\backend\src\modules\order\order.controller.ts:23:38: ERROR: Expected identifier but found "("
    at failureErrorWithLog (C:\Users\BTA\Desktop\PJ\THDELIVERY\backend\node_modules\esbuild\lib\main.js:1467:15)
    at C:\Users\BTA\Desktop\PJ\THDELIVERY\backend\node_modules\esbuild\lib\main.js:736:50
    at responseCallbacks.<computed> (C:\Users\BTA\Desktop\PJ\THDELIVERY\backend\node_modules\esbuild\lib\main.js:603:9)
    at handleIncomingPacket (C:\Users\BTA\Desktop\PJ\THDELIVERY\backend\node_modules\esbuild\lib\main.js:658:12)
    at Socket.readFromStdout (C:\Users\BTA\Desktop\PJ\THDELIVERY\backend\node_modules\esbuild\lib\main.js:581:7)
    at Socket.emit (node:events:519:28)
    at addChunk (node:internal/streams/readable:561:12)
    at readableAddChunkPushByteMode (node:internal/streams/readable:512:3)
    at Readable.push (node:internal/streams/readable:392:5)
    at Pipe.onStreamRead (node:internal/stream_base_commons:189:23)
Error: Transform failed with 1 error:
C:\Users\BTA\Desktop\PJ\THDELIVERY\backend\src\modules\order\order.controller.ts:23:38: ERROR: Expected identifier but found "("
    at failureErrorWithLog (C:\Users\BTA\Desktop\PJ\THDELIVERY\backend\node_modules\esbuild\lib\main.js:1467:15)
    at C:\Users\BTA\Desktop\PJ\THDELIVERY\backend\node_modules\esbuild\lib\main.js:736:50
    at responseCallbacks.<computed> (C:\Users\BTA\Desktop\PJ\THDELIVERY\backend\node_modules\esbuild\lib\main.js:603:9)
    at handleIncomingPacket (C:\Users\BTA\Desktop\PJ\THDELIVERY\backend\node_modules\esbuild\lib\main.js:658:12)
    at Socket.readFromStdout (C:\Users\BTA\Desktop\PJ\THDELIVERY\backend\node_modules\esbuild\lib\main.js:581:7)
    at Socket.emit (node:events:519:28)
    at addChunk (node:internal/streams/readable:561:12)
    at readableAddChunkPushByteMode (node:internal/streams/readable:512:3)
    at Readable.push (node:internal/streams/readable:392:5)
    at Pipe.onStreamRead (node:internal/stream_base_commons:189:23){"error":{"name":"TransformError"},"exception":true,"date":"Mon Dec 22 2025 18:03:54 GMT-0300 (Brasilia Standard Time)","process":{"pid":9172,"uid":null,"gid":null,"cwd":"C:\\Users\\BTA\\Desktop\\PJ\\THDELIVERY\\backend","execPath":"C:\\Program Files\\nodejs\\node.exe","version":"v22.20.0","argv":["C:\\Program Files\\nodejs\\node.exe","C:\\Users\\BTA\\Desktop\\PJ\\THDELIVERY\\backend\\src\\server.ts"],"memoryUsage":{"rss":112295936,"heapTotal":39936000,"heapUsed":27467288,"external":5208426,"arrayBuffers":265135}},"os":{"loadavg":[0,0,0],"uptime":13607.171},"trace":[{"column":15,"file":"C:\\Users\\BTA\\Desktop\\PJ\\THDELIVERY\\backend\\node_modules\\esbuild\\lib\\main.js","function":"failureErrorWithLog","line":1467,"method":null,"native":false},{"column":50,"file":"C:\\Users\\BTA\\Desktop\\PJ\\THDELIVERY\\backend\\node_modules\\esbuild\\lib\\main.js","function":null,"line":736,"method":null,"native":false},{"column":9,"file":"C:\\Users\\BTA\\Desktop\\PJ\\THDELIVERY\\backend\\node_modules\\esbuild\\lib\\main.js","function":"responseCallbacks.<computed>","line":603,"method":"<computed>","native":false},{"column":12,"file":"C:\\Users\\BTA\\Desktop\\PJ\\THDELIVERY\\backend\\node_modules\\esbuild\\lib\\main.js","function":"handleIncomingPacket","line":658,"method":null,"native":false},{"column":7,"file":"C:\\Users\\BTA\\Desktop\\PJ\\THDELIVERY\\backend\\node_modules\\esbuild\\lib\\main.js","function":"Socket.readFromStdout","line":581,"method":"readFromStdout","native":false},{"column":28,"file":"node:events","function":"Socket.emit","line":519,"method":"emit","native":false},{"column":12,"file":"node:internal/streams/readable","function":"addChunk","line":561,"method":null,"native":false},{"column":3,"file":"node:internal/streams/readable","function":"readableAddChunkPushByteMode","line":512,"method":null,"native":false},{"column":5,"file":"node:internal/streams/readable","function":"Readable.push","line":392,"method":"push","native":false},{"column":23,"file":"node:internal/stream_base_commons","function":"Pipe.onStreamRead","line":189,"method":"onStreamRead","native":false}]}
[2025-12-22T21:04:01.076Z] [31merror[39m: uncaughtException: Transform failed with 1 error:
C:\Users\BTA\Desktop\PJ\THDELIVERY\backend\src\modules\order\order.controller.ts:23:38: ERROR: Expected identifier but found "("
Error: Transform failed with 1 error:
C:\Users\BTA\Desktop\PJ\THDELIVERY\backend\src\modules\order\order.controller.ts:23:38: ERROR: Expected identifier but found "("
    at failureErrorWithLog (C:\Users\BTA\Desktop\PJ\THDELIVERY\backend\node_modules\esbuild\lib\main.js:1467:15)
    at C:\Users\BTA\Desktop\PJ\THDELIVERY\backend\node_modules\esbuild\lib\main.js:736:50
    at responseCallbacks.<computed> (C:\Users\BTA\Desktop\PJ\THDELIVERY\backend\node_modules\esbuild\lib\main.js:603:9)
    at handleIncomingPacket (C:\Users\BTA\Desktop\PJ\THDELIVERY\backend\node_modules\esbuild\lib\main.js:658:12)
    at Socket.readFromStdout (C:\Users\BTA\Desktop\PJ\THDELIVERY\backend\node_modules\esbuild\lib\main.js:581:7)
    at Socket.emit (node:events:519:28)
    at addChunk (node:internal/streams/readable:561:12)
    at readableAddChunkPushByteMode (node:internal/streams/readable:512:3)
    at Readable.push (node:internal/streams/readable:392:5)
    at Pipe.onStreamRead (node:internal/stream_base_commons:189:23)
Error: Transform failed with 1 error:
C:\Users\BTA\Desktop\PJ\THDELIVERY\backend\src\modules\order\order.controller.ts:23:38: ERROR: Expected identifier but found "("
    at failureErrorWithLog (C:\Users\BTA\Desktop\PJ\THDELIVERY\backend\node_modules\esbuild\lib\main.js:1467:15)
    at C:\Users\BTA\Desktop\PJ\THDELIVERY\backend\node_modules\esbuild\lib\main.js:736:50
    at responseCallbacks.<computed> (C:\Users\BTA\Desktop\PJ\THDELIVERY\backend\node_modules\esbuild\lib\main.js:603:9)
    at handleIncomingPacket (C:\Users\BTA\Desktop\PJ\THDELIVERY\backend\node_modules\esbuild\lib\main.js:658:12)
    at Socket.readFromStdout (C:\Users\BTA\Desktop\PJ\THDELIVERY\backend\node_modules\esbuild\lib\main.js:581:7)
    at Socket.emit (node:events:519:28)
    at addChunk (node:internal/streams/readable:561:12)
    at readableAddChunkPushByteMode (node:internal/streams/readable:512:3)
    at Readable.push (node:internal/streams/readable:392:5)
    at Pipe.onStreamRead (node:internal/stream_base_commons:189:23){"error":{"name":"TransformError"},"exception":true,"date":"Mon Dec 22 2025 18:04:01 GMT-0300 (Brasilia Standard Time)","process":{"pid":14700,"uid":null,"gid":null,"cwd":"C:\\Users\\BTA\\Desktop\\PJ\\THDELIVERY\\backend","execPath":"C:\\Program Files\\nodejs\\node.exe","version":"v22.20.0","argv":["C:\\Program Files\\nodejs\\node.exe","C:\\Users\\BTA\\Desktop\\PJ\\THDELIVERY\\backend\\src\\server.ts"],"memoryUsage":{"rss":112533504,"heapTotal":39915520,"heapUsed":28420448,"external":5208422,"arrayBuffers":265131}},"os":{"loadavg":[0,0,0],"uptime":13613.781},"trace":[{"column":15,"file":"C:\\Users\\BTA\\Desktop\\PJ\\THDELIVERY\\backend\\node_modules\\esbuild\\lib\\main.js","function":"failureErrorWithLog","line":1467,"method":null,"native":false},{"column":50,"file":"C:\\Users\\BTA\\Desktop\\PJ\\THDELIVERY\\backend\\node_modules\\esbuild\\lib\\main.js","function":null,"line":736,"method":null,"native":false},{"column":9,"file":"C:\\Users\\BTA\\Desktop\\PJ\\THDELIVERY\\backend\\node_modules\\esbuild\\lib\\main.js","function":"responseCallbacks.<computed>","line":603,"method":"<computed>","native":false},{"column":12,"file":"C:\\Users\\BTA\\Desktop\\PJ\\THDELIVERY\\backend\\node_modules\\esbuild\\lib\\main.js","function":"handleIncomingPacket","line":658,"method":null,"native":false},{"column":7,"file":"C:\\Users\\BTA\\Desktop\\PJ\\THDELIVERY\\backend\\node_modules\\esbuild\\lib\\main.js","function":"Socket.readFromStdout","line":581,"method":"readFromStdout","native":false},{"column":28,"file":"node:events","function":"Socket.emit","line":519,"method":"emit","native":false},{"column":12,"file":"node:internal/streams/readable","function":"addChunk","line":561,"method":null,"native":false},{"column":3,"file":"node:internal/streams/readable","function":"readableAddChunkPushByteMode","line":512,"method":null,"native":false},{"column":5,"file":"node:internal/streams/readable","function":"Readable.push","line":392,"method":"push","native":false},{"column":23,"file":"node:internal/stream_base_commons","function":"Pipe.onStreamRead","line":189,"method":"onStreamRead","native":false}]}
[2025-12-22T21:04:06.038Z] [31merror[39m: uncaughtException: Transform failed with 1 error:
C:\Users\BTA\Desktop\PJ\THDELIVERY\backend\src\modules\order\order.controller.ts:23:38: ERROR: Expected identifier but found "("
Error: Transform failed with 1 error:
C:\Users\BTA\Desktop\PJ\THDELIVERY\backend\src\modules\order\order.controller.ts:23:38: ERROR: Expected identifier but found "("
    at failureErrorWithLog (C:\Users\BTA\Desktop\PJ\THDELIVERY\backend\node_modules\esbuild\lib\main.js:1467:15)
    at C:\Users\BTA\Desktop\PJ\THDELIVERY\backend\node_modules\esbuild\lib\main.js:736:50
    at responseCallbacks.<computed> (C:\Users\BTA\Desktop\PJ\THDELIVERY\backend\node_modules\esbuild\lib\main.js:603:9)
    at handleIncomingPacket (C:\Users\BTA\Desktop\PJ\THDELIVERY\backend\node_modules\esbuild\lib\main.js:658:12)
    at Socket.readFromStdout (C:\Users\BTA\Desktop\PJ\THDELIVERY\backend\node_modules\esbuild\lib\main.js:581:7)
    at Socket.emit (node:events:519:28)
    at addChunk (node:internal/streams/readable:561:12)
    at readableAddChunkPushByteMode (node:internal/streams/readable:512:3)
    at Readable.push (node:internal/streams/readable:392:5)
    at Pipe.onStreamRead (node:internal/stream_base_commons:189:23)
Error: Transform failed with 1 error:
C:\Users\BTA\Desktop\PJ\THDELIVERY\backend\src\modules\order\order.controller.ts:23:38: ERROR: Expected identifier but found "("
    at failureErrorWithLog (C:\Users\BTA\Desktop\PJ\THDELIVERY\backend\node_modules\esbuild\lib\main.js:1467:15)
    at C:\Users\BTA\Desktop\PJ\THDELIVERY\backend\node_modules\esbuild\lib\main.js:736:50
    at responseCallbacks.<computed> (C:\Users\BTA\Desktop\PJ\THDELIVERY\backend\node_modules\esbuild\lib\main.js:603:9)
    at handleIncomingPacket (C:\Users\BTA\Desktop\PJ\THDELIVERY\backend\node_modules\esbuild\lib\main.js:658:12)
    at Socket.readFromStdout (C:\Users\BTA\Desktop\PJ\THDELIVERY\backend\node_modules\esbuild\lib\main.js:581:7)
    at Socket.emit (node:events:519:28)
    at addChunk (node:internal/streams/readable:561:12)
    at readableAddChunkPushByteMode (node:internal/streams/readable:512:3)
    at Readable.push (node:internal/streams/readable:392:5)
    at Pipe.onStreamRead (node:internal/stream_base_commons:189:23){"error":{"name":"TransformError"},"exception":true,"date":"Mon Dec 22 2025 18:04:06 GMT-0300 (Brasilia Standard Time)","process":{"pid":4668,"uid":null,"gid":null,"cwd":"C:\\Users\\BTA\\Desktop\\PJ\\THDELIVERY\\backend","execPath":"C:\\Program Files\\nodejs\\node.exe","version":"v22.20.0","argv":["C:\\Program Files\\nodejs\\node.exe","C:\\Users\\BTA\\Desktop\\PJ\\THDELIVERY\\backend\\src\\server.ts"],"memoryUsage":{"rss":112381952,"heapTotal":40177664,"heapUsed":28420320,"external":5208422,"arrayBuffers":265131}},"os":{"loadavg":[0,0,0],"uptime":13618.734},"trace":[{"column":15,"file":"C:\\Users\\BTA\\Desktop\\PJ\\THDELIVERY\\backend\\node_modules\\esbuild\\lib\\main.js","function":"failureErrorWithLog","line":1467,"method":null,"native":false},{"column":50,"file":"C:\\Users\\BTA\\Desktop\\PJ\\THDELIVERY\\backend\\node_modules\\esbuild\\lib\\main.js","function":null,"line":736,"method":null,"native":false},{"column":9,"file":"C:\\Users\\BTA\\Desktop\\PJ\\THDELIVERY\\backend\\node_modules\\esbuild\\lib\\main.js","function":"responseCallbacks.<computed>","line":603,"method":"<computed>","native":false},{"column":12,"file":"C:\\Users\\BTA\\Desktop\\PJ\\THDELIVERY\\backend\\node_modules\\esbuild\\lib\\main.js","function":"handleIncomingPacket","line":658,"method":null,"native":false},{"column":7,"file":"C:\\Users\\BTA\\Desktop\\PJ\\THDELIVERY\\backend\\node_modules\\esbuild\\lib\\main.js","function":"Socket.readFromStdout","line":581,"method":"readFromStdout","native":false},{"column":28,"file":"node:events","function":"Socket.emit","line":519,"method":"emit","native":false},{"column":12,"file":"node:internal/streams/readable","function":"addChunk","line":561,"method":null,"native":false},{"column":3,"file":"node:internal/streams/readable","function":"readableAddChunkPushByteMode","line":512,"method":null,"native":false},{"column":5,"file":"node:internal/streams/readable","function":"Readable.push","line":392,"method":"push","native":false},{"column":23,"file":"node:internal/stream_base_commons","function":"Pipe.onStreamRead","line":189,"method":"onStreamRead","native":false}]}
[2025-12-22T21:09:39.007Z] [31merror[39m: uncaughtException: Transform failed with 4 errors:
C:\Users\BTA\Desktop\PJ\THDELIVERY\backend\src\modules\order\order.schema.ts:40:13: ERROR: Multiple exports with the same name "updateOrderStatusSchema"
C:\Users\BTA\Desktop\PJ\THDELIVERY\backend\src\modules\order\order.schema.ts:40:13: ERROR: The symbol "updateOrderStatusSchema" has already been declared
C:\Users\BTA\Desktop\PJ\THDELIVERY\backend\src\modules\order\order.schema.ts:43:13: ERROR: Multiple exports with the same name "calcFreightSchema"
C:\Users\BTA\Desktop\PJ\THDELIVERY\backend\src\modules\order\order.schema.ts:43:13: ERROR: The symbol "calcFreightSchema" has already been declared
Error: Transform failed with 4 errors:
C:\Users\BTA\Desktop\PJ\THDELIVERY\backend\src\modules\order\order.schema.ts:40:13: ERROR: Multiple exports with the same name "updateOrderStatusSchema"
C:\Users\BTA\Desktop\PJ\THDELIVERY\backend\src\modules\order\order.schema.ts:40:13: ERROR: The symbol "updateOrderStatusSchema" has already been declared
C:\Users\BTA\Desktop\PJ\THDELIVERY\backend\src\modules\order\order.schema.ts:43:13: ERROR: Multiple exports with the same name "calcFreightSchema"
C:\Users\BTA\Desktop\PJ\THDELIVERY\backend\src\modules\order\order.schema.ts:43:13: ERROR: The symbol "calcFreightSchema" has already been declared
    at failureErrorWithLog (C:\Users\BTA\Desktop\PJ\THDELIVERY\backend\node_modules\esbuild\lib\main.js:1467:15)
    at C:\Users\BTA\Desktop\PJ\THDELIVERY\backend\node_modules\esbuild\lib\main.js:736:50
    at responseCallbacks.<computed> (C:\Users\BTA\Desktop\PJ\THDELIVERY\backend\node_modules\esbuild\lib\main.js:603:9)
    at handleIncomingPacket (C:\Users\BTA\Desktop\PJ\THDELIVERY\backend\node_modules\esbuild\lib\main.js:658:12)
    at Socket.readFromStdout (C:\Users\BTA\Desktop\PJ\THDELIVERY\backend\node_modules\esbuild\lib\main.js:581:7)
    at Socket.emit (node:events:519:28)
    at addChunk (node:internal/streams/readable:561:12)
    at readableAddChunkPushByteMode (node:internal/streams/readable:512:3)
    at Readable.push (node:internal/streams/readable:392:5)
    at Pipe.onStreamRead (node:internal/stream_base_commons:189:23)
Error: Transform failed with 4 errors:
C:\Users\BTA\Desktop\PJ\THDELIVERY\backend\src\modules\order\order.schema.ts:40:13: ERROR: Multiple exports with the same name "updateOrderStatusSchema"
C:\Users\BTA\Desktop\PJ\THDELIVERY\backend\src\modules\order\order.schema.ts:40:13: ERROR: The symbol "updateOrderStatusSchema" has already been declared
C:\Users\BTA\Desktop\PJ\THDELIVERY\backend\src\modules\order\order.schema.ts:43:13: ERROR: Multiple exports with the same name "calcFreightSchema"
C:\Users\BTA\Desktop\PJ\THDELIVERY\backend\src\modules\order\order.schema.ts:43:13: ERROR: The symbol "calcFreightSchema" has already been declared
    at failureErrorWithLog (C:\Users\BTA\Desktop\PJ\THDELIVERY\backend\node_modules\esbuild\lib\main.js:1467:15)
    at C:\Users\BTA\Desktop\PJ\THDELIVERY\backend\node_modules\esbuild\lib\main.js:736:50
    at responseCallbacks.<computed> (C:\Users\BTA\Desktop\PJ\THDELIVERY\backend\node_modules\esbuild\lib\main.js:603:9)
    at handleIncomingPacket (C:\Users\BTA\Desktop\PJ\THDELIVERY\backend\node_modules\esbuild\lib\main.js:658:12)
    at Socket.readFromStdout (C:\Users\BTA\Desktop\PJ\THDELIVERY\backend\node_modules\esbuild\lib\main.js:581:7)
    at Socket.emit (node:events:519:28)
    at addChunk (node:internal/streams/readable:561:12)
    at readableAddChunkPushByteMode (node:internal/streams/readable:512:3)
    at Readable.push (node:internal/streams/readable:392:5)
    at Pipe.onStreamRead (node:internal/stream_base_commons:189:23){"error":{"name":"TransformError"},"exception":true,"date":"Mon Dec 22 2025 18:09:39 GMT-0300 (Brasilia Standard Time)","process":{"pid":6776,"uid":null,"gid":null,"cwd":"C:\\Users\\BTA\\Desktop\\PJ\\THDELIVERY\\backend","execPath":"C:\\Program Files\\nodejs\\node.exe","version":"v22.20.0","argv":["C:\\Program Files\\nodejs\\node.exe","C:\\Users\\BTA\\Desktop\\PJ\\THDELIVERY\\backend\\src\\server.ts"],"memoryUsage":{"rss":112558080,"heapTotal":40177664,"heapUsed":28656184,"external":5216614,"arrayBuffers":273323}},"os":{"loadavg":[0,0,0],"uptime":13951.703},"trace":[{"column":15,"file":"C:\\Users\\BTA\\Desktop\\PJ\\THDELIVERY\\backend\\node_modules\\esbuild\\lib\\main.js","function":"failureErrorWithLog","line":1467,"method":null,"native":false},{"column":50,"file":"C:\\Users\\BTA\\Desktop\\PJ\\THDELIVERY\\backend\\node_modules\\esbuild\\lib\\main.js","function":null,"line":736,"method":null,"native":false},{"column":9,"file":"C:\\Users\\BTA\\Desktop\\PJ\\THDELIVERY\\backend\\node_modules\\esbuild\\lib\\main.js","function":"responseCallbacks.<computed>","line":603,"method":"<computed>","native":false},{"column":12,"file":"C:\\Users\\BTA\\Desktop\\PJ\\THDELIVERY\\backend\\node_modules\\esbuild\\lib\\main.js","function":"handleIncomingPacket","line":658,"method":null,"native":false},{"column":7,"file":"C:\\Users\\BTA\\Desktop\\PJ\\THDELIVERY\\backend\\node_modules\\esbuild\\lib\\main.js","function":"Socket.readFromStdout","line":581,"method":"readFromStdout","native":false},{"column":28,"file":"node:events","function":"Socket.emit","line":519,"method":"emit","native":false},{"column":12,"file":"node:internal/streams/readable","function":"addChunk","line":561,"method":null,"native":false},{"column":3,"file":"node:internal/streams/readable","function":"readableAddChunkPushByteMode","line":512,"method":null,"native":false},{"column":5,"file":"node:internal/streams/readable","function":"Readable.push","line":392,"method":"push","native":false},{"column":23,"file":"node:internal/stream_base_commons","function":"Pipe.onStreamRead","line":189,"method":"onStreamRead","native":false}]}
[2025-12-22T21:12:06.972Z] [31merror[39m: uncaughtException: Transform failed with 1 error:
C:\Users\BTA\Desktop\PJ\THDELIVERY\backend\src\modules\order\order.service.ts:69:20: ERROR: Unexpected "."
Error: Transform failed with 1 error:
C:\Users\BTA\Desktop\PJ\THDELIVERY\backend\src\modules\order\order.service.ts:69:20: ERROR: Unexpected "."
    at failureErrorWithLog (C:\Users\BTA\Desktop\PJ\THDELIVERY\backend\node_modules\esbuild\lib\main.js:1467:15)
    at C:\Users\BTA\Desktop\PJ\THDELIVERY\backend\node_modules\esbuild\lib\main.js:736:50
    at responseCallbacks.<computed> (C:\Users\BTA\Desktop\PJ\THDELIVERY\backend\node_modules\esbuild\lib\main.js:603:9)
    at handleIncomingPacket (C:\Users\BTA\Desktop\PJ\THDELIVERY\backend\node_modules\esbuild\lib\main.js:658:12)
    at Socket.readFromStdout (C:\Users\BTA\Desktop\PJ\THDELIVERY\backend\node_modules\esbuild\lib\main.js:581:7)
    at Socket.emit (node:events:519:28)
    at addChunk (node:internal/streams/readable:561:12)
    at readableAddChunkPushByteMode (node:internal/streams/readable:512:3)
    at Readable.push (node:internal/streams/readable:392:5)
    at Pipe.onStreamRead (node:internal/stream_base_commons:189:23)
Error: Transform failed with 1 error:
C:\Users\BTA\Desktop\PJ\THDELIVERY\backend\src\modules\order\order.service.ts:69:20: ERROR: Unexpected "."
    at failureErrorWithLog (C:\Users\BTA\Desktop\PJ\THDELIVERY\backend\node_modules\esbuild\lib\main.js:1467:15)
    at C:\Users\BTA\Desktop\PJ\THDELIVERY\backend\node_modules\esbuild\lib\main.js:736:50
    at responseCallbacks.<computed> (C:\Users\BTA\Desktop\PJ\THDELIVERY\backend\node_modules\esbuild\lib\main.js:603:9)
    at handleIncomingPacket (C:\Users\BTA\Desktop\PJ\THDELIVERY\backend\node_modules\esbuild\lib\main.js:658:12)
    at Socket.readFromStdout (C:\Users\BTA\Desktop\PJ\THDELIVERY\backend\node_modules\esbuild\lib\main.js:581:7)
    at Socket.emit (node:events:519:28)
    at addChunk (node:internal/streams/readable:561:12)
    at readableAddChunkPushByteMode (node:internal/streams/readable:512:3)
    at Readable.push (node:internal/streams/readable:392:5)
    at Pipe.onStreamRead (node:internal/stream_base_commons:189:23){"error":{"name":"TransformError"},"exception":true,"date":"Mon Dec 22 2025 18:12:06 GMT-0300 (Brasilia Standard Time)","process":{"pid":8260,"uid":null,"gid":null,"cwd":"C:\\Users\\BTA\\Desktop\\PJ\\THDELIVERY\\backend","execPath":"C:\\Program Files\\nodejs\\node.exe","version":"v22.20.0","argv":["C:\\Program Files\\nodejs\\node.exe","C:\\Users\\BTA\\Desktop\\PJ\\THDELIVERY\\backend\\src\\server.ts"],"memoryUsage":{"rss":112189440,"heapTotal":39936000,"heapUsed":27455608,"external":5208422,"arrayBuffers":265131}},"os":{"loadavg":[0,0,0],"uptime":14099.671},"trace":[{"column":15,"file":"C:\\Users\\BTA\\Desktop\\PJ\\THDELIVERY\\backend\\node_modules\\esbuild\\lib\\main.js","function":"failureErrorWithLog","line":1467,"method":null,"native":false},{"column":50,"file":"C:\\Users\\BTA\\Desktop\\PJ\\THDELIVERY\\backend\\node_modules\\esbuild\\lib\\main.js","function":null,"line":736,"method":null,"native":false},{"column":9,"file":"C:\\Users\\BTA\\Desktop\\PJ\\THDELIVERY\\backend\\node_modules\\esbuild\\lib\\main.js","function":"responseCallbacks.<computed>","line":603,"method":"<computed>","native":false},{"column":12,"file":"C:\\Users\\BTA\\Desktop\\PJ\\THDELIVERY\\backend\\node_modules\\esbuild\\lib\\main.js","function":"handleIncomingPacket","line":658,"method":null,"native":false},{"column":7,"file":"C:\\Users\\BTA\\Desktop\\PJ\\THDELIVERY\\backend\\node_modules\\esbuild\\lib\\main.js","function":"Socket.readFromStdout","line":581,"method":"readFromStdout","native":false},{"column":28,"file":"node:events","function":"Socket.emit","line":519,"method":"emit","native":false},{"column":12,"file":"node:internal/streams/readable","function":"addChunk","line":561,"method":null,"native":false},{"column":3,"file":"node:internal/streams/readable","function":"readableAddChunkPushByteMode","line":512,"method":null,"native":false},{"column":5,"file":"node:internal/streams/readable","function":"Readable.push","line":392,"method":"push","native":false},{"column":23,"file":"node:internal/stream_base_commons","function":"Pipe.onStreamRead","line":189,"method":"onStreamRead","native":false}]}
[2025-12-22T21:12:18.430Z] [31merror[39m: uncaughtException: Transform failed with 1 error:
C:\Users\BTA\Desktop\PJ\THDELIVERY\backend\src\modules\order\order.service.ts:69:20: ERROR: Unexpected "."
Error: Transform failed with 1 error:
C:\Users\BTA\Desktop\PJ\THDELIVERY\backend\src\modules\order\order.service.ts:69:20: ERROR: Unexpected "."
    at failureErrorWithLog (C:\Users\BTA\Desktop\PJ\THDELIVERY\backend\node_modules\esbuild\lib\main.js:1467:15)
    at C:\Users\BTA\Desktop\PJ\THDELIVERY\backend\node_modules\esbuild\lib\main.js:736:50
    at responseCallbacks.<computed> (C:\Users\BTA\Desktop\PJ\THDELIVERY\backend\node_modules\esbuild\lib\main.js:603:9)
    at handleIncomingPacket (C:\Users\BTA\Desktop\PJ\THDELIVERY\backend\node_modules\esbuild\lib\main.js:658:12)
    at Socket.readFromStdout (C:\Users\BTA\Desktop\PJ\THDELIVERY\backend\node_modules\esbuild\lib\main.js:581:7)
    at Socket.emit (node:events:519:28)
    at addChunk (node:internal/streams/readable:561:12)
    at readableAddChunkPushByteMode (node:internal/streams/readable:512:3)
    at Readable.push (node:internal/streams/readable:392:5)
    at Pipe.onStreamRead (node:internal/stream_base_commons:189:23)
Error: Transform failed with 1 error:
C:\Users\BTA\Desktop\PJ\THDELIVERY\backend\src\modules\order\order.service.ts:69:20: ERROR: Unexpected "."
    at failureErrorWithLog (C:\Users\BTA\Desktop\PJ\THDELIVERY\backend\node_modules\esbuild\lib\main.js:1467:15)
    at C:\Users\BTA\Desktop\PJ\THDELIVERY\backend\node_modules\esbuild\lib\main.js:736:50
    at responseCallbacks.<computed> (C:\Users\BTA\Desktop\PJ\THDELIVERY\backend\node_modules\esbuild\lib\main.js:603:9)
    at handleIncomingPacket (C:\Users\BTA\Desktop\PJ\THDELIVERY\backend\node_modules\esbuild\lib\main.js:658:12)
    at Socket.readFromStdout (C:\Users\BTA\Desktop\PJ\THDELIVERY\backend\node_modules\esbuild\lib\main.js:581:7)
    at Socket.emit (node:events:519:28)
    at addChunk (node:internal/streams/readable:561:12)
    at readableAddChunkPushByteMode (node:internal/streams/readable:512:3)
    at Readable.push (node:internal/streams/readable:392:5)
    at Pipe.onStreamRead (node:internal/stream_base_commons:189:23){"error":{"name":"TransformError"},"exception":true,"date":"Mon Dec 22 2025 18:12:18 GMT-0300 (Brasilia Standard Time)","process":{"pid":16016,"uid":null,"gid":null,"cwd":"C:\\Users\\BTA\\Desktop\\PJ\\THDELIVERY\\backend","execPath":"C:\\Program Files\\nodejs\\node.exe","version":"v22.20.0","argv":["C:\\Program Files\\nodejs\\node.exe","C:\\Users\\BTA\\Desktop\\PJ\\THDELIVERY\\backend\\src\\server.ts"],"memoryUsage":{"rss":112082944,"heapTotal":39673856,"heapUsed":27507552,"external":5208422,"arrayBuffers":265131}},"os":{"loadavg":[0,0,0],"uptime":14111.125},"trace":[{"column":15,"file":"C:\\Users\\BTA\\Desktop\\PJ\\THDELIVERY\\backend\\node_modules\\esbuild\\lib\\main.js","function":"failureErrorWithLog","line":1467,"method":null,"native":false},{"column":50,"file":"C:\\Users\\BTA\\Desktop\\PJ\\THDELIVERY\\backend\\node_modules\\esbuild\\lib\\main.js","function":null,"line":736,"method":null,"native":false},{"column":9,"file":"C:\\Users\\BTA\\Desktop\\PJ\\THDELIVERY\\backend\\node_modules\\esbuild\\lib\\main.js","function":"responseCallbacks.<computed>","line":603,"method":"<computed>","native":false},{"column":12,"file":"C:\\Users\\BTA\\Desktop\\PJ\\THDELIVERY\\backend\\node_modules\\esbuild\\lib\\main.js","function":"handleIncomingPacket","line":658,"method":null,"native":false},{"column":7,"file":"C:\\Users\\BTA\\Desktop\\PJ\\THDELIVERY\\backend\\node_modules\\esbuild\\lib\\main.js","function":"Socket.readFromStdout","line":581,"method":"readFromStdout","native":false},{"column":28,"file":"node:events","function":"Socket.emit","line":519,"method":"emit","native":false},{"column":12,"file":"node:internal/streams/readable","function":"addChunk","line":561,"method":null,"native":false},{"column":3,"file":"node:internal/streams/readable","function":"readableAddChunkPushByteMode","line":512,"method":null,"native":false},{"column":5,"file":"node:internal/streams/readable","function":"Readable.push","line":392,"method":"push","native":false},{"column":23,"file":"node:internal/stream_base_commons","function":"Pipe.onStreamRead","line":189,"method":"onStreamRead","native":false}]}
[2025-12-22T21:14:59.748Z] [31merror[39m: uncaughtException: Transform failed with 1 error:
C:\Users\BTA\Desktop\PJ\THDELIVERY\backend\src\modules\order\order.service.ts:98:6: ERROR: Expected ";" but found "this"
Error: Transform failed with 1 error:
C:\Users\BTA\Desktop\PJ\THDELIVERY\backend\src\modules\order\order.service.ts:98:6: ERROR: Expected ";" but found "this"
    at failureErrorWithLog (C:\Users\BTA\Desktop\PJ\THDELIVERY\backend\node_modules\esbuild\lib\main.js:1467:15)
    at C:\Users\BTA\Desktop\PJ\THDELIVERY\backend\node_modules\esbuild\lib\main.js:736:50
    at responseCallbacks.<computed> (C:\Users\BTA\Desktop\PJ\THDELIVERY\backend\node_modules\esbuild\lib\main.js:603:9)
    at handleIncomingPacket (C:\Users\BTA\Desktop\PJ\THDELIVERY\backend\node_modules\esbuild\lib\main.js:658:12)
    at Socket.readFromStdout (C:\Users\BTA\Desktop\PJ\THDELIVERY\backend\node_modules\esbuild\lib\main.js:581:7)
    at Socket.emit (node:events:519:28)
    at addChunk (node:internal/streams/readable:561:12)
    at readableAddChunkPushByteMode (node:internal/streams/readable:512:3)
    at Readable.push (node:internal/streams/readable:392:5)
    at Pipe.onStreamRead (node:internal/stream_base_commons:189:23)
Error: Transform failed with 1 error:
C:\Users\BTA\Desktop\PJ\THDELIVERY\backend\src\modules\order\order.service.ts:98:6: ERROR: Expected ";" but found "this"
    at failureErrorWithLog (C:\Users\BTA\Desktop\PJ\THDELIVERY\backend\node_modules\esbuild\lib\main.js:1467:15)
    at C:\Users\BTA\Desktop\PJ\THDELIVERY\backend\node_modules\esbuild\lib\main.js:736:50
    at responseCallbacks.<computed> (C:\Users\BTA\Desktop\PJ\THDELIVERY\backend\node_modules\esbuild\lib\main.js:603:9)
    at handleIncomingPacket (C:\Users\BTA\Desktop\PJ\THDELIVERY\backend\node_modules\esbuild\lib\main.js:658:12)
    at Socket.readFromStdout (C:\Users\BTA\Desktop\PJ\THDELIVERY\backend\node_modules\esbuild\lib\main.js:581:7)
    at Socket.emit (node:events:519:28)
    at addChunk (node:internal/streams/readable:561:12)
    at readableAddChunkPushByteMode (node:internal/streams/readable:512:3)
    at Readable.push (node:internal/streams/readable:392:5)
    at Pipe.onStreamRead (node:internal/stream_base_commons:189:23){"error":{"name":"TransformError"},"exception":true,"date":"Mon Dec 22 2025 18:14:59 GMT-0300 (Brasilia Standard Time)","process":{"pid":1012,"uid":null,"gid":null,"cwd":"C:\\Users\\BTA\\Desktop\\PJ\\THDELIVERY\\backend","execPath":"C:\\Program Files\\nodejs\\node.exe","version":"v22.20.0","argv":["C:\\Program Files\\nodejs\\node.exe","C:\\Users\\BTA\\Desktop\\PJ\\THDELIVERY\\backend\\src\\server.ts"],"memoryUsage":{"rss":112689152,"heapTotal":40177664,"heapUsed":28562704,"external":5208422,"arrayBuffers":265131}},"os":{"loadavg":[0,0,0],"uptime":14272.437},"trace":[{"column":15,"file":"C:\\Users\\BTA\\Desktop\\PJ\\THDELIVERY\\backend\\node_modules\\esbuild\\lib\\main.js","function":"failureErrorWithLog","line":1467,"method":null,"native":false},{"column":50,"file":"C:\\Users\\BTA\\Desktop\\PJ\\THDELIVERY\\backend\\node_modules\\esbuild\\lib\\main.js","function":null,"line":736,"method":null,"native":false},{"column":9,"file":"C:\\Users\\BTA\\Desktop\\PJ\\THDELIVERY\\backend\\node_modules\\esbuild\\lib\\main.js","function":"responseCallbacks.<computed>","line":603,"method":"<computed>","native":false},{"column":12,"file":"C:\\Users\\BTA\\Desktop\\PJ\\THDELIVERY\\backend\\node_modules\\esbuild\\lib\\main.js","function":"handleIncomingPacket","line":658,"method":null,"native":false},{"column":7,"file":"C:\\Users\\BTA\\Desktop\\PJ\\THDELIVERY\\backend\\node_modules\\esbuild\\lib\\main.js","function":"Socket.readFromStdout","line":581,"method":"readFromStdout","native":false},{"column":28,"file":"node:events","function":"Socket.emit","line":519,"method":"emit","native":false},{"column":12,"file":"node:internal/streams/readable","function":"addChunk","line":561,"method":null,"native":false},{"column":3,"file":"node:internal/streams/readable","function":"readableAddChunkPushByteMode","line":512,"method":null,"native":false},{"column":5,"file":"node:internal/streams/readable","function":"Readable.push","line":392,"method":"push","native":false},{"column":23,"file":"node:internal/stream_base_commons","function":"Pipe.onStreamRead","line":189,"method":"onStreamRead","native":false}]}
[2025-12-22T21:20:20.860Z] [31merror[39m: uncaughtException: Transform failed with 1 error:
C:\Users\BTA\Desktop\PJ\THDELIVERY\backend\src\modules\order\order.service.ts:85:7: ERROR: Expected ";" but found "this"
Error: Transform failed with 1 error:
C:\Users\BTA\Desktop\PJ\THDELIVERY\backend\src\modules\order\order.service.ts:85:7: ERROR: Expected ";" but found "this"
    at failureErrorWithLog (C:\Users\BTA\Desktop\PJ\THDELIVERY\backend\node_modules\esbuild\lib\main.js:1467:15)
    at C:\Users\BTA\Desktop\PJ\THDELIVERY\backend\node_modules\esbuild\lib\main.js:736:50
    at responseCallbacks.<computed> (C:\Users\BTA\Desktop\PJ\THDELIVERY\backend\node_modules\esbuild\lib\main.js:603:9)
    at handleIncomingPacket (C:\Users\BTA\Desktop\PJ\THDELIVERY\backend\node_modules\esbuild\lib\main.js:658:12)
    at Socket.readFromStdout (C:\Users\BTA\Desktop\PJ\THDELIVERY\backend\node_modules\esbuild\lib\main.js:581:7)
    at Socket.emit (node:events:519:28)
    at addChunk (node:internal/streams/readable:561:12)
    at readableAddChunkPushByteMode (node:internal/streams/readable:512:3)
    at Readable.push (node:internal/streams/readable:392:5)
    at Pipe.onStreamRead (node:internal/stream_base_commons:189:23)
Error: Transform failed with 1 error:
C:\Users\BTA\Desktop\PJ\THDELIVERY\backend\src\modules\order\order.service.ts:85:7: ERROR: Expected ";" but found "this"
    at failureErrorWithLog (C:\Users\BTA\Desktop\PJ\THDELIVERY\backend\node_modules\esbuild\lib\main.js:1467:15)
    at C:\Users\BTA\Desktop\PJ\THDELIVERY\backend\node_modules\esbuild\lib\main.js:736:50
    at responseCallbacks.<computed> (C:\Users\BTA\Desktop\PJ\THDELIVERY\backend\node_modules\esbuild\lib\main.js:603:9)
    at handleIncomingPacket (C:\Users\BTA\Desktop\PJ\THDELIVERY\backend\node_modules\esbuild\lib\main.js:658:12)
    at Socket.readFromStdout (C:\Users\BTA\Desktop\PJ\THDELIVERY\backend\node_modules\esbuild\lib\main.js:581:7)
    at Socket.emit (node:events:519:28)
    at addChunk (node:internal/streams/readable:561:12)
    at readableAddChunkPushByteMode (node:internal/streams/readable:512:3)
    at Readable.push (node:internal/streams/readable:392:5)
    at Pipe.onStreamRead (node:internal/stream_base_commons:189:23){"error":{"name":"TransformError"},"exception":true,"date":"Mon Dec 22 2025 18:20:20 GMT-0300 (Brasilia Standard Time)","process":{"pid":16700,"uid":null,"gid":null,"cwd":"C:\\Users\\BTA\\Desktop\\PJ\\THDELIVERY\\backend","execPath":"C:\\Program Files\\nodejs\\node.exe","version":"v22.20.0","argv":["C:\\Program Files\\nodejs\\node.exe","C:\\Users\\BTA\\Desktop\\PJ\\THDELIVERY\\backend\\src\\server.ts"],"memoryUsage":{"rss":112095232,"heapTotal":40177664,"heapUsed":28498040,"external":5208422,"arrayBuffers":265131}},"os":{"loadavg":[0,0,0],"uptime":14593.562},"trace":[{"column":15,"file":"C:\\Users\\BTA\\Desktop\\PJ\\THDELIVERY\\backend\\node_modules\\esbuild\\lib\\main.js","function":"failureErrorWithLog","line":1467,"method":null,"native":false},{"column":50,"file":"C:\\Users\\BTA\\Desktop\\PJ\\THDELIVERY\\backend\\node_modules\\esbuild\\lib\\main.js","function":null,"line":736,"method":null,"native":false},{"column":9,"file":"C:\\Users\\BTA\\Desktop\\PJ\\THDELIVERY\\backend\\node_modules\\esbuild\\lib\\main.js","function":"responseCallbacks.<computed>","line":603,"method":"<computed>","native":false},{"column":12,"file":"C:\\Users\\BTA\\Desktop\\PJ\\THDELIVERY\\backend\\node_modules\\esbuild\\lib\\main.js","function":"handleIncomingPacket","line":658,"method":null,"native":false},{"column":7,"file":"C:\\Users\\BTA\\Desktop\\PJ\\THDELIVERY\\backend\\node_modules\\esbuild\\lib\\main.js","function":"Socket.readFromStdout","line":581,"method":"readFromStdout","native":false},{"column":28,"file":"node:events","function":"Socket.emit","line":519,"method":"emit","native":false},{"column":12,"file":"node:internal/streams/readable","function":"addChunk","line":561,"method":null,"native":false},{"column":3,"file":"node:internal/streams/readable","function":"readableAddChunkPushByteMode","line":512,"method":null,"native":false},{"column":5,"file":"node:internal/streams/readable","function":"Readable.push","line":392,"method":"push","native":false},{"column":23,"file":"node:internal/stream_base_commons","function":"Pipe.onStreamRead","line":189,"method":"onStreamRead","native":false}]}
[2025-12-22T21:31:40.686Z] [31merror[39m: uncaughtException: ensureAuth is not defined
ReferenceError: ensureAuth is not defined
    at <anonymous> (C:\Users\BTA\Desktop\PJ\THDELIVERY\backend\src\modules\order\order.route.ts:9:22)
    at Object.<anonymous> (C:\Users\BTA\Desktop\PJ\THDELIVERY\backend\src\modules\order\order.route.ts:14:1)
    at Module._compile (node:internal/modules/cjs/loader:1706:14)
    at Object.transformer (C:\Users\BTA\Desktop\PJ\THDELIVERY\backend\node_modules\tsx\dist\register-D46fvsV_.cjs:3:1104)
    at Module.load (node:internal/modules/cjs/loader:1441:32)
    at Function._load (node:internal/modules/cjs/loader:1263:12)
    at TracingChannel.traceSync (node:diagnostics_channel:322:14)
    at wrapModuleLoad (node:internal/modules/cjs/loader:237:24)
    at Module.require (node:internal/modules/cjs/loader:1463:12)
    at require (node:internal/modules/helpers:147:16)
ReferenceError: ensureAuth is not defined
    at <anonymous> (C:\Users\BTA\Desktop\PJ\THDELIVERY\backend\src\modules\order\order.route.ts:9:22)
    at Object.<anonymous> (C:\Users\BTA\Desktop\PJ\THDELIVERY\backend\src\modules\order\order.route.ts:14:1)
    at Module._compile (node:internal/modules/cjs/loader:1706:14)
    at Object.transformer (C:\Users\BTA\Desktop\PJ\THDELIVERY\backend\node_modules\tsx\dist\register-D46fvsV_.cjs:3:1104)
    at Module.load (node:internal/modules/cjs/loader:1441:32)
    at Function._load (node:internal/modules/cjs/loader:1263:12)
    at TracingChannel.traceSync (node:diagnostics_channel:322:14)
    at wrapModuleLoad (node:internal/modules/cjs/loader:237:24)
    at Module.require (node:internal/modules/cjs/loader:1463:12)
    at require (node:internal/modules/helpers:147:16){"error":{},"exception":true,"date":"Mon Dec 22 2025 18:31:40 GMT-0300 (Brasilia Standard Time)","process":{"pid":15176,"uid":null,"gid":null,"cwd":"C:\\Users\\BTA\\Desktop\\PJ\\THDELIVERY\\backend","execPath":"C:\\Program Files\\nodejs\\node.exe","version":"v22.20.0","argv":["C:\\Program Files\\nodejs\\node.exe","C:\\Users\\BTA\\Desktop\\PJ\\THDELIVERY\\backend\\src\\server.ts"],"memoryUsage":{"rss":113201152,"heapTotal":40439808,"heapUsed":29510576,"external":5241390,"arrayBuffers":298099}},"os":{"loadavg":[0,0,0],"uptime":15273.39},"trace":[{"column":22,"file":"C:\\Users\\BTA\\Desktop\\PJ\\THDELIVERY\\backend\\src\\modules\\order\\order.route.ts","function":"<anonymous>","line":9,"method":null,"native":false},{"column":1,"file":"C:\\Users\\BTA\\Desktop\\PJ\\THDELIVERY\\backend\\src\\modules\\order\\order.route.ts","function":null,"line":14,"method":null,"native":false},{"column":14,"file":"node:internal/modules/cjs/loader","function":"Module._compile","line":1706,"method":"_compile","native":false},{"column":1104,"file":"C:\\Users\\BTA\\Desktop\\PJ\\THDELIVERY\\backend\\node_modules\\tsx\\dist\\register-D46fvsV_.cjs","function":"Object.transformer","line":3,"method":"transformer","native":false},{"column":32,"file":"node:internal/modules/cjs/loader","function":"Module.load","line":1441,"method":"load","native":false},{"column":12,"file":"node:internal/modules/cjs/loader","function":"Function._load","line":1263,"method":"_load","native":false},{"column":14,"file":"node:diagnostics_channel","function":"TracingChannel.traceSync","line":322,"method":"traceSync","native":false},{"column":24,"file":"node:internal/modules/cjs/loader","function":"wrapModuleLoad","line":237,"method":null,"native":false},{"column":12,"file":"node:internal/modules/cjs/loader","function":"Module.require","line":1463,"method":"require","native":false},{"column":16,"file":"node:internal/modules/helpers","function":"require","line":147,"method":null,"native":false}]}
[2025-12-30T19:16:20.626Z] [31merror[39m: uncaughtException: Transform failed with 1 error:
C:\Users\BTA\Desktop\PJ\THDELIVERY\backend\src\modules\order\order.service.ts:85:6: ERROR: Expected "}" but found "items"
Error: Transform failed with 1 error:
C:\Users\BTA\Desktop\PJ\THDELIVERY\backend\src\modules\order\order.service.ts:85:6: ERROR: Expected "}" but found "items"
    at failureErrorWithLog (C:\Users\BTA\Desktop\PJ\THDELIVERY\backend\node_modules\esbuild\lib\main.js:1467:15)
    at C:\Users\BTA\Desktop\PJ\THDELIVERY\backend\node_modules\esbuild\lib\main.js:736:50
    at responseCallbacks.<computed> (C:\Users\BTA\Desktop\PJ\THDELIVERY\backend\node_modules\esbuild\lib\main.js:603:9)
    at handleIncomingPacket (C:\Users\BTA\Desktop\PJ\THDELIVERY\backend\node_modules\esbuild\lib\main.js:658:12)
    at Socket.readFromStdout (C:\Users\BTA\Desktop\PJ\THDELIVERY\backend\node_modules\esbuild\lib\main.js:581:7)
    at Socket.emit (node:events:519:28)
    at addChunk (node:internal/streams/readable:561:12)
    at readableAddChunkPushByteMode (node:internal/streams/readable:512:3)
    at Readable.push (node:internal/streams/readable:392:5)
    at Pipe.onStreamRead (node:internal/stream_base_commons:189:23)
Error: Transform failed with 1 error:
C:\Users\BTA\Desktop\PJ\THDELIVERY\backend\src\modules\order\order.service.ts:85:6: ERROR: Expected "}" but found "items"
    at failureErrorWithLog (C:\Users\BTA\Desktop\PJ\THDELIVERY\backend\node_modules\esbuild\lib\main.js:1467:15)
    at C:\Users\BTA\Desktop\PJ\THDELIVERY\backend\node_modules\esbuild\lib\main.js:736:50
    at responseCallbacks.<computed> (C:\Users\BTA\Desktop\PJ\THDELIVERY\backend\node_modules\esbuild\lib\main.js:603:9)
    at handleIncomingPacket (C:\Users\BTA\Desktop\PJ\THDELIVERY\backend\node_modules\esbuild\lib\main.js:658:12)
    at Socket.readFromStdout (C:\Users\BTA\Desktop\PJ\THDELIVERY\backend\node_modules\esbuild\lib\main.js:581:7)
    at Socket.emit (node:events:519:28)
    at addChunk (node:internal/streams/readable:561:12)
    at readableAddChunkPushByteMode (node:internal/streams/readable:512:3)
    at Readable.push (node:internal/streams/readable:392:5)
    at Pipe.onStreamRead (node:internal/stream_base_commons:189:23){"error":{"name":"TransformError"},"exception":true,"date":"Tue Dec 30 2025 16:16:20 GMT-0300 (Brasilia Standard Time)","process":{"pid":20200,"uid":null,"gid":null,"cwd":"C:\\Users\\BTA\\Desktop\\PJ\\THDELIVERY\\backend","execPath":"C:\\Program Files\\nodejs\\node.exe","version":"v22.20.0","argv":["C:\\Program Files\\nodejs\\node.exe","C:\\Users\\BTA\\Desktop\\PJ\\THDELIVERY\\backend\\src\\server.ts"],"memoryUsage":{"rss":115855360,"heapTotal":39936000,"heapUsed":27095248,"external":5208854,"arrayBuffers":265563}},"os":{"loadavg":[0,0,0],"uptime":9212.328},"trace":[{"column":15,"file":"C:\\Users\\BTA\\Desktop\\PJ\\THDELIVERY\\backend\\node_modules\\esbuild\\lib\\main.js","function":"failureErrorWithLog","line":1467,"method":null,"native":false},{"column":50,"file":"C:\\Users\\BTA\\Desktop\\PJ\\THDELIVERY\\backend\\node_modules\\esbuild\\lib\\main.js","function":null,"line":736,"method":null,"native":false},{"column":9,"file":"C:\\Users\\BTA\\Desktop\\PJ\\THDELIVERY\\backend\\node_modules\\esbuild\\lib\\main.js","function":"responseCallbacks.<computed>","line":603,"method":"<computed>","native":false},{"column":12,"file":"C:\\Users\\BTA\\Desktop\\PJ\\THDELIVERY\\backend\\node_modules\\esbuild\\lib\\main.js","function":"handleIncomingPacket","line":658,"method":null,"native":false},{"column":7,"file":"C:\\Users\\BTA\\Desktop\\PJ\\THDELIVERY\\backend\\node_modules\\esbuild\\lib\\main.js","function":"Socket.readFromStdout","line":581,"method":"readFromStdout","native":false},{"column":28,"file":"node:events","function":"Socket.emit","line":519,"method":"emit","native":false},{"column":12,"file":"node:internal/streams/readable","function":"addChunk","line":561,"method":null,"native":false},{"column":3,"file":"node:internal/streams/readable","function":"readableAddChunkPushByteMode","line":512,"method":null,"native":false},{"column":5,"file":"node:internal/streams/readable","function":"Readable.push","line":392,"method":"push","native":false},{"column":23,"file":"node:internal/stream_base_commons","function":"Pipe.onStreamRead","line":189,"method":"onStreamRead","native":false}]}
[2025-12-30T19:16:23.383Z] [31merror[39m: uncaughtException: Transform failed with 1 error:
C:\Users\BTA\Desktop\PJ\THDELIVERY\backend\src\modules\order\order.service.ts:85:11: ERROR: Expected "}" but found ":"
Error: Transform failed with 1 error:
C:\Users\BTA\Desktop\PJ\THDELIVERY\backend\src\modules\order\order.service.ts:85:11: ERROR: Expected "}" but found ":"
    at failureErrorWithLog (C:\Users\BTA\Desktop\PJ\THDELIVERY\backend\node_modules\esbuild\lib\main.js:1467:15)
    at C:\Users\BTA\Desktop\PJ\THDELIVERY\backend\node_modules\esbuild\lib\main.js:736:50
    at responseCallbacks.<computed> (C:\Users\BTA\Desktop\PJ\THDELIVERY\backend\node_modules\esbuild\lib\main.js:603:9)
    at handleIncomingPacket (C:\Users\BTA\Desktop\PJ\THDELIVERY\backend\node_modules\esbuild\lib\main.js:658:12)
    at Socket.readFromStdout (C:\Users\BTA\Desktop\PJ\THDELIVERY\backend\node_modules\esbuild\lib\main.js:581:7)
    at Socket.emit (node:events:519:28)
    at addChunk (node:internal/streams/readable:561:12)
    at readableAddChunkPushByteMode (node:internal/streams/readable:512:3)
    at Readable.push (node:internal/streams/readable:392:5)
    at Pipe.onStreamRead (node:internal/stream_base_commons:189:23)
Error: Transform failed with 1 error:
C:\Users\BTA\Desktop\PJ\THDELIVERY\backend\src\modules\order\order.service.ts:85:11: ERROR: Expected "}" but found ":"
    at failureErrorWithLog (C:\Users\BTA\Desktop\PJ\THDELIVERY\backend\node_modules\esbuild\lib\main.js:1467:15)
    at C:\Users\BTA\Desktop\PJ\THDELIVERY\backend\node_modules\esbuild\lib\main.js:736:50
    at responseCallbacks.<computed> (C:\Users\BTA\Desktop\PJ\THDELIVERY\backend\node_modules\esbuild\lib\main.js:603:9)
    at handleIncomingPacket (C:\Users\BTA\Desktop\PJ\THDELIVERY\backend\node_modules\esbuild\lib\main.js:658:12)
    at Socket.readFromStdout (C:\Users\BTA\Desktop\PJ\THDELIVERY\backend\node_modules\esbuild\lib\main.js:581:7)
    at Socket.emit (node:events:519:28)
    at addChunk (node:internal/streams/readable:561:12)
    at readableAddChunkPushByteMode (node:internal/streams/readable:512:3)
    at Readable.push (node:internal/streams/readable:392:5)
    at Pipe.onStreamRead (node:internal/stream_base_commons:189:23){"error":{"name":"TransformError"},"exception":true,"date":"Tue Dec 30 2025 16:16:23 GMT-0300 (Brasilia Standard Time)","process":{"pid":19888,"uid":null,"gid":null,"cwd":"C:\\Users\\BTA\\Desktop\\PJ\\THDELIVERY\\backend","execPath":"C:\\Program Files\\nodejs\\node.exe","version":"v22.20.0","argv":["C:\\Program Files\\nodejs\\node.exe","C:\\Users\\BTA\\Desktop\\PJ\\THDELIVERY\\backend\\src\\server.ts"],"memoryUsage":{"rss":115798016,"heapTotal":39936000,"heapUsed":27287176,"external":5211090,"arrayBuffers":267799}},"os":{"loadavg":[0,0,0],"uptime":9215.078},"trace":[{"column":15,"file":"C:\\Users\\BTA\\Desktop\\PJ\\THDELIVERY\\backend\\node_modules\\esbuild\\lib\\main.js","function":"failureErrorWithLog","line":1467,"method":null,"native":false},{"column":50,"file":"C:\\Users\\BTA\\Desktop\\PJ\\THDELIVERY\\backend\\node_modules\\esbuild\\lib\\main.js","function":null,"line":736,"method":null,"native":false},{"column":9,"file":"C:\\Users\\BTA\\Desktop\\PJ\\THDELIVERY\\backend\\node_modules\\esbuild\\lib\\main.js","function":"responseCallbacks.<computed>","line":603,"method":"<computed>","native":false},{"column":12,"file":"C:\\Users\\BTA\\Desktop\\PJ\\THDELIVERY\\backend\\node_modules\\esbuild\\lib\\main.js","function":"handleIncomingPacket","line":658,"method":null,"native":false},{"column":7,"file":"C:\\Users\\BTA\\Desktop\\PJ\\THDELIVERY\\backend\\node_modules\\esbuild\\lib\\main.js","function":"Socket.readFromStdout","line":581,"method":"readFromStdout","native":false},{"column":28,"file":"node:events","function":"Socket.emit","line":519,"method":"emit","native":false},{"column":12,"file":"node:internal/streams/readable","function":"addChunk","line":561,"method":null,"native":false},{"column":3,"file":"node:internal/streams/readable","function":"readableAddChunkPushByteMode","line":512,"method":null,"native":false},{"column":5,"file":"node:internal/streams/readable","function":"Readable.push","line":392,"method":"push","native":false},{"column":23,"file":"node:internal/stream_base_commons","function":"Pipe.onStreamRead","line":189,"method":"onStreamRead","native":false}]}
[2025-12-30T19:16:25.508Z] [31merror[39m: uncaughtException: Transform failed with 1 error:
C:\Users\BTA\Desktop\PJ\THDELIVERY\backend\src\modules\order\order.service.ts:85:6: ERROR: Expected "}" but found "items"
Error: Transform failed with 1 error:
C:\Users\BTA\Desktop\PJ\THDELIVERY\backend\src\modules\order\order.service.ts:85:6: ERROR: Expected "}" but found "items"
    at failureErrorWithLog (C:\Users\BTA\Desktop\PJ\THDELIVERY\backend\node_modules\esbuild\lib\main.js:1467:15)
    at C:\Users\BTA\Desktop\PJ\THDELIVERY\backend\node_modules\esbuild\lib\main.js:736:50
    at responseCallbacks.<computed> (C:\Users\BTA\Desktop\PJ\THDELIVERY\backend\node_modules\esbuild\lib\main.js:603:9)
    at handleIncomingPacket (C:\Users\BTA\Desktop\PJ\THDELIVERY\backend\node_modules\esbuild\lib\main.js:658:12)
    at Socket.readFromStdout (C:\Users\BTA\Desktop\PJ\THDELIVERY\backend\node_modules\esbuild\lib\main.js:581:7)
    at Socket.emit (node:events:519:28)
    at addChunk (node:internal/streams/readable:561:12)
    at readableAddChunkPushByteMode (node:internal/streams/readable:512:3)
    at Readable.push (node:internal/streams/readable:392:5)
    at Pipe.onStreamRead (node:internal/stream_base_commons:189:23)
Error: Transform failed with 1 error:
C:\Users\BTA\Desktop\PJ\THDELIVERY\backend\src\modules\order\order.service.ts:85:6: ERROR: Expected "}" but found "items"
    at failureErrorWithLog (C:\Users\BTA\Desktop\PJ\THDELIVERY\backend\node_modules\esbuild\lib\main.js:1467:15)
    at C:\Users\BTA\Desktop\PJ\THDELIVERY\backend\node_modules\esbuild\lib\main.js:736:50
    at responseCallbacks.<computed> (C:\Users\BTA\Desktop\PJ\THDELIVERY\backend\node_modules\esbuild\lib\main.js:603:9)
    at handleIncomingPacket (C:\Users\BTA\Desktop\PJ\THDELIVERY\backend\node_modules\esbuild\lib\main.js:658:12)
    at Socket.readFromStdout (C:\Users\BTA\Desktop\PJ\THDELIVERY\backend\node_modules\esbuild\lib\main.js:581:7)
    at Socket.emit (node:events:519:28)
    at addChunk (node:internal/streams/readable:561:12)
    at readableAddChunkPushByteMode (node:internal/streams/readable:512:3)
    at Readable.push (node:internal/streams/readable:392:5)
    at Pipe.onStreamRead (node:internal/stream_base_commons:189:23){"error":{"name":"TransformError"},"exception":true,"date":"Tue Dec 30 2025 16:16:25 GMT-0300 (Brasilia Standard Time)","process":{"pid":4644,"uid":null,"gid":null,"cwd":"C:\\Users\\BTA\\Desktop\\PJ\\THDELIVERY\\backend","execPath":"C:\\Program Files\\nodejs\\node.exe","version":"v22.20.0","argv":["C:\\Program Files\\nodejs\\node.exe","C:\\Users\\BTA\\Desktop\\PJ\\THDELIVERY\\backend\\src\\server.ts"],"memoryUsage":{"rss":115429376,"heapTotal":39673856,"heapUsed":27235584,"external":5211090,"arrayBuffers":267799}},"os":{"loadavg":[0,0,0],"uptime":9217.203},"trace":[{"column":15,"file":"C:\\Users\\BTA\\Desktop\\PJ\\THDELIVERY\\backend\\node_modules\\esbuild\\lib\\main.js","function":"failureErrorWithLog","line":1467,"method":null,"native":false},{"column":50,"file":"C:\\Users\\BTA\\Desktop\\PJ\\THDELIVERY\\backend\\node_modules\\esbuild\\lib\\main.js","function":null,"line":736,"method":null,"native":false},{"column":9,"file":"C:\\Users\\BTA\\Desktop\\PJ\\THDELIVERY\\backend\\node_modules\\esbuild\\lib\\main.js","function":"responseCallbacks.<computed>","line":603,"method":"<computed>","native":false},{"column":12,"file":"C:\\Users\\BTA\\Desktop\\PJ\\THDELIVERY\\backend\\node_modules\\esbuild\\lib\\main.js","function":"handleIncomingPacket","line":658,"method":null,"native":false},{"column":7,"file":"C:\\Users\\BTA\\Desktop\\PJ\\THDELIVERY\\backend\\node_modules\\esbuild\\lib\\main.js","function":"Socket.readFromStdout","line":581,"method":"readFromStdout","native":false},{"column":28,"file":"node:events","function":"Socket.emit","line":519,"method":"emit","native":false},{"column":12,"file":"node:internal/streams/readable","function":"addChunk","line":561,"method":null,"native":false},{"column":3,"file":"node:internal/streams/readable","function":"readableAddChunkPushByteMode","line":512,"method":null,"native":false},{"column":5,"file":"node:internal/streams/readable","function":"Readable.push","line":392,"method":"push","native":false},{"column":23,"file":"node:internal/stream_base_commons","function":"Pipe.onStreamRead","line":189,"method":"onStreamRead","native":false}]}
[2025-12-30T22:51:37.748Z] [31merror[39m: uncaughtException: Transform failed with 1 error:
C:\Users\BTA\Desktop\PJ\THDELIVERY\backend\src\modules\deliveryArea\delivery.repository.ts:23:2: ERROR: Expected identifier but found "}"
Error: Transform failed with 1 error:
C:\Users\BTA\Desktop\PJ\THDELIVERY\backend\src\modules\deliveryArea\delivery.repository.ts:23:2: ERROR: Expected identifier but found "}"
    at failureErrorWithLog (C:\Users\BTA\Desktop\PJ\THDELIVERY\backend\node_modules\esbuild\lib\main.js:1467:15)
    at C:\Users\BTA\Desktop\PJ\THDELIVERY\backend\node_modules\esbuild\lib\main.js:736:50
    at responseCallbacks.<computed> (C:\Users\BTA\Desktop\PJ\THDELIVERY\backend\node_modules\esbuild\lib\main.js:603:9)
    at handleIncomingPacket (C:\Users\BTA\Desktop\PJ\THDELIVERY\backend\node_modules\esbuild\lib\main.js:658:12)
    at Socket.readFromStdout (C:\Users\BTA\Desktop\PJ\THDELIVERY\backend\node_modules\esbuild\lib\main.js:581:7)
    at Socket.emit (node:events:519:28)
    at addChunk (node:internal/streams/readable:561:12)
    at readableAddChunkPushByteMode (node:internal/streams/readable:512:3)
    at Readable.push (node:internal/streams/readable:392:5)
    at Pipe.onStreamRead (node:internal/stream_base_commons:189:23)
Error: Transform failed with 1 error:
C:\Users\BTA\Desktop\PJ\THDELIVERY\backend\src\modules\deliveryArea\delivery.repository.ts:23:2: ERROR: Expected identifier but found "}"
    at failureErrorWithLog (C:\Users\BTA\Desktop\PJ\THDELIVERY\backend\node_modules\esbuild\lib\main.js:1467:15)
    at C:\Users\BTA\Desktop\PJ\THDELIVERY\backend\node_modules\esbuild\lib\main.js:736:50
    at responseCallbacks.<computed> (C:\Users\BTA\Desktop\PJ\THDELIVERY\backend\node_modules\esbuild\lib\main.js:603:9)
    at handleIncomingPacket (C:\Users\BTA\Desktop\PJ\THDELIVERY\backend\node_modules\esbuild\lib\main.js:658:12)
    at Socket.readFromStdout (C:\Users\BTA\Desktop\PJ\THDELIVERY\backend\node_modules\esbuild\lib\main.js:581:7)
    at Socket.emit (node:events:519:28)
    at addChunk (node:internal/streams/readable:561:12)
    at readableAddChunkPushByteMode (node:internal/streams/readable:512:3)
    at Readable.push (node:internal/streams/readable:392:5)
    at Pipe.onStreamRead (node:internal/stream_base_commons:189:23){"error":{"name":"TransformError"},"exception":true,"date":"Tue Dec 30 2025 19:51:37 GMT-0300 (Brasilia Standard Time)","process":{"pid":16464,"uid":null,"gid":null,"cwd":"C:\\Users\\BTA\\Desktop\\PJ\\THDELIVERY\\backend","execPath":"C:\\Program Files\\nodejs\\node.exe","version":"v22.20.0","argv":["C:\\Program Files\\nodejs\\node.exe","C:\\Users\\BTA\\Desktop\\PJ\\THDELIVERY\\backend\\src\\server.ts"],"memoryUsage":{"rss":115691520,"heapTotal":39936000,"heapUsed":28274944,"external":5227470,"arrayBuffers":284179}},"os":{"loadavg":[0,0,0],"uptime":4671.453},"trace":[{"column":15,"file":"C:\\Users\\BTA\\Desktop\\PJ\\THDELIVERY\\backend\\node_modules\\esbuild\\lib\\main.js","function":"failureErrorWithLog","line":1467,"method":null,"native":false},{"column":50,"file":"C:\\Users\\BTA\\Desktop\\PJ\\THDELIVERY\\backend\\node_modules\\esbuild\\lib\\main.js","function":null,"line":736,"method":null,"native":false},{"column":9,"file":"C:\\Users\\BTA\\Desktop\\PJ\\THDELIVERY\\backend\\node_modules\\esbuild\\lib\\main.js","function":"responseCallbacks.<computed>","line":603,"method":"<computed>","native":false},{"column":12,"file":"C:\\Users\\BTA\\Desktop\\PJ\\THDELIVERY\\backend\\node_modules\\esbuild\\lib\\main.js","function":"handleIncomingPacket","line":658,"method":null,"native":false},{"column":7,"file":"C:\\Users\\BTA\\Desktop\\PJ\\THDELIVERY\\backend\\node_modules\\esbuild\\lib\\main.js","function":"Socket.readFromStdout","line":581,"method":"readFromStdout","native":false},{"column":28,"file":"node:events","function":"Socket.emit","line":519,"method":"emit","native":false},{"column":12,"file":"node:internal/streams/readable","function":"addChunk","line":561,"method":null,"native":false},{"column":3,"file":"node:internal/streams/readable","function":"readableAddChunkPushByteMode","line":512,"method":null,"native":false},{"column":5,"file":"node:internal/streams/readable","function":"Readable.push","line":392,"method":"push","native":false},{"column":23,"file":"node:internal/stream_base_commons","function":"Pipe.onStreamRead","line":189,"method":"onStreamRead","native":false}]}
[2025-12-30T22:52:03.387Z] [31merror[39m: uncaughtException: Transform failed with 1 error:
C:\Users\BTA\Desktop\PJ\THDELIVERY\backend\src\modules\deliveryArea\delivery.service.ts:22:12: ERROR: Expected "(" but found "."
Error: Transform failed with 1 error:
C:\Users\BTA\Desktop\PJ\THDELIVERY\backend\src\modules\deliveryArea\delivery.service.ts:22:12: ERROR: Expected "(" but found "."
    at failureErrorWithLog (C:\Users\BTA\Desktop\PJ\THDELIVERY\backend\node_modules\esbuild\lib\main.js:1467:15)
    at C:\Users\BTA\Desktop\PJ\THDELIVERY\backend\node_modules\esbuild\lib\main.js:736:50
    at responseCallbacks.<computed> (C:\Users\BTA\Desktop\PJ\THDELIVERY\backend\node_modules\esbuild\lib\main.js:603:9)
    at handleIncomingPacket (C:\Users\BTA\Desktop\PJ\THDELIVERY\backend\node_modules\esbuild\lib\main.js:658:12)
    at Socket.readFromStdout (C:\Users\BTA\Desktop\PJ\THDELIVERY\backend\node_modules\esbuild\lib\main.js:581:7)
    at Socket.emit (node:events:519:28)
    at addChunk (node:internal/streams/readable:561:12)
    at readableAddChunkPushByteMode (node:internal/streams/readable:512:3)
    at Readable.push (node:internal/streams/readable:392:5)
    at Pipe.onStreamRead (node:internal/stream_base_commons:189:23)
Error: Transform failed with 1 error:
C:\Users\BTA\Desktop\PJ\THDELIVERY\backend\src\modules\deliveryArea\delivery.service.ts:22:12: ERROR: Expected "(" but found "."
    at failureErrorWithLog (C:\Users\BTA\Desktop\PJ\THDELIVERY\backend\node_modules\esbuild\lib\main.js:1467:15)
    at C:\Users\BTA\Desktop\PJ\THDELIVERY\backend\node_modules\esbuild\lib\main.js:736:50
    at responseCallbacks.<computed> (C:\Users\BTA\Desktop\PJ\THDELIVERY\backend\node_modules\esbuild\lib\main.js:603:9)
    at handleIncomingPacket (C:\Users\BTA\Desktop\PJ\THDELIVERY\backend\node_modules\esbuild\lib\main.js:658:12)
    at Socket.readFromStdout (C:\Users\BTA\Desktop\PJ\THDELIVERY\backend\node_modules\esbuild\lib\main.js:581:7)
    at Socket.emit (node:events:519:28)
    at addChunk (node:internal/streams/readable:561:12)
    at readableAddChunkPushByteMode (node:internal/streams/readable:512:3)
    at Readable.push (node:internal/streams/readable:392:5)
    at Pipe.onStreamRead (node:internal/stream_base_commons:189:23){"error":{"name":"TransformError"},"exception":true,"date":"Tue Dec 30 2025 19:52:03 GMT-0300 (Brasilia Standard Time)","process":{"pid":10188,"uid":null,"gid":null,"cwd":"C:\\Users\\BTA\\Desktop\\PJ\\THDELIVERY\\backend","execPath":"C:\\Program Files\\nodejs\\node.exe","version":"v22.20.0","argv":["C:\\Program Files\\nodejs\\node.exe","C:\\Users\\BTA\\Desktop\\PJ\\THDELIVERY\\backend\\src\\server.ts"],"memoryUsage":{"rss":115609600,"heapTotal":39936000,"heapUsed":28239800,"external":5227474,"arrayBuffers":284183}},"os":{"loadavg":[0,0,0],"uptime":4697.078},"trace":[{"column":15,"file":"C:\\Users\\BTA\\Desktop\\PJ\\THDELIVERY\\backend\\node_modules\\esbuild\\lib\\main.js","function":"failureErrorWithLog","line":1467,"method":null,"native":false},{"column":50,"file":"C:\\Users\\BTA\\Desktop\\PJ\\THDELIVERY\\backend\\node_modules\\esbuild\\lib\\main.js","function":null,"line":736,"method":null,"native":false},{"column":9,"file":"C:\\Users\\BTA\\Desktop\\PJ\\THDELIVERY\\backend\\node_modules\\esbuild\\lib\\main.js","function":"responseCallbacks.<computed>","line":603,"method":"<computed>","native":false},{"column":12,"file":"C:\\Users\\BTA\\Desktop\\PJ\\THDELIVERY\\backend\\node_modules\\esbuild\\lib\\main.js","function":"handleIncomingPacket","line":658,"method":null,"native":false},{"column":7,"file":"C:\\Users\\BTA\\Desktop\\PJ\\THDELIVERY\\backend\\node_modules\\esbuild\\lib\\main.js","function":"Socket.readFromStdout","line":581,"method":"readFromStdout","native":false},{"column":28,"file":"node:events","function":"Socket.emit","line":519,"method":"emit","native":false},{"column":12,"file":"node:internal/streams/readable","function":"addChunk","line":561,"method":null,"native":false},{"column":3,"file":"node:internal/streams/readable","function":"readableAddChunkPushByteMode","line":512,"method":null,"native":false},{"column":5,"file":"node:internal/streams/readable","function":"Readable.push","line":392,"method":"push","native":false},{"column":23,"file":"node:internal/stream_base_commons","function":"Pipe.onStreamRead","line":189,"method":"onStreamRead","native":false}]}
[2025-12-30T22:52:11.772Z] [31merror[39m: uncaughtException: Transform failed with 1 error:
C:\Users\BTA\Desktop\PJ\THDELIVERY\backend\src\modules\deliveryArea\delivery.service.ts:22:18: ERROR: Unexpected ")"
Error: Transform failed with 1 error:
C:\Users\BTA\Desktop\PJ\THDELIVERY\backend\src\modules\deliveryArea\delivery.service.ts:22:18: ERROR: Unexpected ")"
    at failureErrorWithLog (C:\Users\BTA\Desktop\PJ\THDELIVERY\backend\node_modules\esbuild\lib\main.js:1467:15)
    at C:\Users\BTA\Desktop\PJ\THDELIVERY\backend\node_modules\esbuild\lib\main.js:736:50
    at responseCallbacks.<computed> (C:\Users\BTA\Desktop\PJ\THDELIVERY\backend\node_modules\esbuild\lib\main.js:603:9)
    at handleIncomingPacket (C:\Users\BTA\Desktop\PJ\THDELIVERY\backend\node_modules\esbuild\lib\main.js:658:12)
    at Socket.readFromStdout (C:\Users\BTA\Desktop\PJ\THDELIVERY\backend\node_modules\esbuild\lib\main.js:581:7)
    at Socket.emit (node:events:519:28)
    at addChunk (node:internal/streams/readable:561:12)
    at readableAddChunkPushByteMode (node:internal/streams/readable:512:3)
    at Readable.push (node:internal/streams/readable:392:5)
    at Pipe.onStreamRead (node:internal/stream_base_commons:189:23)
Error: Transform failed with 1 error:
C:\Users\BTA\Desktop\PJ\THDELIVERY\backend\src\modules\deliveryArea\delivery.service.ts:22:18: ERROR: Unexpected ")"
    at failureErrorWithLog (C:\Users\BTA\Desktop\PJ\THDELIVERY\backend\node_modules\esbuild\lib\main.js:1467:15)
    at C:\Users\BTA\Desktop\PJ\THDELIVERY\backend\node_modules\esbuild\lib\main.js:736:50
    at responseCallbacks.<computed> (C:\Users\BTA\Desktop\PJ\THDELIVERY\backend\node_modules\esbuild\lib\main.js:603:9)
    at handleIncomingPacket (C:\Users\BTA\Desktop\PJ\THDELIVERY\backend\node_modules\esbuild\lib\main.js:658:12)
    at Socket.readFromStdout (C:\Users\BTA\Desktop\PJ\THDELIVERY\backend\node_modules\esbuild\lib\main.js:581:7)
    at Socket.emit (node:events:519:28)
    at addChunk (node:internal/streams/readable:561:12)
    at readableAddChunkPushByteMode (node:internal/streams/readable:512:3)
    at Readable.push (node:internal/streams/readable:392:5)
    at Pipe.onStreamRead (node:internal/stream_base_commons:189:23){"error":{"name":"TransformError"},"exception":true,"date":"Tue Dec 30 2025 19:52:11 GMT-0300 (Brasilia Standard Time)","process":{"pid":16668,"uid":null,"gid":null,"cwd":"C:\\Users\\BTA\\Desktop\\PJ\\THDELIVERY\\backend","execPath":"C:\\Program Files\\nodejs\\node.exe","version":"v22.20.0","argv":["C:\\Program Files\\nodejs\\node.exe","C:\\Users\\BTA\\Desktop\\PJ\\THDELIVERY\\backend\\src\\server.ts"],"memoryUsage":{"rss":115703808,"heapTotal":40198144,"heapUsed":28359680,"external":5227474,"arrayBuffers":284183}},"os":{"loadavg":[0,0,0],"uptime":4705.468},"trace":[{"column":15,"file":"C:\\Users\\BTA\\Desktop\\PJ\\THDELIVERY\\backend\\node_modules\\esbuild\\lib\\main.js","function":"failureErrorWithLog","line":1467,"method":null,"native":false},{"column":50,"file":"C:\\Users\\BTA\\Desktop\\PJ\\THDELIVERY\\backend\\node_modules\\esbuild\\lib\\main.js","function":null,"line":736,"method":null,"native":false},{"column":9,"file":"C:\\Users\\BTA\\Desktop\\PJ\\THDELIVERY\\backend\\node_modules\\esbuild\\lib\\main.js","function":"responseCallbacks.<computed>","line":603,"method":"<computed>","native":false},{"column":12,"file":"C:\\Users\\BTA\\Desktop\\PJ\\THDELIVERY\\backend\\node_modules\\esbuild\\lib\\main.js","function":"handleIncomingPacket","line":658,"method":null,"native":false},{"column":7,"file":"C:\\Users\\BTA\\Desktop\\PJ\\THDELIVERY\\backend\\node_modules\\esbuild\\lib\\main.js","function":"Socket.readFromStdout","line":581,"method":"readFromStdout","native":false},{"column":28,"file":"node:events","function":"Socket.emit","line":519,"method":"emit","native":false},{"column":12,"file":"node:internal/streams/readable","function":"addChunk","line":561,"method":null,"native":false},{"column":3,"file":"node:internal/streams/readable","function":"readableAddChunkPushByteMode","line":512,"method":null,"native":false},{"column":5,"file":"node:internal/streams/readable","function":"Readable.push","line":392,"method":"push","native":false},{"column":23,"file":"node:internal/stream_base_commons","function":"Pipe.onStreamRead","line":189,"method":"onStreamRead","native":false}]}
[2025-12-30T22:53:35.211Z] [31merror[39m: uncaughtException: Transform failed with 1 error:
C:\Users\BTA\Desktop\PJ\THDELIVERY\backend\src\modules\deliveryArea\delivery.service.ts:21:16: ERROR: Expected identifier but found "("
Error: Transform failed with 1 error:
C:\Users\BTA\Desktop\PJ\THDELIVERY\backend\src\modules\deliveryArea\delivery.service.ts:21:16: ERROR: Expected identifier but found "("
    at failureErrorWithLog (C:\Users\BTA\Desktop\PJ\THDELIVERY\backend\node_modules\esbuild\lib\main.js:1467:15)
    at C:\Users\BTA\Desktop\PJ\THDELIVERY\backend\node_modules\esbuild\lib\main.js:736:50
    at responseCallbacks.<computed> (C:\Users\BTA\Desktop\PJ\THDELIVERY\backend\node_modules\esbuild\lib\main.js:603:9)
    at handleIncomingPacket (C:\Users\BTA\Desktop\PJ\THDELIVERY\backend\node_modules\esbuild\lib\main.js:658:12)
    at Socket.readFromStdout (C:\Users\BTA\Desktop\PJ\THDELIVERY\backend\node_modules\esbuild\lib\main.js:581:7)
    at Socket.emit (node:events:519:28)
    at addChunk (node:internal/streams/readable:561:12)
    at readableAddChunkPushByteMode (node:internal/streams/readable:512:3)
    at Readable.push (node:internal/streams/readable:392:5)
    at Pipe.onStreamRead (node:internal/stream_base_commons:189:23)
Error: Transform failed with 1 error:
C:\Users\BTA\Desktop\PJ\THDELIVERY\backend\src\modules\deliveryArea\delivery.service.ts:21:16: ERROR: Expected identifier but found "("
    at failureErrorWithLog (C:\Users\BTA\Desktop\PJ\THDELIVERY\backend\node_modules\esbuild\lib\main.js:1467:15)
    at C:\Users\BTA\Desktop\PJ\THDELIVERY\backend\node_modules\esbuild\lib\main.js:736:50
    at responseCallbacks.<computed> (C:\Users\BTA\Desktop\PJ\THDELIVERY\backend\node_modules\esbuild\lib\main.js:603:9)
    at handleIncomingPacket (C:\Users\BTA\Desktop\PJ\THDELIVERY\backend\node_modules\esbuild\lib\main.js:658:12)
    at Socket.readFromStdout (C:\Users\BTA\Desktop\PJ\THDELIVERY\backend\node_modules\esbuild\lib\main.js:581:7)
    at Socket.emit (node:events:519:28)
    at addChunk (node:internal/streams/readable:561:12)
    at readableAddChunkPushByteMode (node:internal/streams/readable:512:3)
    at Readable.push (node:internal/streams/readable:392:5)
    at Pipe.onStreamRead (node:internal/stream_base_commons:189:23){"error":{"name":"TransformError"},"exception":true,"date":"Tue Dec 30 2025 19:53:35 GMT-0300 (Brasilia Standard Time)","process":{"pid":5868,"uid":null,"gid":null,"cwd":"C:\\Users\\BTA\\Desktop\\PJ\\THDELIVERY\\backend","execPath":"C:\\Program Files\\nodejs\\node.exe","version":"v22.20.0","argv":["C:\\Program Files\\nodejs\\node.exe","C:\\Users\\BTA\\Desktop\\PJ\\THDELIVERY\\backend\\src\\server.ts"],"memoryUsage":{"rss":115523584,"heapTotal":40198144,"heapUsed":28213160,"external":5227474,"arrayBuffers":284183}},"os":{"loadavg":[0,0,0],"uptime":4788.906},"trace":[{"column":15,"file":"C:\\Users\\BTA\\Desktop\\PJ\\THDELIVERY\\backend\\node_modules\\esbuild\\lib\\main.js","function":"failureErrorWithLog","line":1467,"method":null,"native":false},{"column":50,"file":"C:\\Users\\BTA\\Desktop\\PJ\\THDELIVERY\\backend\\node_modules\\esbuild\\lib\\main.js","function":null,"line":736,"method":null,"native":false},{"column":9,"file":"C:\\Users\\BTA\\Desktop\\PJ\\THDELIVERY\\backend\\node_modules\\esbuild\\lib\\main.js","function":"responseCallbacks.<computed>","line":603,"method":"<computed>","native":false},{"column":12,"file":"C:\\Users\\BTA\\Desktop\\PJ\\THDELIVERY\\backend\\node_modules\\esbuild\\lib\\main.js","function":"handleIncomingPacket","line":658,"method":null,"native":false},{"column":7,"file":"C:\\Users\\BTA\\Desktop\\PJ\\THDELIVERY\\backend\\node_modules\\esbuild\\lib\\main.js","function":"Socket.readFromStdout","line":581,"method":"readFromStdout","native":false},{"column":28,"file":"node:events","function":"Socket.emit","line":519,"method":"emit","native":false},{"column":12,"file":"node:internal/streams/readable","function":"addChunk","line":561,"method":null,"native":false},{"column":3,"file":"node:internal/streams/readable","function":"readableAddChunkPushByteMode","line":512,"method":null,"native":false},{"column":5,"file":"node:internal/streams/readable","function":"Readable.push","line":392,"method":"push","native":false},{"column":23,"file":"node:internal/stream_base_commons","function":"Pipe.onStreamRead","line":189,"method":"onStreamRead","native":false}]}
[2025-12-30T22:54:03.150Z] [31merror[39m: uncaughtException: Transform failed with 1 error:
C:\Users\BTA\Desktop\PJ\THDELIVERY\backend\src\modules\deliveryArea\delivery.controller.ts:24:12: ERROR: Expected "(" but found "."
Error: Transform failed with 1 error:
C:\Users\BTA\Desktop\PJ\THDELIVERY\backend\src\modules\deliveryArea\delivery.controller.ts:24:12: ERROR: Expected "(" but found "."
    at failureErrorWithLog (C:\Users\BTA\Desktop\PJ\THDELIVERY\backend\node_modules\esbuild\lib\main.js:1467:15)
    at C:\Users\BTA\Desktop\PJ\THDELIVERY\backend\node_modules\esbuild\lib\main.js:736:50
    at responseCallbacks.<computed> (C:\Users\BTA\Desktop\PJ\THDELIVERY\backend\node_modules\esbuild\lib\main.js:603:9)
    at handleIncomingPacket (C:\Users\BTA\Desktop\PJ\THDELIVERY\backend\node_modules\esbuild\lib\main.js:658:12)
    at Socket.readFromStdout (C:\Users\BTA\Desktop\PJ\THDELIVERY\backend\node_modules\esbuild\lib\main.js:581:7)
    at Socket.emit (node:events:519:28)
    at addChunk (node:internal/streams/readable:561:12)
    at readableAddChunkPushByteMode (node:internal/streams/readable:512:3)
    at Readable.push (node:internal/streams/readable:392:5)
    at Pipe.onStreamRead (node:internal/stream_base_commons:189:23)
Error: Transform failed with 1 error:
C:\Users\BTA\Desktop\PJ\THDELIVERY\backend\src\modules\deliveryArea\delivery.controller.ts:24:12: ERROR: Expected "(" but found "."
    at failureErrorWithLog (C:\Users\BTA\Desktop\PJ\THDELIVERY\backend\node_modules\esbuild\lib\main.js:1467:15)
    at C:\Users\BTA\Desktop\PJ\THDELIVERY\backend\node_modules\esbuild\lib\main.js:736:50
    at responseCallbacks.<computed> (C:\Users\BTA\Desktop\PJ\THDELIVERY\backend\node_modules\esbuild\lib\main.js:603:9)
    at handleIncomingPacket (C:\Users\BTA\Desktop\PJ\THDELIVERY\backend\node_modules\esbuild\lib\main.js:658:12)
    at Socket.readFromStdout (C:\Users\BTA\Desktop\PJ\THDELIVERY\backend\node_modules\esbuild\lib\main.js:581:7)
    at Socket.emit (node:events:519:28)
    at addChunk (node:internal/streams/readable:561:12)
    at readableAddChunkPushByteMode (node:internal/streams/readable:512:3)
    at Readable.push (node:internal/streams/readable:392:5)
    at Pipe.onStreamRead (node:internal/stream_base_commons:189:23){"error":{"name":"TransformError"},"exception":true,"date":"Tue Dec 30 2025 19:54:03 GMT-0300 (Brasilia Standard Time)","process":{"pid":17500,"uid":null,"gid":null,"cwd":"C:\\Users\\BTA\\Desktop\\PJ\\THDELIVERY\\backend","execPath":"C:\\Program Files\\nodejs\\node.exe","version":"v22.20.0","argv":["C:\\Program Files\\nodejs\\node.exe","C:\\Users\\BTA\\Desktop\\PJ\\THDELIVERY\\backend\\src\\server.ts"],"memoryUsage":{"rss":115867648,"heapTotal":40460288,"heapUsed":27819040,"external":5224806,"arrayBuffers":281515}},"os":{"loadavg":[0,0,0],"uptime":4816.843},"trace":[{"column":15,"file":"C:\\Users\\BTA\\Desktop\\PJ\\THDELIVERY\\backend\\node_modules\\esbuild\\lib\\main.js","function":"failureErrorWithLog","line":1467,"method":null,"native":false},{"column":50,"file":"C:\\Users\\BTA\\Desktop\\PJ\\THDELIVERY\\backend\\node_modules\\esbuild\\lib\\main.js","function":null,"line":736,"method":null,"native":false},{"column":9,"file":"C:\\Users\\BTA\\Desktop\\PJ\\THDELIVERY\\backend\\node_modules\\esbuild\\lib\\main.js","function":"responseCallbacks.<computed>","line":603,"method":"<computed>","native":false},{"column":12,"file":"C:\\Users\\BTA\\Desktop\\PJ\\THDELIVERY\\backend\\node_modules\\esbuild\\lib\\main.js","function":"handleIncomingPacket","line":658,"method":null,"native":false},{"column":7,"file":"C:\\Users\\BTA\\Desktop\\PJ\\THDELIVERY\\backend\\node_modules\\esbuild\\lib\\main.js","function":"Socket.readFromStdout","line":581,"method":"readFromStdout","native":false},{"column":28,"file":"node:events","function":"Socket.emit","line":519,"method":"emit","native":false},{"column":12,"file":"node:internal/streams/readable","function":"addChunk","line":561,"method":null,"native":false},{"column":3,"file":"node:internal/streams/readable","function":"readableAddChunkPushByteMode","line":512,"method":null,"native":false},{"column":5,"file":"node:internal/streams/readable","function":"Readable.push","line":392,"method":"push","native":false},{"column":23,"file":"node:internal/stream_base_commons","function":"Pipe.onStreamRead","line":189,"method":"onStreamRead","native":false}]}
[2025-12-30T22:54:09.813Z] [31merror[39m: uncaughtException: Transform failed with 1 error:
C:\Users\BTA\Desktop\PJ\THDELIVERY\backend\src\modules\deliveryArea\delivery.controller.ts:24:19: ERROR: Unexpected ")"
Error: Transform failed with 1 error:
C:\Users\BTA\Desktop\PJ\THDELIVERY\backend\src\modules\deliveryArea\delivery.controller.ts:24:19: ERROR: Unexpected ")"
    at failureErrorWithLog (C:\Users\BTA\Desktop\PJ\THDELIVERY\backend\node_modules\esbuild\lib\main.js:1467:15)
    at C:\Users\BTA\Desktop\PJ\THDELIVERY\backend\node_modules\esbuild\lib\main.js:736:50
    at responseCallbacks.<computed> (C:\Users\BTA\Desktop\PJ\THDELIVERY\backend\node_modules\esbuild\lib\main.js:603:9)
    at handleIncomingPacket (C:\Users\BTA\Desktop\PJ\THDELIVERY\backend\node_modules\esbuild\lib\main.js:658:12)
    at Socket.readFromStdout (C:\Users\BTA\Desktop\PJ\THDELIVERY\backend\node_modules\esbuild\lib\main.js:581:7)
    at Socket.emit (node:events:519:28)
    at addChunk (node:internal/streams/readable:561:12)
    at readableAddChunkPushByteMode (node:internal/streams/readable:512:3)
    at Readable.push (node:internal/streams/readable:392:5)
    at Pipe.onStreamRead (node:internal/stream_base_commons:189:23)
Error: Transform failed with 1 error:
C:\Users\BTA\Desktop\PJ\THDELIVERY\backend\src\modules\deliveryArea\delivery.controller.ts:24:19: ERROR: Unexpected ")"
    at failureErrorWithLog (C:\Users\BTA\Desktop\PJ\THDELIVERY\backend\node_modules\esbuild\lib\main.js:1467:15)
    at C:\Users\BTA\Desktop\PJ\THDELIVERY\backend\node_modules\esbuild\lib\main.js:736:50
    at responseCallbacks.<computed> (C:\Users\BTA\Desktop\PJ\THDELIVERY\backend\node_modules\esbuild\lib\main.js:603:9)
    at handleIncomingPacket (C:\Users\BTA\Desktop\PJ\THDELIVERY\backend\node_modules\esbuild\lib\main.js:658:12)
    at Socket.readFromStdout (C:\Users\BTA\Desktop\PJ\THDELIVERY\backend\node_modules\esbuild\lib\main.js:581:7)
    at Socket.emit (node:events:519:28)
    at addChunk (node:internal/streams/readable:561:12)
    at readableAddChunkPushByteMode (node:internal/streams/readable:512:3)
    at Readable.push (node:internal/streams/readable:392:5)
    at Pipe.onStreamRead (node:internal/stream_base_commons:189:23){"error":{"name":"TransformError"},"exception":true,"date":"Tue Dec 30 2025 19:54:09 GMT-0300 (Brasilia Standard Time)","process":{"pid":8424,"uid":null,"gid":null,"cwd":"C:\\Users\\BTA\\Desktop\\PJ\\THDELIVERY\\backend","execPath":"C:\\Program Files\\nodejs\\node.exe","version":"v22.20.0","argv":["C:\\Program Files\\nodejs\\node.exe","C:\\Users\\BTA\\Desktop\\PJ\\THDELIVERY\\backend\\src\\server.ts"],"memoryUsage":{"rss":115765248,"heapTotal":39936000,"heapUsed":28186688,"external":5227474,"arrayBuffers":284183}},"os":{"loadavg":[0,0,0],"uptime":4823.515},"trace":[{"column":15,"file":"C:\\Users\\BTA\\Desktop\\PJ\\THDELIVERY\\backend\\node_modules\\esbuild\\lib\\main.js","function":"failureErrorWithLog","line":1467,"method":null,"native":false},{"column":50,"file":"C:\\Users\\BTA\\Desktop\\PJ\\THDELIVERY\\backend\\node_modules\\esbuild\\lib\\main.js","function":null,"line":736,"method":null,"native":false},{"column":9,"file":"C:\\Users\\BTA\\Desktop\\PJ\\THDELIVERY\\backend\\node_modules\\esbuild\\lib\\main.js","function":"responseCallbacks.<computed>","line":603,"method":"<computed>","native":false},{"column":12,"file":"C:\\Users\\BTA\\Desktop\\PJ\\THDELIVERY\\backend\\node_modules\\esbuild\\lib\\main.js","function":"handleIncomingPacket","line":658,"method":null,"native":false},{"column":7,"file":"C:\\Users\\BTA\\Desktop\\PJ\\THDELIVERY\\backend\\node_modules\\esbuild\\lib\\main.js","function":"Socket.readFromStdout","line":581,"method":"readFromStdout","native":false},{"column":28,"file":"node:events","function":"Socket.emit","line":519,"method":"emit","native":false},{"column":12,"file":"node:internal/streams/readable","function":"addChunk","line":561,"method":null,"native":false},{"column":3,"file":"node:internal/streams/readable","function":"readableAddChunkPushByteMode","line":512,"method":null,"native":false},{"column":5,"file":"node:internal/streams/readable","function":"Readable.push","line":392,"method":"push","native":false},{"column":23,"file":"node:internal/stream_base_commons","function":"Pipe.onStreamRead","line":189,"method":"onStreamRead","native":false}]}
[2025-12-30T22:54:21.315Z] [31merror[39m: uncaughtException: Transform failed with 1 error:
C:\Users\BTA\Desktop\PJ\THDELIVERY\backend\src\modules\deliveryArea\delivery.controller.ts:26:2: ERROR: Expected identifier but found "}"
Error: Transform failed with 1 error:
C:\Users\BTA\Desktop\PJ\THDELIVERY\backend\src\modules\deliveryArea\delivery.controller.ts:26:2: ERROR: Expected identifier but found "}"
    at failureErrorWithLog (C:\Users\BTA\Desktop\PJ\THDELIVERY\backend\node_modules\esbuild\lib\main.js:1467:15)
    at C:\Users\BTA\Desktop\PJ\THDELIVERY\backend\node_modules\esbuild\lib\main.js:736:50
    at responseCallbacks.<computed> (C:\Users\BTA\Desktop\PJ\THDELIVERY\backend\node_modules\esbuild\lib\main.js:603:9)
    at handleIncomingPacket (C:\Users\BTA\Desktop\PJ\THDELIVERY\backend\node_modules\esbuild\lib\main.js:658:12)
    at Socket.readFromStdout (C:\Users\BTA\Desktop\PJ\THDELIVERY\backend\node_modules\esbuild\lib\main.js:581:7)
    at Socket.emit (node:events:519:28)
    at addChunk (node:internal/streams/readable:561:12)
    at readableAddChunkPushByteMode (node:internal/streams/readable:512:3)
    at Readable.push (node:internal/streams/readable:392:5)
    at Pipe.onStreamRead (node:internal/stream_base_commons:189:23)
Error: Transform failed with 1 error:
C:\Users\BTA\Desktop\PJ\THDELIVERY\backend\src\modules\deliveryArea\delivery.controller.ts:26:2: ERROR: Expected identifier but found "}"
    at failureErrorWithLog (C:\Users\BTA\Desktop\PJ\THDELIVERY\backend\node_modules\esbuild\lib\main.js:1467:15)
    at C:\Users\BTA\Desktop\PJ\THDELIVERY\backend\node_modules\esbuild\lib\main.js:736:50
    at responseCallbacks.<computed> (C:\Users\BTA\Desktop\PJ\THDELIVERY\backend\node_modules\esbuild\lib\main.js:603:9)
    at handleIncomingPacket (C:\Users\BTA\Desktop\PJ\THDELIVERY\backend\node_modules\esbuild\lib\main.js:658:12)
    at Socket.readFromStdout (C:\Users\BTA\Desktop\PJ\THDELIVERY\backend\node_modules\esbuild\lib\main.js:581:7)
    at Socket.emit (node:events:519:28)
    at addChunk (node:internal/streams/readable:561:12)
    at readableAddChunkPushByteMode (node:internal/streams/readable:512:3)
    at Readable.push (node:internal/streams/readable:392:5)
    at Pipe.onStreamRead (node:internal/stream_base_commons:189:23){"error":{"name":"TransformError"},"exception":true,"date":"Tue Dec 30 2025 19:54:21 GMT-0300 (Brasilia Standard Time)","process":{"pid":14604,"uid":null,"gid":null,"cwd":"C:\\Users\\BTA\\Desktop\\PJ\\THDELIVERY\\backend","execPath":"C:\\Program Files\\nodejs\\node.exe","version":"v22.20.0","argv":["C:\\Program Files\\nodejs\\node.exe","C:\\Users\\BTA\\Desktop\\PJ\\THDELIVERY\\backend\\src\\server.ts"],"memoryUsage":{"rss":119451648,"heapTotal":39936000,"heapUsed":28092088,"external":5225238,"arrayBuffers":281947}},"os":{"loadavg":[0,0,0],"uptime":4835.015},"trace":[{"column":15,"file":"C:\\Users\\BTA\\Desktop\\PJ\\THDELIVERY\\backend\\node_modules\\esbuild\\lib\\main.js","function":"failureErrorWithLog","line":1467,"method":null,"native":false},{"column":50,"file":"C:\\Users\\BTA\\Desktop\\PJ\\THDELIVERY\\backend\\node_modules\\esbuild\\lib\\main.js","function":null,"line":736,"method":null,"native":false},{"column":9,"file":"C:\\Users\\BTA\\Desktop\\PJ\\THDELIVERY\\backend\\node_modules\\esbuild\\lib\\main.js","function":"responseCallbacks.<computed>","line":603,"method":"<computed>","native":false},{"column":12,"file":"C:\\Users\\BTA\\Desktop\\PJ\\THDELIVERY\\backend\\node_modules\\esbuild\\lib\\main.js","function":"handleIncomingPacket","line":658,"method":null,"native":false},{"column":7,"file":"C:\\Users\\BTA\\Desktop\\PJ\\THDELIVERY\\backend\\node_modules\\esbuild\\lib\\main.js","function":"Socket.readFromStdout","line":581,"method":"readFromStdout","native":false},{"column":28,"file":"node:events","function":"Socket.emit","line":519,"method":"emit","native":false},{"column":12,"file":"node:internal/streams/readable","function":"addChunk","line":561,"method":null,"native":false},{"column":3,"file":"node:internal/streams/readable","function":"readableAddChunkPushByteMode","line":512,"method":null,"native":false},{"column":5,"file":"node:internal/streams/readable","function":"Readable.push","line":392,"method":"push","native":false},{"column":23,"file":"node:internal/stream_base_commons","function":"Pipe.onStreamRead","line":189,"method":"onStreamRead","native":false}]}
[2025-12-30T22:55:05.982Z] [31merror[39m: uncaughtException: Transform failed with 1 error:
C:\Users\BTA\Desktop\PJ\THDELIVERY\backend\src\modules\deliveryArea\delivery.controller.ts:27:25: ERROR: Unexpected "."
Error: Transform failed with 1 error:
C:\Users\BTA\Desktop\PJ\THDELIVERY\backend\src\modules\deliveryArea\delivery.controller.ts:27:25: ERROR: Unexpected "."
    at failureErrorWithLog (C:\Users\BTA\Desktop\PJ\THDELIVERY\backend\node_modules\esbuild\lib\main.js:1467:15)
    at C:\Users\BTA\Desktop\PJ\THDELIVERY\backend\node_modules\esbuild\lib\main.js:736:50
    at responseCallbacks.<computed> (C:\Users\BTA\Desktop\PJ\THDELIVERY\backend\node_modules\esbuild\lib\main.js:603:9)
    at handleIncomingPacket (C:\Users\BTA\Desktop\PJ\THDELIVERY\backend\node_modules\esbuild\lib\main.js:658:12)
    at Socket.readFromStdout (C:\Users\BTA\Desktop\PJ\THDELIVERY\backend\node_modules\esbuild\lib\main.js:581:7)
    at Socket.emit (node:events:519:28)
    at addChunk (node:internal/streams/readable:561:12)
    at readableAddChunkPushByteMode (node:internal/streams/readable:512:3)
    at Readable.push (node:internal/streams/readable:392:5)
    at Pipe.onStreamRead (node:internal/stream_base_commons:189:23)
Error: Transform failed with 1 error:
C:\Users\BTA\Desktop\PJ\THDELIVERY\backend\src\modules\deliveryArea\delivery.controller.ts:27:25: ERROR: Unexpected "."
    at failureErrorWithLog (C:\Users\BTA\Desktop\PJ\THDELIVERY\backend\node_modules\esbuild\lib\main.js:1467:15)
    at C:\Users\BTA\Desktop\PJ\THDELIVERY\backend\node_modules\esbuild\lib\main.js:736:50
    at responseCallbacks.<computed> (C:\Users\BTA\Desktop\PJ\THDELIVERY\backend\node_modules\esbuild\lib\main.js:603:9)
    at handleIncomingPacket (C:\Users\BTA\Desktop\PJ\THDELIVERY\backend\node_modules\esbuild\lib\main.js:658:12)
    at Socket.readFromStdout (C:\Users\BTA\Desktop\PJ\THDELIVERY\backend\node_modules\esbuild\lib\main.js:581:7)
    at Socket.emit (node:events:519:28)
    at addChunk (node:internal/streams/readable:561:12)
    at readableAddChunkPushByteMode (node:internal/streams/readable:512:3)
    at Readable.push (node:internal/streams/readable:392:5)
    at Pipe.onStreamRead (node:internal/stream_base_commons:189:23){"error":{"name":"TransformError"},"exception":true,"date":"Tue Dec 30 2025 19:55:05 GMT-0300 (Brasilia Standard Time)","process":{"pid":5388,"uid":null,"gid":null,"cwd":"C:\\Users\\BTA\\Desktop\\PJ\\THDELIVERY\\backend","execPath":"C:\\Program Files\\nodejs\\node.exe","version":"v22.20.0","argv":["C:\\Program Files\\nodejs\\node.exe","C:\\Users\\BTA\\Desktop\\PJ\\THDELIVERY\\backend\\src\\server.ts"],"memoryUsage":{"rss":115912704,"heapTotal":39936000,"heapUsed":28082688,"external":5227470,"arrayBuffers":284179}},"os":{"loadavg":[0,0,0],"uptime":4879.671},"trace":[{"column":15,"file":"C:\\Users\\BTA\\Desktop\\PJ\\THDELIVERY\\backend\\node_modules\\esbuild\\lib\\main.js","function":"failureErrorWithLog","line":1467,"method":null,"native":false},{"column":50,"file":"C:\\Users\\BTA\\Desktop\\PJ\\THDELIVERY\\backend\\node_modules\\esbuild\\lib\\main.js","function":null,"line":736,"method":null,"native":false},{"column":9,"file":"C:\\Users\\BTA\\Desktop\\PJ\\THDELIVERY\\backend\\node_modules\\esbuild\\lib\\main.js","function":"responseCallbacks.<computed>","line":603,"method":"<computed>","native":false},{"column":12,"file":"C:\\Users\\BTA\\Desktop\\PJ\\THDELIVERY\\backend\\node_modules\\esbuild\\lib\\main.js","function":"handleIncomingPacket","line":658,"method":null,"native":false},{"column":7,"file":"C:\\Users\\BTA\\Desktop\\PJ\\THDELIVERY\\backend\\node_modules\\esbuild\\lib\\main.js","function":"Socket.readFromStdout","line":581,"method":"readFromStdout","native":false},{"column":28,"file":"node:events","function":"Socket.emit","line":519,"method":"emit","native":false},{"column":12,"file":"node:internal/streams/readable","function":"addChunk","line":561,"method":null,"native":false},{"column":3,"file":"node:internal/streams/readable","function":"readableAddChunkPushByteMode","line":512,"method":null,"native":false},{"column":5,"file":"node:internal/streams/readable","function":"Readable.push","line":392,"method":"push","native":false},{"column":23,"file":"node:internal/stream_base_commons","function":"Pipe.onStreamRead","line":189,"method":"onStreamRead","native":false}]}
[2025-12-30T22:59:09.036Z] [31merror[39m: uncaughtException: Transform failed with 1 error:
C:\Users\BTA\Desktop\PJ\THDELIVERY\backend\src\modules\deliveryArea\delivery.repository.ts:22:2: ERROR: Expected identifier but found "}"
Error: Transform failed with 1 error:
C:\Users\BTA\Desktop\PJ\THDELIVERY\backend\src\modules\deliveryArea\delivery.repository.ts:22:2: ERROR: Expected identifier but found "}"
    at failureErrorWithLog (C:\Users\BTA\Desktop\PJ\THDELIVERY\backend\node_modules\esbuild\lib\main.js:1467:15)
    at C:\Users\BTA\Desktop\PJ\THDELIVERY\backend\node_modules\esbuild\lib\main.js:736:50
    at responseCallbacks.<computed> (C:\Users\BTA\Desktop\PJ\THDELIVERY\backend\node_modules\esbuild\lib\main.js:603:9)
    at handleIncomingPacket (C:\Users\BTA\Desktop\PJ\THDELIVERY\backend\node_modules\esbuild\lib\main.js:658:12)
    at Socket.readFromStdout (C:\Users\BTA\Desktop\PJ\THDELIVERY\backend\node_modules\esbuild\lib\main.js:581:7)
    at Socket.emit (node:events:519:28)
    at addChunk (node:internal/streams/readable:561:12)
    at readableAddChunkPushByteMode (node:internal/streams/readable:512:3)
    at Readable.push (node:internal/streams/readable:392:5)
    at Pipe.onStreamRead (node:internal/stream_base_commons:189:23)
Error: Transform failed with 1 error:
C:\Users\BTA\Desktop\PJ\THDELIVERY\backend\src\modules\deliveryArea\delivery.repository.ts:22:2: ERROR: Expected identifier but found "}"
    at failureErrorWithLog (C:\Users\BTA\Desktop\PJ\THDELIVERY\backend\node_modules\esbuild\lib\main.js:1467:15)
    at C:\Users\BTA\Desktop\PJ\THDELIVERY\backend\node_modules\esbuild\lib\main.js:736:50
    at responseCallbacks.<computed> (C:\Users\BTA\Desktop\PJ\THDELIVERY\backend\node_modules\esbuild\lib\main.js:603:9)
    at handleIncomingPacket (C:\Users\BTA\Desktop\PJ\THDELIVERY\backend\node_modules\esbuild\lib\main.js:658:12)
    at Socket.readFromStdout (C:\Users\BTA\Desktop\PJ\THDELIVERY\backend\node_modules\esbuild\lib\main.js:581:7)
    at Socket.emit (node:events:519:28)
    at addChunk (node:internal/streams/readable:561:12)
    at readableAddChunkPushByteMode (node:internal/streams/readable:512:3)
    at Readable.push (node:internal/streams/readable:392:5)
    at Pipe.onStreamRead (node:internal/stream_base_commons:189:23){"error":{"name":"TransformError"},"exception":true,"date":"Tue Dec 30 2025 19:59:09 GMT-0300 (Brasilia Standard Time)","process":{"pid":10968,"uid":null,"gid":null,"cwd":"C:\\Users\\BTA\\Desktop\\PJ\\THDELIVERY\\backend","execPath":"C:\\Program Files\\nodejs\\node.exe","version":"v22.20.0","argv":["C:\\Program Files\\nodejs\\node.exe","C:\\Users\\BTA\\Desktop\\PJ\\THDELIVERY\\backend\\src\\server.ts"],"memoryUsage":{"rss":115712000,"heapTotal":40198144,"heapUsed":28155352,"external":5227474,"arrayBuffers":284183}},"os":{"loadavg":[0,0,0],"uptime":5122.734},"trace":[{"column":15,"file":"C:\\Users\\BTA\\Desktop\\PJ\\THDELIVERY\\backend\\node_modules\\esbuild\\lib\\main.js","function":"failureErrorWithLog","line":1467,"method":null,"native":false},{"column":50,"file":"C:\\Users\\BTA\\Desktop\\PJ\\THDELIVERY\\backend\\node_modules\\esbuild\\lib\\main.js","function":null,"line":736,"method":null,"native":false},{"column":9,"file":"C:\\Users\\BTA\\Desktop\\PJ\\THDELIVERY\\backend\\node_modules\\esbuild\\lib\\main.js","function":"responseCallbacks.<computed>","line":603,"method":"<computed>","native":false},{"column":12,"file":"C:\\Users\\BTA\\Desktop\\PJ\\THDELIVERY\\backend\\node_modules\\esbuild\\lib\\main.js","function":"handleIncomingPacket","line":658,"method":null,"native":false},{"column":7,"file":"C:\\Users\\BTA\\Desktop\\PJ\\THDELIVERY\\backend\\node_modules\\esbuild\\lib\\main.js","function":"Socket.readFromStdout","line":581,"method":"readFromStdout","native":false},{"column":28,"file":"node:events","function":"Socket.emit","line":519,"method":"emit","native":false},{"column":12,"file":"node:internal/streams/readable","function":"addChunk","line":561,"method":null,"native":false},{"column":3,"file":"node:internal/streams/readable","function":"readableAddChunkPushByteMode","line":512,"method":null,"native":false},{"column":5,"file":"node:internal/streams/readable","function":"Readable.push","line":392,"method":"push","native":false},{"column":23,"file":"node:internal/stream_base_commons","function":"Pipe.onStreamRead","line":189,"method":"onStreamRead","native":false}]}
[2025-12-30T22:59:19.941Z] [31merror[39m: uncaughtException: Transform failed with 1 error:
C:\Users\BTA\Desktop\PJ\THDELIVERY\backend\src\modules\deliveryArea\delivery.repository.ts:23:4: ERROR: Unexpected "}"
Error: Transform failed with 1 error:
C:\Users\BTA\Desktop\PJ\THDELIVERY\backend\src\modules\deliveryArea\delivery.repository.ts:23:4: ERROR: Unexpected "}"
    at failureErrorWithLog (C:\Users\BTA\Desktop\PJ\THDELIVERY\backend\node_modules\esbuild\lib\main.js:1467:15)
    at C:\Users\BTA\Desktop\PJ\THDELIVERY\backend\node_modules\esbuild\lib\main.js:736:50
    at responseCallbacks.<computed> (C:\Users\BTA\Desktop\PJ\THDELIVERY\backend\node_modules\esbuild\lib\main.js:603:9)
    at handleIncomingPacket (C:\Users\BTA\Desktop\PJ\THDELIVERY\backend\node_modules\esbuild\lib\main.js:658:12)
    at Socket.readFromStdout (C:\Users\BTA\Desktop\PJ\THDELIVERY\backend\node_modules\esbuild\lib\main.js:581:7)
    at Socket.emit (node:events:519:28)
    at addChunk (node:internal/streams/readable:561:12)
    at readableAddChunkPushByteMode (node:internal/streams/readable:512:3)
    at Readable.push (node:internal/streams/readable:392:5)
    at Pipe.onStreamRead (node:internal/stream_base_commons:189:23)
Error: Transform failed with 1 error:
C:\Users\BTA\Desktop\PJ\THDELIVERY\backend\src\modules\deliveryArea\delivery.repository.ts:23:4: ERROR: Unexpected "}"
    at failureErrorWithLog (C:\Users\BTA\Desktop\PJ\THDELIVERY\backend\node_modules\esbuild\lib\main.js:1467:15)
    at C:\Users\BTA\Desktop\PJ\THDELIVERY\backend\node_modules\esbuild\lib\main.js:736:50
    at responseCallbacks.<computed> (C:\Users\BTA\Desktop\PJ\THDELIVERY\backend\node_modules\esbuild\lib\main.js:603:9)
    at handleIncomingPacket (C:\Users\BTA\Desktop\PJ\THDELIVERY\backend\node_modules\esbuild\lib\main.js:658:12)
    at Socket.readFromStdout (C:\Users\BTA\Desktop\PJ\THDELIVERY\backend\node_modules\esbuild\lib\main.js:581:7)
    at Socket.emit (node:events:519:28)
    at addChunk (node:internal/streams/readable:561:12)
    at readableAddChunkPushByteMode (node:internal/streams/readable:512:3)
    at Readable.push (node:internal/streams/readable:392:5)
    at Pipe.onStreamRead (node:internal/stream_base_commons:189:23){"error":{"name":"TransformError"},"exception":true,"date":"Tue Dec 30 2025 19:59:19 GMT-0300 (Brasilia Standard Time)","process":{"pid":17740,"uid":null,"gid":null,"cwd":"C:\\Users\\BTA\\Desktop\\PJ\\THDELIVERY\\backend","execPath":"C:\\Program Files\\nodejs\\node.exe","version":"v22.20.0","argv":["C:\\Program Files\\nodejs\\node.exe","C:\\Users\\BTA\\Desktop\\PJ\\THDELIVERY\\backend\\src\\server.ts"],"memoryUsage":{"rss":115224576,"heapTotal":39936000,"heapUsed":28151816,"external":5227470,"arrayBuffers":284179}},"os":{"loadavg":[0,0,0],"uptime":5133.64},"trace":[{"column":15,"file":"C:\\Users\\BTA\\Desktop\\PJ\\THDELIVERY\\backend\\node_modules\\esbuild\\lib\\main.js","function":"failureErrorWithLog","line":1467,"method":null,"native":false},{"column":50,"file":"C:\\Users\\BTA\\Desktop\\PJ\\THDELIVERY\\backend\\node_modules\\esbuild\\lib\\main.js","function":null,"line":736,"method":null,"native":false},{"column":9,"file":"C:\\Users\\BTA\\Desktop\\PJ\\THDELIVERY\\backend\\node_modules\\esbuild\\lib\\main.js","function":"responseCallbacks.<computed>","line":603,"method":"<computed>","native":false},{"column":12,"file":"C:\\Users\\BTA\\Desktop\\PJ\\THDELIVERY\\backend\\node_modules\\esbuild\\lib\\main.js","function":"handleIncomingPacket","line":658,"method":null,"native":false},{"column":7,"file":"C:\\Users\\BTA\\Desktop\\PJ\\THDELIVERY\\backend\\node_modules\\esbuild\\lib\\main.js","function":"Socket.readFromStdout","line":581,"method":"readFromStdout","native":false},{"column":28,"file":"node:events","function":"Socket.emit","line":519,"method":"emit","native":false},{"column":12,"file":"node:internal/streams/readable","function":"addChunk","line":561,"method":null,"native":false},{"column":3,"file":"node:internal/streams/readable","function":"readableAddChunkPushByteMode","line":512,"method":null,"native":false},{"column":5,"file":"node:internal/streams/readable","function":"Readable.push","line":392,"method":"push","native":false},{"column":23,"file":"node:internal/stream_base_commons","function":"Pipe.onStreamRead","line":189,"method":"onStreamRead","native":false}]}
[2025-12-30T23:01:04.749Z] [31merror[39m: uncaughtException: Transform failed with 1 error:
C:\Users\BTA\Desktop\PJ\THDELIVERY\backend\src\modules\deliveryArea\delivery.service.ts:20:30: ERROR: Unexpected ")"
Error: Transform failed with 1 error:
C:\Users\BTA\Desktop\PJ\THDELIVERY\backend\src\modules\deliveryArea\delivery.service.ts:20:30: ERROR: Unexpected ")"
    at failureErrorWithLog (C:\Users\BTA\Desktop\PJ\THDELIVERY\backend\node_modules\esbuild\lib\main.js:1467:15)
    at C:\Users\BTA\Desktop\PJ\THDELIVERY\backend\node_modules\esbuild\lib\main.js:736:50
    at responseCallbacks.<computed> (C:\Users\BTA\Desktop\PJ\THDELIVERY\backend\node_modules\esbuild\lib\main.js:603:9)
    at handleIncomingPacket (C:\Users\BTA\Desktop\PJ\THDELIVERY\backend\node_modules\esbuild\lib\main.js:658:12)
    at Socket.readFromStdout (C:\Users\BTA\Desktop\PJ\THDELIVERY\backend\node_modules\esbuild\lib\main.js:581:7)
    at Socket.emit (node:events:519:28)
    at addChunk (node:internal/streams/readable:561:12)
    at readableAddChunkPushByteMode (node:internal/streams/readable:512:3)
    at Readable.push (node:internal/streams/readable:392:5)
    at Pipe.onStreamRead (node:internal/stream_base_commons:189:23)
Error: Transform failed with 1 error:
C:\Users\BTA\Desktop\PJ\THDELIVERY\backend\src\modules\deliveryArea\delivery.service.ts:20:30: ERROR: Unexpected ")"
    at failureErrorWithLog (C:\Users\BTA\Desktop\PJ\THDELIVERY\backend\node_modules\esbuild\lib\main.js:1467:15)
    at C:\Users\BTA\Desktop\PJ\THDELIVERY\backend\node_modules\esbuild\lib\main.js:736:50
    at responseCallbacks.<computed> (C:\Users\BTA\Desktop\PJ\THDELIVERY\backend\node_modules\esbuild\lib\main.js:603:9)
    at handleIncomingPacket (C:\Users\BTA\Desktop\PJ\THDELIVERY\backend\node_modules\esbuild\lib\main.js:658:12)
    at Socket.readFromStdout (C:\Users\BTA\Desktop\PJ\THDELIVERY\backend\node_modules\esbuild\lib\main.js:581:7)
    at Socket.emit (node:events:519:28)
    at addChunk (node:internal/streams/readable:561:12)
    at readableAddChunkPushByteMode (node:internal/streams/readable:512:3)
    at Readable.push (node:internal/streams/readable:392:5)
    at Pipe.onStreamRead (node:internal/stream_base_commons:189:23){"error":{"name":"TransformError"},"exception":true,"date":"Tue Dec 30 2025 20:01:04 GMT-0300 (Brasilia Standard Time)","process":{"pid":1828,"uid":null,"gid":null,"cwd":"C:\\Users\\BTA\\Desktop\\PJ\\THDELIVERY\\backend","execPath":"C:\\Program Files\\nodejs\\node.exe","version":"v22.20.0","argv":["C:\\Program Files\\nodejs\\node.exe","C:\\Users\\BTA\\Desktop\\PJ\\THDELIVERY\\backend\\src\\server.ts"],"memoryUsage":{"rss":115417088,"heapTotal":39936000,"heapUsed":28290504,"external":5227474,"arrayBuffers":284183}},"os":{"loadavg":[0,0,0],"uptime":5238.453},"trace":[{"column":15,"file":"C:\\Users\\BTA\\Desktop\\PJ\\THDELIVERY\\backend\\node_modules\\esbuild\\lib\\main.js","function":"failureErrorWithLog","line":1467,"method":null,"native":false},{"column":50,"file":"C:\\Users\\BTA\\Desktop\\PJ\\THDELIVERY\\backend\\node_modules\\esbuild\\lib\\main.js","function":null,"line":736,"method":null,"native":false},{"column":9,"file":"C:\\Users\\BTA\\Desktop\\PJ\\THDELIVERY\\backend\\node_modules\\esbuild\\lib\\main.js","function":"responseCallbacks.<computed>","line":603,"method":"<computed>","native":false},{"column":12,"file":"C:\\Users\\BTA\\Desktop\\PJ\\THDELIVERY\\backend\\node_modules\\esbuild\\lib\\main.js","function":"handleIncomingPacket","line":658,"method":null,"native":false},{"column":7,"file":"C:\\Users\\BTA\\Desktop\\PJ\\THDELIVERY\\backend\\node_modules\\esbuild\\lib\\main.js","function":"Socket.readFromStdout","line":581,"method":"readFromStdout","native":false},{"column":28,"file":"node:events","function":"Socket.emit","line":519,"method":"emit","native":false},{"column":12,"file":"node:internal/streams/readable","function":"addChunk","line":561,"method":null,"native":false},{"column":3,"file":"node:internal/streams/readable","function":"readableAddChunkPushByteMode","line":512,"method":null,"native":false},{"column":5,"file":"node:internal/streams/readable","function":"Readable.push","line":392,"method":"push","native":false},{"column":23,"file":"node:internal/stream_base_commons","function":"Pipe.onStreamRead","line":189,"method":"onStreamRead","native":false}]}
[2025-12-30T23:01:08.084Z] [31merror[39m: uncaughtException: Transform failed with 1 error:
C:\Users\BTA\Desktop\PJ\THDELIVERY\backend\src\modules\deliveryArea\delivery.service.ts:20:34: ERROR: Expected ")" but found "?"
Error: Transform failed with 1 error:
C:\Users\BTA\Desktop\PJ\THDELIVERY\backend\src\modules\deliveryArea\delivery.service.ts:20:34: ERROR: Expected ")" but found "?"
    at failureErrorWithLog (C:\Users\BTA\Desktop\PJ\THDELIVERY\backend\node_modules\esbuild\lib\main.js:1467:15)
    at C:\Users\BTA\Desktop\PJ\THDELIVERY\backend\node_modules\esbuild\lib\main.js:736:50
    at responseCallbacks.<computed> (C:\Users\BTA\Desktop\PJ\THDELIVERY\backend\node_modules\esbuild\lib\main.js:603:9)
    at handleIncomingPacket (C:\Users\BTA\Desktop\PJ\THDELIVERY\backend\node_modules\esbuild\lib\main.js:658:12)
    at Socket.readFromStdout (C:\Users\BTA\Desktop\PJ\THDELIVERY\backend\node_modules\esbuild\lib\main.js:581:7)
    at Socket.emit (node:events:519:28)
    at addChunk (node:internal/streams/readable:561:12)
    at readableAddChunkPushByteMode (node:internal/streams/readable:512:3)
    at Readable.push (node:internal/streams/readable:392:5)
    at Pipe.onStreamRead (node:internal/stream_base_commons:189:23)
Error: Transform failed with 1 error:
C:\Users\BTA\Desktop\PJ\THDELIVERY\backend\src\modules\deliveryArea\delivery.service.ts:20:34: ERROR: Expected ")" but found "?"
    at failureErrorWithLog (C:\Users\BTA\Desktop\PJ\THDELIVERY\backend\node_modules\esbuild\lib\main.js:1467:15)
    at C:\Users\BTA\Desktop\PJ\THDELIVERY\backend\node_modules\esbuild\lib\main.js:736:50
    at responseCallbacks.<computed> (C:\Users\BTA\Desktop\PJ\THDELIVERY\backend\node_modules\esbuild\lib\main.js:603:9)
    at handleIncomingPacket (C:\Users\BTA\Desktop\PJ\THDELIVERY\backend\node_modules\esbuild\lib\main.js:658:12)
    at Socket.readFromStdout (C:\Users\BTA\Desktop\PJ\THDELIVERY\backend\node_modules\esbuild\lib\main.js:581:7)
    at Socket.emit (node:events:519:28)
    at addChunk (node:internal/streams/readable:561:12)
    at readableAddChunkPushByteMode (node:internal/streams/readable:512:3)
    at Readable.push (node:internal/streams/readable:392:5)
    at Pipe.onStreamRead (node:internal/stream_base_commons:189:23){"error":{"name":"TransformError"},"exception":true,"date":"Tue Dec 30 2025 20:01:08 GMT-0300 (Brasilia Standard Time)","process":{"pid":2644,"uid":null,"gid":null,"cwd":"C:\\Users\\BTA\\Desktop\\PJ\\THDELIVERY\\backend","execPath":"C:\\Program Files\\nodejs\\node.exe","version":"v22.20.0","argv":["C:\\Program Files\\nodejs\\node.exe","C:\\Users\\BTA\\Desktop\\PJ\\THDELIVERY\\backend\\src\\server.ts"],"memoryUsage":{"rss":115896320,"heapTotal":39936000,"heapUsed":28121504,"external":5227470,"arrayBuffers":284179}},"os":{"loadavg":[0,0,0],"uptime":5241.781},"trace":[{"column":15,"file":"C:\\Users\\BTA\\Desktop\\PJ\\THDELIVERY\\backend\\node_modules\\esbuild\\lib\\main.js","function":"failureErrorWithLog","line":1467,"method":null,"native":false},{"column":50,"file":"C:\\Users\\BTA\\Desktop\\PJ\\THDELIVERY\\backend\\node_modules\\esbuild\\lib\\main.js","function":null,"line":736,"method":null,"native":false},{"column":9,"file":"C:\\Users\\BTA\\Desktop\\PJ\\THDELIVERY\\backend\\node_modules\\esbuild\\lib\\main.js","function":"responseCallbacks.<computed>","line":603,"method":"<computed>","native":false},{"column":12,"file":"C:\\Users\\BTA\\Desktop\\PJ\\THDELIVERY\\backend\\node_modules\\esbuild\\lib\\main.js","function":"handleIncomingPacket","line":658,"method":null,"native":false},{"column":7,"file":"C:\\Users\\BTA\\Desktop\\PJ\\THDELIVERY\\backend\\node_modules\\esbuild\\lib\\main.js","function":"Socket.readFromStdout","line":581,"method":"readFromStdout","native":false},{"column":28,"file":"node:events","function":"Socket.emit","line":519,"method":"emit","native":false},{"column":12,"file":"node:internal/streams/readable","function":"addChunk","line":561,"method":null,"native":false},{"column":3,"file":"node:internal/streams/readable","function":"readableAddChunkPushByteMode","line":512,"method":null,"native":false},{"column":5,"file":"node:internal/streams/readable","function":"Readable.push","line":392,"method":"push","native":false},{"column":23,"file":"node:internal/stream_base_commons","function":"Pipe.onStreamRead","line":189,"method":"onStreamRead","native":false}]}
[2025-12-30T23:01:53.315Z] [31merror[39m: uncaughtException: Transform failed with 1 error:
C:\Users\BTA\Desktop\PJ\THDELIVERY\backend\src\modules\deliveryArea\delivery.service.ts:21:44: ERROR: Expected "}" but found "data"
Error: Transform failed with 1 error:
C:\Users\BTA\Desktop\PJ\THDELIVERY\backend\src\modules\deliveryArea\delivery.service.ts:21:44: ERROR: Expected "}" but found "data"
    at failureErrorWithLog (C:\Users\BTA\Desktop\PJ\THDELIVERY\backend\node_modules\esbuild\lib\main.js:1467:15)
    at C:\Users\BTA\Desktop\PJ\THDELIVERY\backend\node_modules\esbuild\lib\main.js:736:50
    at responseCallbacks.<computed> (C:\Users\BTA\Desktop\PJ\THDELIVERY\backend\node_modules\esbuild\lib\main.js:603:9)
    at handleIncomingPacket (C:\Users\BTA\Desktop\PJ\THDELIVERY\backend\node_modules\esbuild\lib\main.js:658:12)
    at Socket.readFromStdout (C:\Users\BTA\Desktop\PJ\THDELIVERY\backend\node_modules\esbuild\lib\main.js:581:7)
    at Socket.emit (node:events:519:28)
    at addChunk (node:internal/streams/readable:561:12)
    at readableAddChunkPushByteMode (node:internal/streams/readable:512:3)
    at Readable.push (node:internal/streams/readable:392:5)
    at Pipe.onStreamRead (node:internal/stream_base_commons:189:23)
Error: Transform failed with 1 error:
C:\Users\BTA\Desktop\PJ\THDELIVERY\backend\src\modules\deliveryArea\delivery.service.ts:21:44: ERROR: Expected "}" but found "data"
    at failureErrorWithLog (C:\Users\BTA\Desktop\PJ\THDELIVERY\backend\node_modules\esbuild\lib\main.js:1467:15)
    at C:\Users\BTA\Desktop\PJ\THDELIVERY\backend\node_modules\esbuild\lib\main.js:736:50
    at responseCallbacks.<computed> (C:\Users\BTA\Desktop\PJ\THDELIVERY\backend\node_modules\esbuild\lib\main.js:603:9)
    at handleIncomingPacket (C:\Users\BTA\Desktop\PJ\THDELIVERY\backend\node_modules\esbuild\lib\main.js:658:12)
    at Socket.readFromStdout (C:\Users\BTA\Desktop\PJ\THDELIVERY\backend\node_modules\esbuild\lib\main.js:581:7)
    at Socket.emit (node:events:519:28)
    at addChunk (node:internal/streams/readable:561:12)
    at readableAddChunkPushByteMode (node:internal/streams/readable:512:3)
    at Readable.push (node:internal/streams/readable:392:5)
    at Pipe.onStreamRead (node:internal/stream_base_commons:189:23){"error":{"name":"TransformError"},"exception":true,"date":"Tue Dec 30 2025 20:01:53 GMT-0300 (Brasilia Standard Time)","process":{"pid":4536,"uid":null,"gid":null,"cwd":"C:\\Users\\BTA\\Desktop\\PJ\\THDELIVERY\\backend","execPath":"C:\\Program Files\\nodejs\\node.exe","version":"v22.20.0","argv":["C:\\Program Files\\nodejs\\node.exe","C:\\Users\\BTA\\Desktop\\PJ\\THDELIVERY\\backend\\src\\server.ts"],"memoryUsage":{"rss":116002816,"heapTotal":40198144,"heapUsed":28100944,"external":5225238,"arrayBuffers":281947}},"os":{"loadavg":[0,0,0],"uptime":5287.015},"trace":[{"column":15,"file":"C:\\Users\\BTA\\Desktop\\PJ\\THDELIVERY\\backend\\node_modules\\esbuild\\lib\\main.js","function":"failureErrorWithLog","line":1467,"method":null,"native":false},{"column":50,"file":"C:\\Users\\BTA\\Desktop\\PJ\\THDELIVERY\\backend\\node_modules\\esbuild\\lib\\main.js","function":null,"line":736,"method":null,"native":false},{"column":9,"file":"C:\\Users\\BTA\\Desktop\\PJ\\THDELIVERY\\backend\\node_modules\\esbuild\\lib\\main.js","function":"responseCallbacks.<computed>","line":603,"method":"<computed>","native":false},{"column":12,"file":"C:\\Users\\BTA\\Desktop\\PJ\\THDELIVERY\\backend\\node_modules\\esbuild\\lib\\main.js","function":"handleIncomingPacket","line":658,"method":null,"native":false},{"column":7,"file":"C:\\Users\\BTA\\Desktop\\PJ\\THDELIVERY\\backend\\node_modules\\esbuild\\lib\\main.js","function":"Socket.readFromStdout","line":581,"method":"readFromStdout","native":false},{"column":28,"file":"node:events","function":"Socket.emit","line":519,"method":"emit","native":false},{"column":12,"file":"node:internal/streams/readable","function":"addChunk","line":561,"method":null,"native":false},{"column":3,"file":"node:internal/streams/readable","function":"readableAddChunkPushByteMode","line":512,"method":null,"native":false},{"column":5,"file":"node:internal/streams/readable","function":"Readable.push","line":392,"method":"push","native":false},{"column":23,"file":"node:internal/stream_base_commons","function":"Pipe.onStreamRead","line":189,"method":"onStreamRead","native":false}]}
[2025-12-30T23:04:34.740Z] [31merror[39m: uncaughtException: Transform failed with 1 error:
C:\Users\BTA\Desktop\PJ\THDELIVERY\backend\src\modules\deliveryArea\delivery.controller.ts:23:5: ERROR: Expected ";" but found "update"
Error: Transform failed with 1 error:
C:\Users\BTA\Desktop\PJ\THDELIVERY\backend\src\modules\deliveryArea\delivery.controller.ts:23:5: ERROR: Expected ";" but found "update"
    at failureErrorWithLog (C:\Users\BTA\Desktop\PJ\THDELIVERY\backend\node_modules\esbuild\lib\main.js:1467:15)
    at C:\Users\BTA\Desktop\PJ\THDELIVERY\backend\node_modules\esbuild\lib\main.js:736:50
    at responseCallbacks.<computed> (C:\Users\BTA\Desktop\PJ\THDELIVERY\backend\node_modules\esbuild\lib\main.js:603:9)
    at handleIncomingPacket (C:\Users\BTA\Desktop\PJ\THDELIVERY\backend\node_modules\esbuild\lib\main.js:658:12)
    at Socket.readFromStdout (C:\Users\BTA\Desktop\PJ\THDELIVERY\backend\node_modules\esbuild\lib\main.js:581:7)
    at Socket.emit (node:events:519:28)
    at addChunk (node:internal/streams/readable:561:12)
    at readableAddChunkPushByteMode (node:internal/streams/readable:512:3)
    at Readable.push (node:internal/streams/readable:392:5)
    at Pipe.onStreamRead (node:internal/stream_base_commons:189:23)
Error: Transform failed with 1 error:
C:\Users\BTA\Desktop\PJ\THDELIVERY\backend\src\modules\deliveryArea\delivery.controller.ts:23:5: ERROR: Expected ";" but found "update"
    at failureErrorWithLog (C:\Users\BTA\Desktop\PJ\THDELIVERY\backend\node_modules\esbuild\lib\main.js:1467:15)
    at C:\Users\BTA\Desktop\PJ\THDELIVERY\backend\node_modules\esbuild\lib\main.js:736:50
    at responseCallbacks.<computed> (C:\Users\BTA\Desktop\PJ\THDELIVERY\backend\node_modules\esbuild\lib\main.js:603:9)
    at handleIncomingPacket (C:\Users\BTA\Desktop\PJ\THDELIVERY\backend\node_modules\esbuild\lib\main.js:658:12)
    at Socket.readFromStdout (C:\Users\BTA\Desktop\PJ\THDELIVERY\backend\node_modules\esbuild\lib\main.js:581:7)
    at Socket.emit (node:events:519:28)
    at addChunk (node:internal/streams/readable:561:12)
    at readableAddChunkPushByteMode (node:internal/streams/readable:512:3)
    at Readable.push (node:internal/streams/readable:392:5)
    at Pipe.onStreamRead (node:internal/stream_base_commons:189:23){"error":{"name":"TransformError"},"exception":true,"date":"Tue Dec 30 2025 20:04:34 GMT-0300 (Brasilia Standard Time)","process":{"pid":16748,"uid":null,"gid":null,"cwd":"C:\\Users\\BTA\\Desktop\\PJ\\THDELIVERY\\backend","execPath":"C:\\Program Files\\nodejs\\node.exe","version":"v22.20.0","argv":["C:\\Program Files\\nodejs\\node.exe","C:\\Users\\BTA\\Desktop\\PJ\\THDELIVERY\\backend\\src\\server.ts"],"memoryUsage":{"rss":115957760,"heapTotal":40460288,"heapUsed":28005544,"external":5225238,"arrayBuffers":281947}},"os":{"loadavg":[0,0,0],"uptime":5448.437},"trace":[{"column":15,"file":"C:\\Users\\BTA\\Desktop\\PJ\\THDELIVERY\\backend\\node_modules\\esbuild\\lib\\main.js","function":"failureErrorWithLog","line":1467,"method":null,"native":false},{"column":50,"file":"C:\\Users\\BTA\\Desktop\\PJ\\THDELIVERY\\backend\\node_modules\\esbuild\\lib\\main.js","function":null,"line":736,"method":null,"native":false},{"column":9,"file":"C:\\Users\\BTA\\Desktop\\PJ\\THDELIVERY\\backend\\node_modules\\esbuild\\lib\\main.js","function":"responseCallbacks.<computed>","line":603,"method":"<computed>","native":false},{"column":12,"file":"C:\\Users\\BTA\\Desktop\\PJ\\THDELIVERY\\backend\\node_modules\\esbuild\\lib\\main.js","function":"handleIncomingPacket","line":658,"method":null,"native":false},{"column":7,"file":"C:\\Users\\BTA\\Desktop\\PJ\\THDELIVERY\\backend\\node_modules\\esbuild\\lib\\main.js","function":"Socket.readFromStdout","line":581,"method":"readFromStdout","native":false},{"column":28,"file":"node:events","function":"Socket.emit","line":519,"method":"emit","native":false},{"column":12,"file":"node:internal/streams/readable","function":"addChunk","line":561,"method":null,"native":false},{"column":3,"file":"node:internal/streams/readable","function":"readableAddChunkPushByteMode","line":512,"method":null,"native":false},{"column":5,"file":"node:internal/streams/readable","function":"Readable.push","line":392,"method":"push","native":false},{"column":23,"file":"node:internal/stream_base_commons","function":"Pipe.onStreamRead","line":189,"method":"onStreamRead","native":false}]}
[2025-12-30T23:04:42.026Z] [31merror[39m: uncaughtException: Transform failed with 1 error:
C:\Users\BTA\Desktop\PJ\THDELIVERY\backend\src\modules\deliveryArea\delivery.controller.ts:20:37: ERROR: Expected identifier but found "("
Error: Transform failed with 1 error:
C:\Users\BTA\Desktop\PJ\THDELIVERY\backend\src\modules\deliveryArea\delivery.controller.ts:20:37: ERROR: Expected identifier but found "("
    at failureErrorWithLog (C:\Users\BTA\Desktop\PJ\THDELIVERY\backend\node_modules\esbuild\lib\main.js:1467:15)
    at C:\Users\BTA\Desktop\PJ\THDELIVERY\backend\node_modules\esbuild\lib\main.js:736:50
    at responseCallbacks.<computed> (C:\Users\BTA\Desktop\PJ\THDELIVERY\backend\node_modules\esbuild\lib\main.js:603:9)
    at handleIncomingPacket (C:\Users\BTA\Desktop\PJ\THDELIVERY\backend\node_modules\esbuild\lib\main.js:658:12)
    at Socket.readFromStdout (C:\Users\BTA\Desktop\PJ\THDELIVERY\backend\node_modules\esbuild\lib\main.js:581:7)
    at Socket.emit (node:events:519:28)
    at addChunk (node:internal/streams/readable:561:12)
    at readableAddChunkPushByteMode (node:internal/streams/readable:512:3)
    at Readable.push (node:internal/streams/readable:392:5)
    at Pipe.onStreamRead (node:internal/stream_base_commons:189:23)
Error: Transform failed with 1 error:
C:\Users\BTA\Desktop\PJ\THDELIVERY\backend\src\modules\deliveryArea\delivery.controller.ts:20:37: ERROR: Expected identifier but found "("
    at failureErrorWithLog (C:\Users\BTA\Desktop\PJ\THDELIVERY\backend\node_modules\esbuild\lib\main.js:1467:15)
    at C:\Users\BTA\Desktop\PJ\THDELIVERY\backend\node_modules\esbuild\lib\main.js:736:50
    at responseCallbacks.<computed> (C:\Users\BTA\Desktop\PJ\THDELIVERY\backend\node_modules\esbuild\lib\main.js:603:9)
    at handleIncomingPacket (C:\Users\BTA\Desktop\PJ\THDELIVERY\backend\node_modules\esbuild\lib\main.js:658:12)
    at Socket.readFromStdout (C:\Users\BTA\Desktop\PJ\THDELIVERY\backend\node_modules\esbuild\lib\main.js:581:7)
    at Socket.emit (node:events:519:28)
    at addChunk (node:internal/streams/readable:561:12)
    at readableAddChunkPushByteMode (node:internal/streams/readable:512:3)
    at Readable.push (node:internal/streams/readable:392:5)
    at Pipe.onStreamRead (node:internal/stream_base_commons:189:23){"error":{"name":"TransformError"},"exception":true,"date":"Tue Dec 30 2025 20:04:42 GMT-0300 (Brasilia Standard Time)","process":{"pid":16668,"uid":null,"gid":null,"cwd":"C:\\Users\\BTA\\Desktop\\PJ\\THDELIVERY\\backend","execPath":"C:\\Program Files\\nodejs\\node.exe","version":"v22.20.0","argv":["C:\\Program Files\\nodejs\\node.exe","C:\\Users\\BTA\\Desktop\\PJ\\THDELIVERY\\backend\\src\\server.ts"],"memoryUsage":{"rss":115851264,"heapTotal":40198144,"heapUsed":28239000,"external":5227474,"arrayBuffers":284183}},"os":{"loadavg":[0,0,0],"uptime":5455.718},"trace":[{"column":15,"file":"C:\\Users\\BTA\\Desktop\\PJ\\THDELIVERY\\backend\\node_modules\\esbuild\\lib\\main.js","function":"failureErrorWithLog","line":1467,"method":null,"native":false},{"column":50,"file":"C:\\Users\\BTA\\Desktop\\PJ\\THDELIVERY\\backend\\node_modules\\esbuild\\lib\\main.js","function":null,"line":736,"method":null,"native":false},{"column":9,"file":"C:\\Users\\BTA\\Desktop\\PJ\\THDELIVERY\\backend\\node_modules\\esbuild\\lib\\main.js","function":"responseCallbacks.<computed>","line":603,"method":"<computed>","native":false},{"column":12,"file":"C:\\Users\\BTA\\Desktop\\PJ\\THDELIVERY\\backend\\node_modules\\esbuild\\lib\\main.js","function":"handleIncomingPacket","line":658,"method":null,"native":false},{"column":7,"file":"C:\\Users\\BTA\\Desktop\\PJ\\THDELIVERY\\backend\\node_modules\\esbuild\\lib\\main.js","function":"Socket.readFromStdout","line":581,"method":"readFromStdout","native":false},{"column":28,"file":"node:events","function":"Socket.emit","line":519,"method":"emit","native":false},{"column":12,"file":"node:internal/streams/readable","function":"addChunk","line":561,"method":null,"native":false},{"column":3,"file":"node:internal/streams/readable","function":"readableAddChunkPushByteMode","line":512,"method":null,"native":false},{"column":5,"file":"node:internal/streams/readable","function":"Readable.push","line":392,"method":"push","native":false},{"column":23,"file":"node:internal/stream_base_commons","function":"Pipe.onStreamRead","line":189,"method":"onStreamRead","native":false}]}
[2025-12-30T23:04:49.822Z] [31merror[39m: uncaughtException: Transform failed with 1 error:
C:\Users\BTA\Desktop\PJ\THDELIVERY\backend\src\modules\deliveryArea\delivery.controller.ts:20:37: ERROR: Expected identifier but found "("
Error: Transform failed with 1 error:
C:\Users\BTA\Desktop\PJ\THDELIVERY\backend\src\modules\deliveryArea\delivery.controller.ts:20:37: ERROR: Expected identifier but found "("
    at failureErrorWithLog (C:\Users\BTA\Desktop\PJ\THDELIVERY\backend\node_modules\esbuild\lib\main.js:1467:15)
    at C:\Users\BTA\Desktop\PJ\THDELIVERY\backend\node_modules\esbuild\lib\main.js:736:50
    at responseCallbacks.<computed> (C:\Users\BTA\Desktop\PJ\THDELIVERY\backend\node_modules\esbuild\lib\main.js:603:9)
    at handleIncomingPacket (C:\Users\BTA\Desktop\PJ\THDELIVERY\backend\node_modules\esbuild\lib\main.js:658:12)
    at Socket.readFromStdout (C:\Users\BTA\Desktop\PJ\THDELIVERY\backend\node_modules\esbuild\lib\main.js:581:7)
    at Socket.emit (node:events:519:28)
    at addChunk (node:internal/streams/readable:561:12)
    at readableAddChunkPushByteMode (node:internal/streams/readable:512:3)
    at Readable.push (node:internal/streams/readable:392:5)
    at Pipe.onStreamRead (node:internal/stream_base_commons:189:23)
Error: Transform failed with 1 error:
C:\Users\BTA\Desktop\PJ\THDELIVERY\backend\src\modules\deliveryArea\delivery.controller.ts:20:37: ERROR: Expected identifier but found "("
    at failureErrorWithLog (C:\Users\BTA\Desktop\PJ\THDELIVERY\backend\node_modules\esbuild\lib\main.js:1467:15)
    at C:\Users\BTA\Desktop\PJ\THDELIVERY\backend\node_modules\esbuild\lib\main.js:736:50
    at responseCallbacks.<computed> (C:\Users\BTA\Desktop\PJ\THDELIVERY\backend\node_modules\esbuild\lib\main.js:603:9)
    at handleIncomingPacket (C:\Users\BTA\Desktop\PJ\THDELIVERY\backend\node_modules\esbuild\lib\main.js:658:12)
    at Socket.readFromStdout (C:\Users\BTA\Desktop\PJ\THDELIVERY\backend\node_modules\esbuild\lib\main.js:581:7)
    at Socket.emit (node:events:519:28)
    at addChunk (node:internal/streams/readable:561:12)
    at readableAddChunkPushByteMode (node:internal/streams/readable:512:3)
    at Readable.push (node:internal/streams/readable:392:5)
    at Pipe.onStreamRead (node:internal/stream_base_commons:189:23){"error":{"name":"TransformError"},"exception":true,"date":"Tue Dec 30 2025 20:04:49 GMT-0300 (Brasilia Standard Time)","process":{"pid":18016,"uid":null,"gid":null,"cwd":"C:\\Users\\BTA\\Desktop\\PJ\\THDELIVERY\\backend","execPath":"C:\\Program Files\\nodejs\\node.exe","version":"v22.20.0","argv":["C:\\Program Files\\nodejs\\node.exe","C:\\Users\\BTA\\Desktop\\PJ\\THDELIVERY\\backend\\src\\server.ts"],"memoryUsage":{"rss":115482624,"heapTotal":40198144,"heapUsed":28018168,"external":5225238,"arrayBuffers":281947}},"os":{"loadavg":[0,0,0],"uptime":5463.515},"trace":[{"column":15,"file":"C:\\Users\\BTA\\Desktop\\PJ\\THDELIVERY\\backend\\node_modules\\esbuild\\lib\\main.js","function":"failureErrorWithLog","line":1467,"method":null,"native":false},{"column":50,"file":"C:\\Users\\BTA\\Desktop\\PJ\\THDELIVERY\\backend\\node_modules\\esbuild\\lib\\main.js","function":null,"line":736,"method":null,"native":false},{"column":9,"file":"C:\\Users\\BTA\\Desktop\\PJ\\THDELIVERY\\backend\\node_modules\\esbuild\\lib\\main.js","function":"responseCallbacks.<computed>","line":603,"method":"<computed>","native":false},{"column":12,"file":"C:\\Users\\BTA\\Desktop\\PJ\\THDELIVERY\\backend\\node_modules\\esbuild\\lib\\main.js","function":"handleIncomingPacket","line":658,"method":null,"native":false},{"column":7,"file":"C:\\Users\\BTA\\Desktop\\PJ\\THDELIVERY\\backend\\node_modules\\esbuild\\lib\\main.js","function":"Socket.readFromStdout","line":581,"method":"readFromStdout","native":false},{"column":28,"file":"node:events","function":"Socket.emit","line":519,"method":"emit","native":false},{"column":12,"file":"node:internal/streams/readable","function":"addChunk","line":561,"method":null,"native":false},{"column":3,"file":"node:internal/streams/readable","function":"readableAddChunkPushByteMode","line":512,"method":null,"native":false},{"column":5,"file":"node:internal/streams/readable","function":"Readable.push","line":392,"method":"push","native":false},{"column":23,"file":"node:internal/stream_base_commons","function":"Pipe.onStreamRead","line":189,"method":"onStreamRead","native":false}]}
[2025-12-30T23:05:45.539Z] [31merror[39m: uncaughtException: Transform failed with 1 error:
C:\Users\BTA\Desktop\PJ\THDELIVERY\backend\src\modules\deliveryArea\delivery.route.ts:10:7: ERROR: Expected identifier but found "("
Error: Transform failed with 1 error:
C:\Users\BTA\Desktop\PJ\THDELIVERY\backend\src\modules\deliveryArea\delivery.route.ts:10:7: ERROR: Expected identifier but found "("
    at failureErrorWithLog (C:\Users\BTA\Desktop\PJ\THDELIVERY\backend\node_modules\esbuild\lib\main.js:1467:15)
    at C:\Users\BTA\Desktop\PJ\THDELIVERY\backend\node_modules\esbuild\lib\main.js:736:50
    at responseCallbacks.<computed> (C:\Users\BTA\Desktop\PJ\THDELIVERY\backend\node_modules\esbuild\lib\main.js:603:9)
    at handleIncomingPacket (C:\Users\BTA\Desktop\PJ\THDELIVERY\backend\node_modules\esbuild\lib\main.js:658:12)
    at Socket.readFromStdout (C:\Users\BTA\Desktop\PJ\THDELIVERY\backend\node_modules\esbuild\lib\main.js:581:7)
    at Socket.emit (node:events:519:28)
    at addChunk (node:internal/streams/readable:561:12)
    at readableAddChunkPushByteMode (node:internal/streams/readable:512:3)
    at Readable.push (node:internal/streams/readable:392:5)
    at Pipe.onStreamRead (node:internal/stream_base_commons:189:23)
Error: Transform failed with 1 error:
C:\Users\BTA\Desktop\PJ\THDELIVERY\backend\src\modules\deliveryArea\delivery.route.ts:10:7: ERROR: Expected identifier but found "("
    at failureErrorWithLog (C:\Users\BTA\Desktop\PJ\THDELIVERY\backend\node_modules\esbuild\lib\main.js:1467:15)
    at C:\Users\BTA\Desktop\PJ\THDELIVERY\backend\node_modules\esbuild\lib\main.js:736:50
    at responseCallbacks.<computed> (C:\Users\BTA\Desktop\PJ\THDELIVERY\backend\node_modules\esbuild\lib\main.js:603:9)
    at handleIncomingPacket (C:\Users\BTA\Desktop\PJ\THDELIVERY\backend\node_modules\esbuild\lib\main.js:658:12)
    at Socket.readFromStdout (C:\Users\BTA\Desktop\PJ\THDELIVERY\backend\node_modules\esbuild\lib\main.js:581:7)
    at Socket.emit (node:events:519:28)
    at addChunk (node:internal/streams/readable:561:12)
    at readableAddChunkPushByteMode (node:internal/streams/readable:512:3)
    at Readable.push (node:internal/streams/readable:392:5)
    at Pipe.onStreamRead (node:internal/stream_base_commons:189:23){"error":{"name":"TransformError"},"exception":true,"date":"Tue Dec 30 2025 20:05:45 GMT-0300 (Brasilia Standard Time)","process":{"pid":16612,"uid":null,"gid":null,"cwd":"C:\\Users\\BTA\\Desktop\\PJ\\THDELIVERY\\backend","execPath":"C:\\Program Files\\nodejs\\node.exe","version":"v22.20.0","argv":["C:\\Program Files\\nodejs\\node.exe","C:\\Users\\BTA\\Desktop\\PJ\\THDELIVERY\\backend\\src\\server.ts"],"memoryUsage":{"rss":115335168,"heapTotal":40198144,"heapUsed":27971936,"external":5219282,"arrayBuffers":275991}},"os":{"loadavg":[0,0,0],"uptime":5519.234},"trace":[{"column":15,"file":"C:\\Users\\BTA\\Desktop\\PJ\\THDELIVERY\\backend\\node_modules\\esbuild\\lib\\main.js","function":"failureErrorWithLog","line":1467,"method":null,"native":false},{"column":50,"file":"C:\\Users\\BTA\\Desktop\\PJ\\THDELIVERY\\backend\\node_modules\\esbuild\\lib\\main.js","function":null,"line":736,"method":null,"native":false},{"column":9,"file":"C:\\Users\\BTA\\Desktop\\PJ\\THDELIVERY\\backend\\node_modules\\esbuild\\lib\\main.js","function":"responseCallbacks.<computed>","line":603,"method":"<computed>","native":false},{"column":12,"file":"C:\\Users\\BTA\\Desktop\\PJ\\THDELIVERY\\backend\\node_modules\\esbuild\\lib\\main.js","function":"handleIncomingPacket","line":658,"method":null,"native":false},{"column":7,"file":"C:\\Users\\BTA\\Desktop\\PJ\\THDELIVERY\\backend\\node_modules\\esbuild\\lib\\main.js","function":"Socket.readFromStdout","line":581,"method":"readFromStdout","native":false},{"column":28,"file":"node:events","function":"Socket.emit","line":519,"method":"emit","native":false},{"column":12,"file":"node:internal/streams/readable","function":"addChunk","line":561,"method":null,"native":false},{"column":3,"file":"node:internal/streams/readable","function":"readableAddChunkPushByteMode","line":512,"method":null,"native":false},{"column":5,"file":"node:internal/streams/readable","function":"Readable.push","line":392,"method":"push","native":false},{"column":23,"file":"node:internal/stream_base_commons","function":"Pipe.onStreamRead","line":189,"method":"onStreamRead","native":false}]}
[2025-12-31T00:56:54.678Z] [31merror[39m: uncaughtException: promotionRouter is not defined
ReferenceError: promotionRouter is not defined
    at <anonymous> (C:\Users\BTA\Desktop\PJ\THDELIVERY\backend\src\modules\deliveryArea\delivery.route.ts:11:1)
    at Object.<anonymous> (C:\Users\BTA\Desktop\PJ\THDELIVERY\backend\src\modules\deliveryArea\delivery.route.ts:11:66)
    at Module._compile (node:internal/modules/cjs/loader:1706:14)
    at Object.transformer (C:\Users\BTA\Desktop\PJ\THDELIVERY\backend\node_modules\tsx\dist\register-D46fvsV_.cjs:3:1104)
    at Module.load (node:internal/modules/cjs/loader:1441:32)
    at Function._load (node:internal/modules/cjs/loader:1263:12)
    at TracingChannel.traceSync (node:diagnostics_channel:322:14)
    at wrapModuleLoad (node:internal/modules/cjs/loader:237:24)
    at Module.require (node:internal/modules/cjs/loader:1463:12)
    at require (node:internal/modules/helpers:147:16)
ReferenceError: promotionRouter is not defined
    at <anonymous> (C:\Users\BTA\Desktop\PJ\THDELIVERY\backend\src\modules\deliveryArea\delivery.route.ts:11:1)
    at Object.<anonymous> (C:\Users\BTA\Desktop\PJ\THDELIVERY\backend\src\modules\deliveryArea\delivery.route.ts:11:66)
    at Module._compile (node:internal/modules/cjs/loader:1706:14)
    at Object.transformer (C:\Users\BTA\Desktop\PJ\THDELIVERY\backend\node_modules\tsx\dist\register-D46fvsV_.cjs:3:1104)
    at Module.load (node:internal/modules/cjs/loader:1441:32)
    at Function._load (node:internal/modules/cjs/loader:1263:12)
    at TracingChannel.traceSync (node:diagnostics_channel:322:14)
    at wrapModuleLoad (node:internal/modules/cjs/loader:237:24)
    at Module.require (node:internal/modules/cjs/loader:1463:12)
    at require (node:internal/modules/helpers:147:16){"error":{},"exception":true,"date":"Tue Dec 30 2025 21:56:54 GMT-0300 (Brasilia Standard Time)","process":{"pid":18912,"uid":null,"gid":null,"cwd":"C:\\Users\\BTA\\Desktop\\PJ\\THDELIVERY\\backend","execPath":"C:\\Program Files\\nodejs\\node.exe","version":"v22.20.0","argv":["C:\\Program Files\\nodejs\\node.exe","C:\\Users\\BTA\\Desktop\\PJ\\THDELIVERY\\backend\\src\\server.ts"],"memoryUsage":{"rss":120020992,"heapTotal":40198144,"heapUsed":28945536,"external":5252246,"arrayBuffers":308955}},"os":{"loadavg":[0,0,0],"uptime":12188.375},"trace":[{"column":1,"file":"C:\\Users\\BTA\\Desktop\\PJ\\THDELIVERY\\backend\\src\\modules\\deliveryArea\\delivery.route.ts","function":"<anonymous>","line":11,"method":null,"native":false},{"column":66,"file":"C:\\Users\\BTA\\Desktop\\PJ\\THDELIVERY\\backend\\src\\modules\\deliveryArea\\delivery.route.ts","function":null,"line":11,"method":null,"native":false},{"column":14,"file":"node:internal/modules/cjs/loader","function":"Module._compile","line":1706,"method":"_compile","native":false},{"column":1104,"file":"C:\\Users\\BTA\\Desktop\\PJ\\THDELIVERY\\backend\\node_modules\\tsx\\dist\\register-D46fvsV_.cjs","function":"Object.transformer","line":3,"method":"transformer","native":false},{"column":32,"file":"node:internal/modules/cjs/loader","function":"Module.load","line":1441,"method":"load","native":false},{"column":12,"file":"node:internal/modules/cjs/loader","function":"Function._load","line":1263,"method":"_load","native":false},{"column":14,"file":"node:diagnostics_channel","function":"TracingChannel.traceSync","line":322,"method":"traceSync","native":false},{"column":24,"file":"node:internal/modules/cjs/loader","function":"wrapModuleLoad","line":237,"method":null,"native":false},{"column":12,"file":"node:internal/modules/cjs/loader","function":"Module.require","line":1463,"method":"require","native":false},{"column":16,"file":"node:internal/modules/helpers","function":"require","line":147,"method":null,"native":false}]}
[2025-12-31T01:32:17.440Z] [31merror[39m: uncaughtException: Transform failed with 1 error:
C:\Users\BTA\Desktop\PJ\THDELIVERY\backend\src\modules\promotion\promotion.service.ts:46:9: ERROR: Expected ";" but found "class"
Error: Transform failed with 1 error:
C:\Users\BTA\Desktop\PJ\THDELIVERY\backend\src\modules\promotion\promotion.service.ts:46:9: ERROR: Expected ";" but found "class"
    at failureErrorWithLog (C:\Users\BTA\Desktop\PJ\THDELIVERY\backend\node_modules\esbuild\lib\main.js:1467:15)
    at C:\Users\BTA\Desktop\PJ\THDELIVERY\backend\node_modules\esbuild\lib\main.js:736:50
    at responseCallbacks.<computed> (C:\Users\BTA\Desktop\PJ\THDELIVERY\backend\node_modules\esbuild\lib\main.js:603:9)
    at handleIncomingPacket (C:\Users\BTA\Desktop\PJ\THDELIVERY\backend\node_modules\esbuild\lib\main.js:658:12)
    at Socket.readFromStdout (C:\Users\BTA\Desktop\PJ\THDELIVERY\backend\node_modules\esbuild\lib\main.js:581:7)
    at Socket.emit (node:events:519:28)
    at addChunk (node:internal/streams/readable:561:12)
    at readableAddChunkPushByteMode (node:internal/streams/readable:512:3)
    at Readable.push (node:internal/streams/readable:392:5)
    at Pipe.onStreamRead (node:internal/stream_base_commons:189:23)
Error: Transform failed with 1 error:
C:\Users\BTA\Desktop\PJ\THDELIVERY\backend\src\modules\promotion\promotion.service.ts:46:9: ERROR: Expected ";" but found "class"
    at failureErrorWithLog (C:\Users\BTA\Desktop\PJ\THDELIVERY\backend\node_modules\esbuild\lib\main.js:1467:15)
    at C:\Users\BTA\Desktop\PJ\THDELIVERY\backend\node_modules\esbuild\lib\main.js:736:50
    at responseCallbacks.<computed> (C:\Users\BTA\Desktop\PJ\THDELIVERY\backend\node_modules\esbuild\lib\main.js:603:9)
    at handleIncomingPacket (C:\Users\BTA\Desktop\PJ\THDELIVERY\backend\node_modules\esbuild\lib\main.js:658:12)
    at Socket.readFromStdout (C:\Users\BTA\Desktop\PJ\THDELIVERY\backend\node_modules\esbuild\lib\main.js:581:7)
    at Socket.emit (node:events:519:28)
    at addChunk (node:internal/streams/readable:561:12)
    at readableAddChunkPushByteMode (node:internal/streams/readable:512:3)
    at Readable.push (node:internal/streams/readable:392:5)
    at Pipe.onStreamRead (node:internal/stream_base_commons:189:23){"error":{"name":"TransformError"},"exception":true,"date":"Tue Dec 30 2025 22:32:17 GMT-0300 (Brasilia Standard Time)","process":{"pid":19256,"uid":null,"gid":null,"cwd":"C:\\Users\\BTA\\Desktop\\PJ\\THDELIVERY\\backend","execPath":"C:\\Program Files\\nodejs\\node.exe","version":"v22.20.0","argv":["C:\\Program Files\\nodejs\\node.exe","C:\\Users\\BTA\\Desktop\\PJ\\THDELIVERY\\backend\\src\\server.ts"],"memoryUsage":{"rss":115761152,"heapTotal":39936000,"heapUsed":27339456,"external":5217046,"arrayBuffers":273755}},"os":{"loadavg":[0,0,0],"uptime":14311.14},"trace":[{"column":15,"file":"C:\\Users\\BTA\\Desktop\\PJ\\THDELIVERY\\backend\\node_modules\\esbuild\\lib\\main.js","function":"failureErrorWithLog","line":1467,"method":null,"native":false},{"column":50,"file":"C:\\Users\\BTA\\Desktop\\PJ\\THDELIVERY\\backend\\node_modules\\esbuild\\lib\\main.js","function":null,"line":736,"method":null,"native":false},{"column":9,"file":"C:\\Users\\BTA\\Desktop\\PJ\\THDELIVERY\\backend\\node_modules\\esbuild\\lib\\main.js","function":"responseCallbacks.<computed>","line":603,"method":"<computed>","native":false},{"column":12,"file":"C:\\Users\\BTA\\Desktop\\PJ\\THDELIVERY\\backend\\node_modules\\esbuild\\lib\\main.js","function":"handleIncomingPacket","line":658,"method":null,"native":false},{"column":7,"file":"C:\\Users\\BTA\\Desktop\\PJ\\THDELIVERY\\backend\\node_modules\\esbuild\\lib\\main.js","function":"Socket.readFromStdout","line":581,"method":"readFromStdout","native":false},{"column":28,"file":"node:events","function":"Socket.emit","line":519,"method":"emit","native":false},{"column":12,"file":"node:internal/streams/readable","function":"addChunk","line":561,"method":null,"native":false},{"column":3,"file":"node:internal/streams/readable","function":"readableAddChunkPushByteMode","line":512,"method":null,"native":false},{"column":5,"file":"node:internal/streams/readable","function":"Readable.push","line":392,"method":"push","native":false},{"column":23,"file":"node:internal/stream_base_commons","function":"Pipe.onStreamRead","line":189,"method":"onStreamRead","native":false}]}
[2025-12-31T01:32:22.349Z] [31merror[39m: uncaughtException: Transform failed with 1 error:
C:\Users\BTA\Desktop\PJ\THDELIVERY\backend\src\modules\promotion\promotion.service.ts:61:9: ERROR: Expected ";" but found "{"
Error: Transform failed with 1 error:
C:\Users\BTA\Desktop\PJ\THDELIVERY\backend\src\modules\promotion\promotion.service.ts:61:9: ERROR: Expected ";" but found "{"
    at failureErrorWithLog (C:\Users\BTA\Desktop\PJ\THDELIVERY\backend\node_modules\esbuild\lib\main.js:1467:15)
    at C:\Users\BTA\Desktop\PJ\THDELIVERY\backend\node_modules\esbuild\lib\main.js:736:50
    at responseCallbacks.<computed> (C:\Users\BTA\Desktop\PJ\THDELIVERY\backend\node_modules\esbuild\lib\main.js:603:9)
    at handleIncomingPacket (C:\Users\BTA\Desktop\PJ\THDELIVERY\backend\node_modules\esbuild\lib\main.js:658:12)
    at Socket.readFromStdout (C:\Users\BTA\Desktop\PJ\THDELIVERY\backend\node_modules\esbuild\lib\main.js:581:7)
    at Socket.emit (node:events:519:28)
    at addChunk (node:internal/streams/readable:561:12)
    at readableAddChunkPushByteMode (node:internal/streams/readable:512:3)
    at Readable.push (node:internal/streams/readable:392:5)
    at Pipe.onStreamRead (node:internal/stream_base_commons:189:23)
Error: Transform failed with 1 error:
C:\Users\BTA\Desktop\PJ\THDELIVERY\backend\src\modules\promotion\promotion.service.ts:61:9: ERROR: Expected ";" but found "{"
    at failureErrorWithLog (C:\Users\BTA\Desktop\PJ\THDELIVERY\backend\node_modules\esbuild\lib\main.js:1467:15)
    at C:\Users\BTA\Desktop\PJ\THDELIVERY\backend\node_modules\esbuild\lib\main.js:736:50
    at responseCallbacks.<computed> (C:\Users\BTA\Desktop\PJ\THDELIVERY\backend\node_modules\esbuild\lib\main.js:603:9)
    at handleIncomingPacket (C:\Users\BTA\Desktop\PJ\THDELIVERY\backend\node_modules\esbuild\lib\main.js:658:12)
    at Socket.readFromStdout (C:\Users\BTA\Desktop\PJ\THDELIVERY\backend\node_modules\esbuild\lib\main.js:581:7)
    at Socket.emit (node:events:519:28)
    at addChunk (node:internal/streams/readable:561:12)
    at readableAddChunkPushByteMode (node:internal/streams/readable:512:3)
    at Readable.push (node:internal/streams/readable:392:5)
    at Pipe.onStreamRead (node:internal/stream_base_commons:189:23){"error":{"name":"TransformError"},"exception":true,"date":"Tue Dec 30 2025 22:32:22 GMT-0300 (Brasilia Standard Time)","process":{"pid":9840,"uid":null,"gid":null,"cwd":"C:\\Users\\BTA\\Desktop\\PJ\\THDELIVERY\\backend","execPath":"C:\\Program Files\\nodejs\\node.exe","version":"v22.20.0","argv":["C:\\Program Files\\nodejs\\node.exe","C:\\Users\\BTA\\Desktop\\PJ\\THDELIVERY\\backend\\src\\server.ts"],"memoryUsage":{"rss":115535872,"heapTotal":40198144,"heapUsed":27406880,"external":5219278,"arrayBuffers":275987}},"os":{"loadavg":[0,0,0],"uptime":14316.046},"trace":[{"column":15,"file":"C:\\Users\\BTA\\Desktop\\PJ\\THDELIVERY\\backend\\node_modules\\esbuild\\lib\\main.js","function":"failureErrorWithLog","line":1467,"method":null,"native":false},{"column":50,"file":"C:\\Users\\BTA\\Desktop\\PJ\\THDELIVERY\\backend\\node_modules\\esbuild\\lib\\main.js","function":null,"line":736,"method":null,"native":false},{"column":9,"file":"C:\\Users\\BTA\\Desktop\\PJ\\THDELIVERY\\backend\\node_modules\\esbuild\\lib\\main.js","function":"responseCallbacks.<computed>","line":603,"method":"<computed>","native":false},{"column":12,"file":"C:\\Users\\BTA\\Desktop\\PJ\\THDELIVERY\\backend\\node_modules\\esbuild\\lib\\main.js","function":"handleIncomingPacket","line":658,"method":null,"native":false},{"column":7,"file":"C:\\Users\\BTA\\Desktop\\PJ\\THDELIVERY\\backend\\node_modules\\esbuild\\lib\\main.js","function":"Socket.readFromStdout","line":581,"method":"readFromStdout","native":false},{"column":28,"file":"node:events","function":"Socket.emit","line":519,"method":"emit","native":false},{"column":12,"file":"node:internal/streams/readable","function":"addChunk","line":561,"method":null,"native":false},{"column":3,"file":"node:internal/streams/readable","function":"readableAddChunkPushByteMode","line":512,"method":null,"native":false},{"column":5,"file":"node:internal/streams/readable","function":"Readable.push","line":392,"method":"push","native":false},{"column":23,"file":"node:internal/stream_base_commons","function":"Pipe.onStreamRead","line":189,"method":"onStreamRead","native":false}]}
[2025-12-31T01:32:34.095Z] [31merror[39m: uncaughtException: Transform failed with 1 error:
C:\Users\BTA\Desktop\PJ\THDELIVERY\backend\src\modules\promotion\promotion.service.ts:59:9: ERROR: Expected ";" but found "{"
Error: Transform failed with 1 error:
C:\Users\BTA\Desktop\PJ\THDELIVERY\backend\src\modules\promotion\promotion.service.ts:59:9: ERROR: Expected ";" but found "{"
    at failureErrorWithLog (C:\Users\BTA\Desktop\PJ\THDELIVERY\backend\node_modules\esbuild\lib\main.js:1467:15)
    at C:\Users\BTA\Desktop\PJ\THDELIVERY\backend\node_modules\esbuild\lib\main.js:736:50
    at responseCallbacks.<computed> (C:\Users\BTA\Desktop\PJ\THDELIVERY\backend\node_modules\esbuild\lib\main.js:603:9)
    at handleIncomingPacket (C:\Users\BTA\Desktop\PJ\THDELIVERY\backend\node_modules\esbuild\lib\main.js:658:12)
    at Socket.readFromStdout (C:\Users\BTA\Desktop\PJ\THDELIVERY\backend\node_modules\esbuild\lib\main.js:581:7)
    at Socket.emit (node:events:519:28)
    at addChunk (node:internal/streams/readable:561:12)
    at readableAddChunkPushByteMode (node:internal/streams/readable:512:3)
    at Readable.push (node:internal/streams/readable:392:5)
    at Pipe.onStreamRead (node:internal/stream_base_commons:189:23)
Error: Transform failed with 1 error:
C:\Users\BTA\Desktop\PJ\THDELIVERY\backend\src\modules\promotion\promotion.service.ts:59:9: ERROR: Expected ";" but found "{"
    at failureErrorWithLog (C:\Users\BTA\Desktop\PJ\THDELIVERY\backend\node_modules\esbuild\lib\main.js:1467:15)
    at C:\Users\BTA\Desktop\PJ\THDELIVERY\backend\node_modules\esbuild\lib\main.js:736:50
    at responseCallbacks.<computed> (C:\Users\BTA\Desktop\PJ\THDELIVERY\backend\node_modules\esbuild\lib\main.js:603:9)
    at handleIncomingPacket (C:\Users\BTA\Desktop\PJ\THDELIVERY\backend\node_modules\esbuild\lib\main.js:658:12)
    at Socket.readFromStdout (C:\Users\BTA\Desktop\PJ\THDELIVERY\backend\node_modules\esbuild\lib\main.js:581:7)
    at Socket.emit (node:events:519:28)
    at addChunk (node:internal/streams/readable:561:12)
    at readableAddChunkPushByteMode (node:internal/streams/readable:512:3)
    at Readable.push (node:internal/streams/readable:392:5)
    at Pipe.onStreamRead (node:internal/stream_base_commons:189:23){"error":{"name":"TransformError"},"exception":true,"date":"Tue Dec 30 2025 22:32:34 GMT-0300 (Brasilia Standard Time)","process":{"pid":9668,"uid":null,"gid":null,"cwd":"C:\\Users\\BTA\\Desktop\\PJ\\THDELIVERY\\backend","execPath":"C:\\Program Files\\nodejs\\node.exe","version":"v22.20.0","argv":["C:\\Program Files\\nodejs\\node.exe","C:\\Users\\BTA\\Desktop\\PJ\\THDELIVERY\\backend\\src\\server.ts"],"memoryUsage":{"rss":115863552,"heapTotal":39936000,"heapUsed":27443720,"external":5216614,"arrayBuffers":273323}},"os":{"loadavg":[0,0,0],"uptime":14327.796},"trace":[{"column":15,"file":"C:\\Users\\BTA\\Desktop\\PJ\\THDELIVERY\\backend\\node_modules\\esbuild\\lib\\main.js","function":"failureErrorWithLog","line":1467,"method":null,"native":false},{"column":50,"file":"C:\\Users\\BTA\\Desktop\\PJ\\THDELIVERY\\backend\\node_modules\\esbuild\\lib\\main.js","function":null,"line":736,"method":null,"native":false},{"column":9,"file":"C:\\Users\\BTA\\Desktop\\PJ\\THDELIVERY\\backend\\node_modules\\esbuild\\lib\\main.js","function":"responseCallbacks.<computed>","line":603,"method":"<computed>","native":false},{"column":12,"file":"C:\\Users\\BTA\\Desktop\\PJ\\THDELIVERY\\backend\\node_modules\\esbuild\\lib\\main.js","function":"handleIncomingPacket","line":658,"method":null,"native":false},{"column":7,"file":"C:\\Users\\BTA\\Desktop\\PJ\\THDELIVERY\\backend\\node_modules\\esbuild\\lib\\main.js","function":"Socket.readFromStdout","line":581,"method":"readFromStdout","native":false},{"column":28,"file":"node:events","function":"Socket.emit","line":519,"method":"emit","native":false},{"column":12,"file":"node:internal/streams/readable","function":"addChunk","line":561,"method":null,"native":false},{"column":3,"file":"node:internal/streams/readable","function":"readableAddChunkPushByteMode","line":512,"method":null,"native":false},{"column":5,"file":"node:internal/streams/readable","function":"Readable.push","line":392,"method":"push","native":false},{"column":23,"file":"node:internal/stream_base_commons","function":"Pipe.onStreamRead","line":189,"method":"onStreamRead","native":false}]}
[2025-12-31T01:32:39.804Z] [31merror[39m: uncaughtException: Transform failed with 1 error:
C:\Users\BTA\Desktop\PJ\THDELIVERY\backend\src\modules\promotion\promotion.service.ts:61:9: ERROR: Expected ";" but found "{"
Error: Transform failed with 1 error:
C:\Users\BTA\Desktop\PJ\THDELIVERY\backend\src\modules\promotion\promotion.service.ts:61:9: ERROR: Expected ";" but found "{"
    at failureErrorWithLog (C:\Users\BTA\Desktop\PJ\THDELIVERY\backend\node_modules\esbuild\lib\main.js:1467:15)
    at C:\Users\BTA\Desktop\PJ\THDELIVERY\backend\node_modules\esbuild\lib\main.js:736:50
    at responseCallbacks.<computed> (C:\Users\BTA\Desktop\PJ\THDELIVERY\backend\node_modules\esbuild\lib\main.js:603:9)
    at handleIncomingPacket (C:\Users\BTA\Desktop\PJ\THDELIVERY\backend\node_modules\esbuild\lib\main.js:658:12)
    at Socket.readFromStdout (C:\Users\BTA\Desktop\PJ\THDELIVERY\backend\node_modules\esbuild\lib\main.js:581:7)
    at Socket.emit (node:events:519:28)
    at addChunk (node:internal/streams/readable:561:12)
    at readableAddChunkPushByteMode (node:internal/streams/readable:512:3)
    at Readable.push (node:internal/streams/readable:392:5)
    at Pipe.onStreamRead (node:internal/stream_base_commons:189:23)
Error: Transform failed with 1 error:
C:\Users\BTA\Desktop\PJ\THDELIVERY\backend\src\modules\promotion\promotion.service.ts:61:9: ERROR: Expected ";" but found "{"
    at failureErrorWithLog (C:\Users\BTA\Desktop\PJ\THDELIVERY\backend\node_modules\esbuild\lib\main.js:1467:15)
    at C:\Users\BTA\Desktop\PJ\THDELIVERY\backend\node_modules\esbuild\lib\main.js:736:50
    at responseCallbacks.<computed> (C:\Users\BTA\Desktop\PJ\THDELIVERY\backend\node_modules\esbuild\lib\main.js:603:9)
    at handleIncomingPacket (C:\Users\BTA\Desktop\PJ\THDELIVERY\backend\node_modules\esbuild\lib\main.js:658:12)
    at Socket.readFromStdout (C:\Users\BTA\Desktop\PJ\THDELIVERY\backend\node_modules\esbuild\lib\main.js:581:7)
    at Socket.emit (node:events:519:28)
    at addChunk (node:internal/streams/readable:561:12)
    at readableAddChunkPushByteMode (node:internal/streams/readable:512:3)
    at Readable.push (node:internal/streams/readable:392:5)
    at Pipe.onStreamRead (node:internal/stream_base_commons:189:23){"error":{"name":"TransformError"},"exception":true,"date":"Tue Dec 30 2025 22:32:39 GMT-0300 (Brasilia Standard Time)","process":{"pid":19092,"uid":null,"gid":null,"cwd":"C:\\Users\\BTA\\Desktop\\PJ\\THDELIVERY\\backend","execPath":"C:\\Program Files\\nodejs\\node.exe","version":"v22.20.0","argv":["C:\\Program Files\\nodejs\\node.exe","C:\\Users\\BTA\\Desktop\\PJ\\THDELIVERY\\backend\\src\\server.ts"],"memoryUsage":{"rss":115552256,"heapTotal":39936000,"heapUsed":27486656,"external":5219282,"arrayBuffers":275991}},"os":{"loadavg":[0,0,0],"uptime":14333.5},"trace":[{"column":15,"file":"C:\\Users\\BTA\\Desktop\\PJ\\THDELIVERY\\backend\\node_modules\\esbuild\\lib\\main.js","function":"failureErrorWithLog","line":1467,"method":null,"native":false},{"column":50,"file":"C:\\Users\\BTA\\Desktop\\PJ\\THDELIVERY\\backend\\node_modules\\esbuild\\lib\\main.js","function":null,"line":736,"method":null,"native":false},{"column":9,"file":"C:\\Users\\BTA\\Desktop\\PJ\\THDELIVERY\\backend\\node_modules\\esbuild\\lib\\main.js","function":"responseCallbacks.<computed>","line":603,"method":"<computed>","native":false},{"column":12,"file":"C:\\Users\\BTA\\Desktop\\PJ\\THDELIVERY\\backend\\node_modules\\esbuild\\lib\\main.js","function":"handleIncomingPacket","line":658,"method":null,"native":false},{"column":7,"file":"C:\\Users\\BTA\\Desktop\\PJ\\THDELIVERY\\backend\\node_modules\\esbuild\\lib\\main.js","function":"Socket.readFromStdout","line":581,"method":"readFromStdout","native":false},{"column":28,"file":"node:events","function":"Socket.emit","line":519,"method":"emit","native":false},{"column":12,"file":"node:internal/streams/readable","function":"addChunk","line":561,"method":null,"native":false},{"column":3,"file":"node:internal/streams/readable","function":"readableAddChunkPushByteMode","line":512,"method":null,"native":false},{"column":5,"file":"node:internal/streams/readable","function":"Readable.push","line":392,"method":"push","native":false},{"column":23,"file":"node:internal/stream_base_commons","function":"Pipe.onStreamRead","line":189,"method":"onStreamRead","native":false}]}
[2025-12-31T01:33:09.447Z] [31merror[39m: uncaughtException: Transform failed with 1 error:
C:\Users\BTA\Desktop\PJ\THDELIVERY\backend\src\modules\promotion\promotion.service.ts:45:11: ERROR: Unexpected "."
Error: Transform failed with 1 error:
C:\Users\BTA\Desktop\PJ\THDELIVERY\backend\src\modules\promotion\promotion.service.ts:45:11: ERROR: Unexpected "."
    at failureErrorWithLog (C:\Users\BTA\Desktop\PJ\THDELIVERY\backend\node_modules\esbuild\lib\main.js:1467:15)
    at C:\Users\BTA\Desktop\PJ\THDELIVERY\backend\node_modules\esbuild\lib\main.js:736:50
    at responseCallbacks.<computed> (C:\Users\BTA\Desktop\PJ\THDELIVERY\backend\node_modules\esbuild\lib\main.js:603:9)
    at handleIncomingPacket (C:\Users\BTA\Desktop\PJ\THDELIVERY\backend\node_modules\esbuild\lib\main.js:658:12)
    at Socket.readFromStdout (C:\Users\BTA\Desktop\PJ\THDELIVERY\backend\node_modules\esbuild\lib\main.js:581:7)
    at Socket.emit (node:events:519:28)
    at addChunk (node:internal/streams/readable:561:12)
    at readableAddChunkPushByteMode (node:internal/streams/readable:512:3)
    at Readable.push (node:internal/streams/readable:392:5)
    at Pipe.onStreamRead (node:internal/stream_base_commons:189:23)
Error: Transform failed with 1 error:
C:\Users\BTA\Desktop\PJ\THDELIVERY\backend\src\modules\promotion\promotion.service.ts:45:11: ERROR: Unexpected "."
    at failureErrorWithLog (C:\Users\BTA\Desktop\PJ\THDELIVERY\backend\node_modules\esbuild\lib\main.js:1467:15)
    at C:\Users\BTA\Desktop\PJ\THDELIVERY\backend\node_modules\esbuild\lib\main.js:736:50
    at responseCallbacks.<computed> (C:\Users\BTA\Desktop\PJ\THDELIVERY\backend\node_modules\esbuild\lib\main.js:603:9)
    at handleIncomingPacket (C:\Users\BTA\Desktop\PJ\THDELIVERY\backend\node_modules\esbuild\lib\main.js:658:12)
    at Socket.readFromStdout (C:\Users\BTA\Desktop\PJ\THDELIVERY\backend\node_modules\esbuild\lib\main.js:581:7)
    at Socket.emit (node:events:519:28)
    at addChunk (node:internal/streams/readable:561:12)
    at readableAddChunkPushByteMode (node:internal/streams/readable:512:3)
    at Readable.push (node:internal/streams/readable:392:5)
    at Pipe.onStreamRead (node:internal/stream_base_commons:189:23){"error":{"name":"TransformError"},"exception":true,"date":"Tue Dec 30 2025 22:33:09 GMT-0300 (Brasilia Standard Time)","process":{"pid":9356,"uid":null,"gid":null,"cwd":"C:\\Users\\BTA\\Desktop\\PJ\\THDELIVERY\\backend","execPath":"C:\\Program Files\\nodejs\\node.exe","version":"v22.20.0","argv":["C:\\Program Files\\nodejs\\node.exe","C:\\Users\\BTA\\Desktop\\PJ\\THDELIVERY\\backend\\src\\server.ts"],"memoryUsage":{"rss":115843072,"heapTotal":40460288,"heapUsed":27246104,"external":5218678,"arrayBuffers":275387}},"os":{"loadavg":[0,0,0],"uptime":14363.14},"trace":[{"column":15,"file":"C:\\Users\\BTA\\Desktop\\PJ\\THDELIVERY\\backend\\node_modules\\esbuild\\lib\\main.js","function":"failureErrorWithLog","line":1467,"method":null,"native":false},{"column":50,"file":"C:\\Users\\BTA\\Desktop\\PJ\\THDELIVERY\\backend\\node_modules\\esbuild\\lib\\main.js","function":null,"line":736,"method":null,"native":false},{"column":9,"file":"C:\\Users\\BTA\\Desktop\\PJ\\THDELIVERY\\backend\\node_modules\\esbuild\\lib\\main.js","function":"responseCallbacks.<computed>","line":603,"method":"<computed>","native":false},{"column":12,"file":"C:\\Users\\BTA\\Desktop\\PJ\\THDELIVERY\\backend\\node_modules\\esbuild\\lib\\main.js","function":"handleIncomingPacket","line":658,"method":null,"native":false},{"column":7,"file":"C:\\Users\\BTA\\Desktop\\PJ\\THDELIVERY\\backend\\node_modules\\esbuild\\lib\\main.js","function":"Socket.readFromStdout","line":581,"method":"readFromStdout","native":false},{"column":28,"file":"node:events","function":"Socket.emit","line":519,"method":"emit","native":false},{"column":12,"file":"node:internal/streams/readable","function":"addChunk","line":561,"method":null,"native":false},{"column":3,"file":"node:internal/streams/readable","function":"readableAddChunkPushByteMode","line":512,"method":null,"native":false},{"column":5,"file":"node:internal/streams/readable","function":"Readable.push","line":392,"method":"push","native":false},{"column":23,"file":"node:internal/stream_base_commons","function":"Pipe.onStreamRead","line":189,"method":"onStreamRead","native":false}]}
[2025-12-31T01:33:17.116Z] [31merror[39m: uncaughtException: Transform failed with 1 error:
C:\Users\BTA\Desktop\PJ\THDELIVERY\backend\src\modules\promotion\promotion.service.ts:45:21: ERROR: Expected identifier but found "."
Error: Transform failed with 1 error:
C:\Users\BTA\Desktop\PJ\THDELIVERY\backend\src\modules\promotion\promotion.service.ts:45:21: ERROR: Expected identifier but found "."
    at failureErrorWithLog (C:\Users\BTA\Desktop\PJ\THDELIVERY\backend\node_modules\esbuild\lib\main.js:1467:15)
    at C:\Users\BTA\Desktop\PJ\THDELIVERY\backend\node_modules\esbuild\lib\main.js:736:50
    at responseCallbacks.<computed> (C:\Users\BTA\Desktop\PJ\THDELIVERY\backend\node_modules\esbuild\lib\main.js:603:9)
    at handleIncomingPacket (C:\Users\BTA\Desktop\PJ\THDELIVERY\backend\node_modules\esbuild\lib\main.js:658:12)
    at Socket.readFromStdout (C:\Users\BTA\Desktop\PJ\THDELIVERY\backend\node_modules\esbuild\lib\main.js:581:7)
    at Socket.emit (node:events:519:28)
    at addChunk (node:internal/streams/readable:561:12)
    at readableAddChunkPushByteMode (node:internal/streams/readable:512:3)
    at Readable.push (node:internal/streams/readable:392:5)
    at Pipe.onStreamRead (node:internal/stream_base_commons:189:23)
Error: Transform failed with 1 error:
C:\Users\BTA\Desktop\PJ\THDELIVERY\backend\src\modules\promotion\promotion.service.ts:45:21: ERROR: Expected identifier but found "."
    at failureErrorWithLog (C:\Users\BTA\Desktop\PJ\THDELIVERY\backend\node_modules\esbuild\lib\main.js:1467:15)
    at C:\Users\BTA\Desktop\PJ\THDELIVERY\backend\node_modules\esbuild\lib\main.js:736:50
    at responseCallbacks.<computed> (C:\Users\BTA\Desktop\PJ\THDELIVERY\backend\node_modules\esbuild\lib\main.js:603:9)
    at handleIncomingPacket (C:\Users\BTA\Desktop\PJ\THDELIVERY\backend\node_modules\esbuild\lib\main.js:658:12)
    at Socket.readFromStdout (C:\Users\BTA\Desktop\PJ\THDELIVERY\backend\node_modules\esbuild\lib\main.js:581:7)
    at Socket.emit (node:events:519:28)
    at addChunk (node:internal/streams/readable:561:12)
    at readableAddChunkPushByteMode (node:internal/streams/readable:512:3)
    at Readable.push (node:internal/streams/readable:392:5)
    at Pipe.onStreamRead (node:internal/stream_base_commons:189:23){"error":{"name":"TransformError"},"exception":true,"date":"Tue Dec 30 2025 22:33:17 GMT-0300 (Brasilia Standard Time)","process":{"pid":14392,"uid":null,"gid":null,"cwd":"C:\\Users\\BTA\\Desktop\\PJ\\THDELIVERY\\backend","execPath":"C:\\Program Files\\nodejs\\node.exe","version":"v22.20.0","argv":["C:\\Program Files\\nodejs\\node.exe","C:\\Users\\BTA\\Desktop\\PJ\\THDELIVERY\\backend\\src\\server.ts"],"memoryUsage":{"rss":115462144,"heapTotal":40198144,"heapUsed":27415968,"external":5219278,"arrayBuffers":275987}},"os":{"loadavg":[0,0,0],"uptime":14370.812},"trace":[{"column":15,"file":"C:\\Users\\BTA\\Desktop\\PJ\\THDELIVERY\\backend\\node_modules\\esbuild\\lib\\main.js","function":"failureErrorWithLog","line":1467,"method":null,"native":false},{"column":50,"file":"C:\\Users\\BTA\\Desktop\\PJ\\THDELIVERY\\backend\\node_modules\\esbuild\\lib\\main.js","function":null,"line":736,"method":null,"native":false},{"column":9,"file":"C:\\Users\\BTA\\Desktop\\PJ\\THDELIVERY\\backend\\node_modules\\esbuild\\lib\\main.js","function":"responseCallbacks.<computed>","line":603,"method":"<computed>","native":false},{"column":12,"file":"C:\\Users\\BTA\\Desktop\\PJ\\THDELIVERY\\backend\\node_modules\\esbuild\\lib\\main.js","function":"handleIncomingPacket","line":658,"method":null,"native":false},{"column":7,"file":"C:\\Users\\BTA\\Desktop\\PJ\\THDELIVERY\\backend\\node_modules\\esbuild\\lib\\main.js","function":"Socket.readFromStdout","line":581,"method":"readFromStdout","native":false},{"column":28,"file":"node:events","function":"Socket.emit","line":519,"method":"emit","native":false},{"column":12,"file":"node:internal/streams/readable","function":"addChunk","line":561,"method":null,"native":false},{"column":3,"file":"node:internal/streams/readable","function":"readableAddChunkPushByteMode","line":512,"method":null,"native":false},{"column":5,"file":"node:internal/streams/readable","function":"Readable.push","line":392,"method":"push","native":false},{"column":23,"file":"node:internal/stream_base_commons","function":"Pipe.onStreamRead","line":189,"method":"onStreamRead","native":false}]}
[2025-12-31T01:34:14.774Z] [31merror[39m: uncaughtException: Transform failed with 1 error:
C:\Users\BTA\Desktop\PJ\THDELIVERY\backend\src\modules\promotion\promotion.service.ts:45:21: ERROR: Expected identifier but found "."
Error: Transform failed with 1 error:
C:\Users\BTA\Desktop\PJ\THDELIVERY\backend\src\modules\promotion\promotion.service.ts:45:21: ERROR: Expected identifier but found "."
    at failureErrorWithLog (C:\Users\BTA\Desktop\PJ\THDELIVERY\backend\node_modules\esbuild\lib\main.js:1467:15)
    at C:\Users\BTA\Desktop\PJ\THDELIVERY\backend\node_modules\esbuild\lib\main.js:736:50
    at responseCallbacks.<computed> (C:\Users\BTA\Desktop\PJ\THDELIVERY\backend\node_modules\esbuild\lib\main.js:603:9)
    at handleIncomingPacket (C:\Users\BTA\Desktop\PJ\THDELIVERY\backend\node_modules\esbuild\lib\main.js:658:12)
    at Socket.readFromStdout (C:\Users\BTA\Desktop\PJ\THDELIVERY\backend\node_modules\esbuild\lib\main.js:581:7)
    at Socket.emit (node:events:519:28)
    at addChunk (node:internal/streams/readable:561:12)
    at readableAddChunkPushByteMode (node:internal/streams/readable:512:3)
    at Readable.push (node:internal/streams/readable:392:5)
    at Pipe.onStreamRead (node:internal/stream_base_commons:189:23)
Error: Transform failed with 1 error:
C:\Users\BTA\Desktop\PJ\THDELIVERY\backend\src\modules\promotion\promotion.service.ts:45:21: ERROR: Expected identifier but found "."
    at failureErrorWithLog (C:\Users\BTA\Desktop\PJ\THDELIVERY\backend\node_modules\esbuild\lib\main.js:1467:15)
    at C:\Users\BTA\Desktop\PJ\THDELIVERY\backend\node_modules\esbuild\lib\main.js:736:50
    at responseCallbacks.<computed> (C:\Users\BTA\Desktop\PJ\THDELIVERY\backend\node_modules\esbuild\lib\main.js:603:9)
    at handleIncomingPacket (C:\Users\BTA\Desktop\PJ\THDELIVERY\backend\node_modules\esbuild\lib\main.js:658:12)
    at Socket.readFromStdout (C:\Users\BTA\Desktop\PJ\THDELIVERY\backend\node_modules\esbuild\lib\main.js:581:7)
    at Socket.emit (node:events:519:28)
    at addChunk (node:internal/streams/readable:561:12)
    at readableAddChunkPushByteMode (node:internal/streams/readable:512:3)
    at Readable.push (node:internal/streams/readable:392:5)
    at Pipe.onStreamRead (node:internal/stream_base_commons:189:23){"error":{"name":"TransformError"},"exception":true,"date":"Tue Dec 30 2025 22:34:14 GMT-0300 (Brasilia Standard Time)","process":{"pid":18600,"uid":null,"gid":null,"cwd":"C:\\Users\\BTA\\Desktop\\PJ\\THDELIVERY\\backend","execPath":"C:\\Program Files\\nodejs\\node.exe","version":"v22.20.0","argv":["C:\\Program Files\\nodejs\\node.exe","C:\\Users\\BTA\\Desktop\\PJ\\THDELIVERY\\backend\\src\\server.ts"],"memoryUsage":{"rss":115691520,"heapTotal":39936000,"heapUsed":27325176,"external":5219278,"arrayBuffers":275987}},"os":{"loadavg":[0,0,0],"uptime":14428.468},"trace":[{"column":15,"file":"C:\\Users\\BTA\\Desktop\\PJ\\THDELIVERY\\backend\\node_modules\\esbuild\\lib\\main.js","function":"failureErrorWithLog","line":1467,"method":null,"native":false},{"column":50,"file":"C:\\Users\\BTA\\Desktop\\PJ\\THDELIVERY\\backend\\node_modules\\esbuild\\lib\\main.js","function":null,"line":736,"method":null,"native":false},{"column":9,"file":"C:\\Users\\BTA\\Desktop\\PJ\\THDELIVERY\\backend\\node_modules\\esbuild\\lib\\main.js","function":"responseCallbacks.<computed>","line":603,"method":"<computed>","native":false},{"column":12,"file":"C:\\Users\\BTA\\Desktop\\PJ\\THDELIVERY\\backend\\node_modules\\esbuild\\lib\\main.js","function":"handleIncomingPacket","line":658,"method":null,"native":false},{"column":7,"file":"C:\\Users\\BTA\\Desktop\\PJ\\THDELIVERY\\backend\\node_modules\\esbuild\\lib\\main.js","function":"Socket.readFromStdout","line":581,"method":"readFromStdout","native":false},{"column":28,"file":"node:events","function":"Socket.emit","line":519,"method":"emit","native":false},{"column":12,"file":"node:internal/streams/readable","function":"addChunk","line":561,"method":null,"native":false},{"column":3,"file":"node:internal/streams/readable","function":"readableAddChunkPushByteMode","line":512,"method":null,"native":false},{"column":5,"file":"node:internal/streams/readable","function":"Readable.push","line":392,"method":"push","native":false},{"column":23,"file":"node:internal/stream_base_commons","function":"Pipe.onStreamRead","line":189,"method":"onStreamRead","native":false}]}
[2025-12-31T02:17:27.033Z] [31merror[39m: uncaughtException: Transform failed with 1 error:
C:\Users\BTA\Desktop\PJ\THDELIVERY\backend\src\modules\promotion\promotion.service.ts:71:18: ERROR: Expected identifier but found "."
Error: Transform failed with 1 error:
C:\Users\BTA\Desktop\PJ\THDELIVERY\backend\src\modules\promotion\promotion.service.ts:71:18: ERROR: Expected identifier but found "."
    at failureErrorWithLog (C:\Users\BTA\Desktop\PJ\THDELIVERY\backend\node_modules\esbuild\lib\main.js:1467:15)
    at C:\Users\BTA\Desktop\PJ\THDELIVERY\backend\node_modules\esbuild\lib\main.js:736:50
    at responseCallbacks.<computed> (C:\Users\BTA\Desktop\PJ\THDELIVERY\backend\node_modules\esbuild\lib\main.js:603:9)
    at handleIncomingPacket (C:\Users\BTA\Desktop\PJ\THDELIVERY\backend\node_modules\esbuild\lib\main.js:658:12)
    at Socket.readFromStdout (C:\Users\BTA\Desktop\PJ\THDELIVERY\backend\node_modules\esbuild\lib\main.js:581:7)
    at Socket.emit (node:events:519:28)
    at addChunk (node:internal/streams/readable:561:12)
    at readableAddChunkPushByteMode (node:internal/streams/readable:512:3)
    at Readable.push (node:internal/streams/readable:392:5)
    at Pipe.onStreamRead (node:internal/stream_base_commons:189:23)
Error: Transform failed with 1 error:
C:\Users\BTA\Desktop\PJ\THDELIVERY\backend\src\modules\promotion\promotion.service.ts:71:18: ERROR: Expected identifier but found "."
    at failureErrorWithLog (C:\Users\BTA\Desktop\PJ\THDELIVERY\backend\node_modules\esbuild\lib\main.js:1467:15)
    at C:\Users\BTA\Desktop\PJ\THDELIVERY\backend\node_modules\esbuild\lib\main.js:736:50
    at responseCallbacks.<computed> (C:\Users\BTA\Desktop\PJ\THDELIVERY\backend\node_modules\esbuild\lib\main.js:603:9)
    at handleIncomingPacket (C:\Users\BTA\Desktop\PJ\THDELIVERY\backend\node_modules\esbuild\lib\main.js:658:12)
    at Socket.readFromStdout (C:\Users\BTA\Desktop\PJ\THDELIVERY\backend\node_modules\esbuild\lib\main.js:581:7)
    at Socket.emit (node:events:519:28)
    at addChunk (node:internal/streams/readable:561:12)
    at readableAddChunkPushByteMode (node:internal/streams/readable:512:3)
    at Readable.push (node:internal/streams/readable:392:5)
    at Pipe.onStreamRead (node:internal/stream_base_commons:189:23){"error":{"name":"TransformError"},"exception":true,"date":"Tue Dec 30 2025 23:17:27 GMT-0300 (Brasilia Standard Time)","process":{"pid":3472,"uid":null,"gid":null,"cwd":"C:\\Users\\BTA\\Desktop\\PJ\\THDELIVERY\\backend","execPath":"C:\\Program Files\\nodejs\\node.exe","version":"v22.20.0","argv":["C:\\Program Files\\nodejs\\node.exe","C:\\Users\\BTA\\Desktop\\PJ\\THDELIVERY\\backend\\src\\server.ts"],"memoryUsage":{"rss":119291904,"heapTotal":39936000,"heapUsed":27432872,"external":5216614,"arrayBuffers":273323}},"os":{"loadavg":[0,0,0],"uptime":17020.734},"trace":[{"column":15,"file":"C:\\Users\\BTA\\Desktop\\PJ\\THDELIVERY\\backend\\node_modules\\esbuild\\lib\\main.js","function":"failureErrorWithLog","line":1467,"method":null,"native":false},{"column":50,"file":"C:\\Users\\BTA\\Desktop\\PJ\\THDELIVERY\\backend\\node_modules\\esbuild\\lib\\main.js","function":null,"line":736,"method":null,"native":false},{"column":9,"file":"C:\\Users\\BTA\\Desktop\\PJ\\THDELIVERY\\backend\\node_modules\\esbuild\\lib\\main.js","function":"responseCallbacks.<computed>","line":603,"method":"<computed>","native":false},{"column":12,"file":"C:\\Users\\BTA\\Desktop\\PJ\\THDELIVERY\\backend\\node_modules\\esbuild\\lib\\main.js","function":"handleIncomingPacket","line":658,"method":null,"native":false},{"column":7,"file":"C:\\Users\\BTA\\Desktop\\PJ\\THDELIVERY\\backend\\node_modules\\esbuild\\lib\\main.js","function":"Socket.readFromStdout","line":581,"method":"readFromStdout","native":false},{"column":28,"file":"node:events","function":"Socket.emit","line":519,"method":"emit","native":false},{"column":12,"file":"node:internal/streams/readable","function":"addChunk","line":561,"method":null,"native":false},{"column":3,"file":"node:internal/streams/readable","function":"readableAddChunkPushByteMode","line":512,"method":null,"native":false},{"column":5,"file":"node:internal/streams/readable","function":"Readable.push","line":392,"method":"push","native":false},{"column":23,"file":"node:internal/stream_base_commons","function":"Pipe.onStreamRead","line":189,"method":"onStreamRead","native":false}]}
[2025-12-31T02:19:48.225Z] [31merror[39m: uncaughtException: Transform failed with 1 error:
C:\Users\BTA\Desktop\PJ\THDELIVERY\backend\src\modules\promotion\promotion.repository.ts:67:13: ERROR: Expected identifier but found "."
Error: Transform failed with 1 error:
C:\Users\BTA\Desktop\PJ\THDELIVERY\backend\src\modules\promotion\promotion.repository.ts:67:13: ERROR: Expected identifier but found "."
    at failureErrorWithLog (C:\Users\BTA\Desktop\PJ\THDELIVERY\backend\node_modules\esbuild\lib\main.js:1467:15)
    at C:\Users\BTA\Desktop\PJ\THDELIVERY\backend\node_modules\esbuild\lib\main.js:736:50
    at responseCallbacks.<computed> (C:\Users\BTA\Desktop\PJ\THDELIVERY\backend\node_modules\esbuild\lib\main.js:603:9)
    at handleIncomingPacket (C:\Users\BTA\Desktop\PJ\THDELIVERY\backend\node_modules\esbuild\lib\main.js:658:12)
    at Socket.readFromStdout (C:\Users\BTA\Desktop\PJ\THDELIVERY\backend\node_modules\esbuild\lib\main.js:581:7)
    at Socket.emit (node:events:519:28)
    at addChunk (node:internal/streams/readable:561:12)
    at readableAddChunkPushByteMode (node:internal/streams/readable:512:3)
    at Readable.push (node:internal/streams/readable:392:5)
    at Pipe.onStreamRead (node:internal/stream_base_commons:189:23)
Error: Transform failed with 1 error:
C:\Users\BTA\Desktop\PJ\THDELIVERY\backend\src\modules\promotion\promotion.repository.ts:67:13: ERROR: Expected identifier but found "."
    at failureErrorWithLog (C:\Users\BTA\Desktop\PJ\THDELIVERY\backend\node_modules\esbuild\lib\main.js:1467:15)
    at C:\Users\BTA\Desktop\PJ\THDELIVERY\backend\node_modules\esbuild\lib\main.js:736:50
    at responseCallbacks.<computed> (C:\Users\BTA\Desktop\PJ\THDELIVERY\backend\node_modules\esbuild\lib\main.js:603:9)
    at handleIncomingPacket (C:\Users\BTA\Desktop\PJ\THDELIVERY\backend\node_modules\esbuild\lib\main.js:658:12)
    at Socket.readFromStdout (C:\Users\BTA\Desktop\PJ\THDELIVERY\backend\node_modules\esbuild\lib\main.js:581:7)
    at Socket.emit (node:events:519:28)
    at addChunk (node:internal/streams/readable:561:12)
    at readableAddChunkPushByteMode (node:internal/streams/readable:512:3)
    at Readable.push (node:internal/streams/readable:392:5)
    at Pipe.onStreamRead (node:internal/stream_base_commons:189:23){"error":{"name":"TransformError"},"exception":true,"date":"Tue Dec 30 2025 23:19:48 GMT-0300 (Brasilia Standard Time)","process":{"pid":18528,"uid":null,"gid":null,"cwd":"C:\\Users\\BTA\\Desktop\\PJ\\THDELIVERY\\backend","execPath":"C:\\Program Files\\nodejs\\node.exe","version":"v22.20.0","argv":["C:\\Program Files\\nodejs\\node.exe","C:\\Users\\BTA\\Desktop\\PJ\\THDELIVERY\\backend\\src\\server.ts"],"memoryUsage":{"rss":115503104,"heapTotal":40198144,"heapUsed":27674776,"external":5219282,"arrayBuffers":275991}},"os":{"loadavg":[0,0,0],"uptime":17161.921},"trace":[{"column":15,"file":"C:\\Users\\BTA\\Desktop\\PJ\\THDELIVERY\\backend\\node_modules\\esbuild\\lib\\main.js","function":"failureErrorWithLog","line":1467,"method":null,"native":false},{"column":50,"file":"C:\\Users\\BTA\\Desktop\\PJ\\THDELIVERY\\backend\\node_modules\\esbuild\\lib\\main.js","function":null,"line":736,"method":null,"native":false},{"column":9,"file":"C:\\Users\\BTA\\Desktop\\PJ\\THDELIVERY\\backend\\node_modules\\esbuild\\lib\\main.js","function":"responseCallbacks.<computed>","line":603,"method":"<computed>","native":false},{"column":12,"file":"C:\\Users\\BTA\\Desktop\\PJ\\THDELIVERY\\backend\\node_modules\\esbuild\\lib\\main.js","function":"handleIncomingPacket","line":658,"method":null,"native":false},{"column":7,"file":"C:\\Users\\BTA\\Desktop\\PJ\\THDELIVERY\\backend\\node_modules\\esbuild\\lib\\main.js","function":"Socket.readFromStdout","line":581,"method":"readFromStdout","native":false},{"column":28,"file":"node:events","function":"Socket.emit","line":519,"method":"emit","native":false},{"column":12,"file":"node:internal/streams/readable","function":"addChunk","line":561,"method":null,"native":false},{"column":3,"file":"node:internal/streams/readable","function":"readableAddChunkPushByteMode","line":512,"method":null,"native":false},{"column":5,"file":"node:internal/streams/readable","function":"Readable.push","line":392,"method":"push","native":false},{"column":23,"file":"node:internal/stream_base_commons","function":"Pipe.onStreamRead","line":189,"method":"onStreamRead","native":false}]}
[2025-12-31T19:13:21.172Z] [31merror[39m: uncaughtException: Transform failed with 1 error:
C:\Users\BTA\Desktop\PJ\THDELIVERY\backend\src\modules\order\order.schema.ts:25:2: ERROR: Unexpected "}"
Error: Transform failed with 1 error:
C:\Users\BTA\Desktop\PJ\THDELIVERY\backend\src\modules\order\order.schema.ts:25:2: ERROR: Unexpected "}"
    at failureErrorWithLog (C:\Users\BTA\Desktop\PJ\THDELIVERY\backend\node_modules\esbuild\lib\main.js:1467:15)
    at C:\Users\BTA\Desktop\PJ\THDELIVERY\backend\node_modules\esbuild\lib\main.js:736:50
    at responseCallbacks.<computed> (C:\Users\BTA\Desktop\PJ\THDELIVERY\backend\node_modules\esbuild\lib\main.js:603:9)
    at handleIncomingPacket (C:\Users\BTA\Desktop\PJ\THDELIVERY\backend\node_modules\esbuild\lib\main.js:658:12)
    at Socket.readFromStdout (C:\Users\BTA\Desktop\PJ\THDELIVERY\backend\node_modules\esbuild\lib\main.js:581:7)
    at Socket.emit (node:events:519:28)
    at addChunk (node:internal/streams/readable:561:12)
    at readableAddChunkPushByteMode (node:internal/streams/readable:512:3)
    at Readable.push (node:internal/streams/readable:392:5)
    at Pipe.onStreamRead (node:internal/stream_base_commons:189:23)
Error: Transform failed with 1 error:
C:\Users\BTA\Desktop\PJ\THDELIVERY\backend\src\modules\order\order.schema.ts:25:2: ERROR: Unexpected "}"
    at failureErrorWithLog (C:\Users\BTA\Desktop\PJ\THDELIVERY\backend\node_modules\esbuild\lib\main.js:1467:15)
    at C:\Users\BTA\Desktop\PJ\THDELIVERY\backend\node_modules\esbuild\lib\main.js:736:50
    at responseCallbacks.<computed> (C:\Users\BTA\Desktop\PJ\THDELIVERY\backend\node_modules\esbuild\lib\main.js:603:9)
    at handleIncomingPacket (C:\Users\BTA\Desktop\PJ\THDELIVERY\backend\node_modules\esbuild\lib\main.js:658:12)
    at Socket.readFromStdout (C:\Users\BTA\Desktop\PJ\THDELIVERY\backend\node_modules\esbuild\lib\main.js:581:7)
    at Socket.emit (node:events:519:28)
    at addChunk (node:internal/streams/readable:561:12)
    at readableAddChunkPushByteMode (node:internal/streams/readable:512:3)
    at Readable.push (node:internal/streams/readable:392:5)
    at Pipe.onStreamRead (node:internal/stream_base_commons:189:23){"error":{"name":"TransformError"},"exception":true,"date":"Wed Dec 31 2025 16:13:21 GMT-0300 (Brasilia Standard Time)","process":{"pid":5552,"uid":null,"gid":null,"cwd":"C:\\Users\\BTA\\Desktop\\PJ\\THDELIVERY\\backend","execPath":"C:\\Program Files\\nodejs\\node.exe","version":"v22.20.0","argv":["C:\\Program Files\\nodejs\\node.exe","C:\\Users\\BTA\\Desktop\\PJ\\THDELIVERY\\backend\\src\\server.ts"],"memoryUsage":{"rss":116101120,"heapTotal":40198144,"heapUsed":27632256,"external":5225238,"arrayBuffers":281947}},"os":{"loadavg":[0,0,0],"uptime":77971.437},"trace":[{"column":15,"file":"C:\\Users\\BTA\\Desktop\\PJ\\THDELIVERY\\backend\\node_modules\\esbuild\\lib\\main.js","function":"failureErrorWithLog","line":1467,"method":null,"native":false},{"column":50,"file":"C:\\Users\\BTA\\Desktop\\PJ\\THDELIVERY\\backend\\node_modules\\esbuild\\lib\\main.js","function":null,"line":736,"method":null,"native":false},{"column":9,"file":"C:\\Users\\BTA\\Desktop\\PJ\\THDELIVERY\\backend\\node_modules\\esbuild\\lib\\main.js","function":"responseCallbacks.<computed>","line":603,"method":"<computed>","native":false},{"column":12,"file":"C:\\Users\\BTA\\Desktop\\PJ\\THDELIVERY\\backend\\node_modules\\esbuild\\lib\\main.js","function":"handleIncomingPacket","line":658,"method":null,"native":false},{"column":7,"file":"C:\\Users\\BTA\\Desktop\\PJ\\THDELIVERY\\backend\\node_modules\\esbuild\\lib\\main.js","function":"Socket.readFromStdout","line":581,"method":"readFromStdout","native":false},{"column":28,"file":"node:events","function":"Socket.emit","line":519,"method":"emit","native":false},{"column":12,"file":"node:internal/streams/readable","function":"addChunk","line":561,"method":null,"native":false},{"column":3,"file":"node:internal/streams/readable","function":"readableAddChunkPushByteMode","line":512,"method":null,"native":false},{"column":5,"file":"node:internal/streams/readable","function":"Readable.push","line":392,"method":"push","native":false},{"column":23,"file":"node:internal/stream_base_commons","function":"Pipe.onStreamRead","line":189,"method":"onStreamRead","native":false}]}
[2025-12-31T19:42:10.035Z] [31merror[39m: uncaughtException: Transform failed with 1 error:
C:\Users\BTA\Desktop\PJ\THDELIVERY\backend\src\modules\order\order.service.ts:152:42: ERROR: Unexpected ")"
Error: Transform failed with 1 error:
C:\Users\BTA\Desktop\PJ\THDELIVERY\backend\src\modules\order\order.service.ts:152:42: ERROR: Unexpected ")"
    at failureErrorWithLog (C:\Users\BTA\Desktop\PJ\THDELIVERY\backend\node_modules\esbuild\lib\main.js:1467:15)
    at C:\Users\BTA\Desktop\PJ\THDELIVERY\backend\node_modules\esbuild\lib\main.js:736:50
    at responseCallbacks.<computed> (C:\Users\BTA\Desktop\PJ\THDELIVERY\backend\node_modules\esbuild\lib\main.js:603:9)
    at handleIncomingPacket (C:\Users\BTA\Desktop\PJ\THDELIVERY\backend\node_modules\esbuild\lib\main.js:658:12)
    at Socket.readFromStdout (C:\Users\BTA\Desktop\PJ\THDELIVERY\backend\node_modules\esbuild\lib\main.js:581:7)
    at Socket.emit (node:events:519:28)
    at addChunk (node:internal/streams/readable:561:12)
    at readableAddChunkPushByteMode (node:internal/streams/readable:512:3)
    at Readable.push (node:internal/streams/readable:392:5)
    at Pipe.onStreamRead (node:internal/stream_base_commons:189:23)
Error: Transform failed with 1 error:
C:\Users\BTA\Desktop\PJ\THDELIVERY\backend\src\modules\order\order.service.ts:152:42: ERROR: Unexpected ")"
    at failureErrorWithLog (C:\Users\BTA\Desktop\PJ\THDELIVERY\backend\node_modules\esbuild\lib\main.js:1467:15)
    at C:\Users\BTA\Desktop\PJ\THDELIVERY\backend\node_modules\esbuild\lib\main.js:736:50
    at responseCallbacks.<computed> (C:\Users\BTA\Desktop\PJ\THDELIVERY\backend\node_modules\esbuild\lib\main.js:603:9)
    at handleIncomingPacket (C:\Users\BTA\Desktop\PJ\THDELIVERY\backend\node_modules\esbuild\lib\main.js:658:12)
    at Socket.readFromStdout (C:\Users\BTA\Desktop\PJ\THDELIVERY\backend\node_modules\esbuild\lib\main.js:581:7)
    at Socket.emit (node:events:519:28)
    at addChunk (node:internal/streams/readable:561:12)
    at readableAddChunkPushByteMode (node:internal/streams/readable:512:3)
    at Readable.push (node:internal/streams/readable:392:5)
    at Pipe.onStreamRead (node:internal/stream_base_commons:189:23){"error":{"name":"TransformError"},"exception":true,"date":"Wed Dec 31 2025 16:42:10 GMT-0300 (Brasilia Standard Time)","process":{"pid":20124,"uid":null,"gid":null,"cwd":"C:\\Users\\BTA\\Desktop\\PJ\\THDELIVERY\\backend","execPath":"C:\\Program Files\\nodejs\\node.exe","version":"v22.20.0","argv":["C:\\Program Files\\nodejs\\node.exe","C:\\Users\\BTA\\Desktop\\PJ\\THDELIVERY\\backend\\src\\server.ts"],"memoryUsage":{"rss":115802112,"heapTotal":39936000,"heapUsed":27158864,"external":5211090,"arrayBuffers":267799}},"os":{"loadavg":[0,0,0],"uptime":79700.296},"trace":[{"column":15,"file":"C:\\Users\\BTA\\Desktop\\PJ\\THDELIVERY\\backend\\node_modules\\esbuild\\lib\\main.js","function":"failureErrorWithLog","line":1467,"method":null,"native":false},{"column":50,"file":"C:\\Users\\BTA\\Desktop\\PJ\\THDELIVERY\\backend\\node_modules\\esbuild\\lib\\main.js","function":null,"line":736,"method":null,"native":false},{"column":9,"file":"C:\\Users\\BTA\\Desktop\\PJ\\THDELIVERY\\backend\\node_modules\\esbuild\\lib\\main.js","function":"responseCallbacks.<computed>","line":603,"method":"<computed>","native":false},{"column":12,"file":"C:\\Users\\BTA\\Desktop\\PJ\\THDELIVERY\\backend\\node_modules\\esbuild\\lib\\main.js","function":"handleIncomingPacket","line":658,"method":null,"native":false},{"column":7,"file":"C:\\Users\\BTA\\Desktop\\PJ\\THDELIVERY\\backend\\node_modules\\esbuild\\lib\\main.js","function":"Socket.readFromStdout","line":581,"method":"readFromStdout","native":false},{"column":28,"file":"node:events","function":"Socket.emit","line":519,"method":"emit","native":false},{"column":12,"file":"node:internal/streams/readable","function":"addChunk","line":561,"method":null,"native":false},{"column":3,"file":"node:internal/streams/readable","function":"readableAddChunkPushByteMode","line":512,"method":null,"native":false},{"column":5,"file":"node:internal/streams/readable","function":"Readable.push","line":392,"method":"push","native":false},{"column":23,"file":"node:internal/stream_base_commons","function":"Pipe.onStreamRead","line":189,"method":"onStreamRead","native":false}]}
[2025-12-31T19:42:14.196Z] [31merror[39m: uncaughtException: Transform failed with 1 error:
C:\Users\BTA\Desktop\PJ\THDELIVERY\backend\src\modules\order\order.service.ts:152:42: ERROR: Unexpected ")"
Error: Transform failed with 1 error:
C:\Users\BTA\Desktop\PJ\THDELIVERY\backend\src\modules\order\order.service.ts:152:42: ERROR: Unexpected ")"
    at failureErrorWithLog (C:\Users\BTA\Desktop\PJ\THDELIVERY\backend\node_modules\esbuild\lib\main.js:1467:15)
    at C:\Users\BTA\Desktop\PJ\THDELIVERY\backend\node_modules\esbuild\lib\main.js:736:50
    at responseCallbacks.<computed> (C:\Users\BTA\Desktop\PJ\THDELIVERY\backend\node_modules\esbuild\lib\main.js:603:9)
    at handleIncomingPacket (C:\Users\BTA\Desktop\PJ\THDELIVERY\backend\node_modules\esbuild\lib\main.js:658:12)
    at Socket.readFromStdout (C:\Users\BTA\Desktop\PJ\THDELIVERY\backend\node_modules\esbuild\lib\main.js:581:7)
    at Socket.emit (node:events:519:28)
    at addChunk (node:internal/streams/readable:561:12)
    at readableAddChunkPushByteMode (node:internal/streams/readable:512:3)
    at Readable.push (node:internal/streams/readable:392:5)
    at Pipe.onStreamRead (node:internal/stream_base_commons:189:23)
Error: Transform failed with 1 error:
C:\Users\BTA\Desktop\PJ\THDELIVERY\backend\src\modules\order\order.service.ts:152:42: ERROR: Unexpected ")"
    at failureErrorWithLog (C:\Users\BTA\Desktop\PJ\THDELIVERY\backend\node_modules\esbuild\lib\main.js:1467:15)
    at C:\Users\BTA\Desktop\PJ\THDELIVERY\backend\node_modules\esbuild\lib\main.js:736:50
    at responseCallbacks.<computed> (C:\Users\BTA\Desktop\PJ\THDELIVERY\backend\node_modules\esbuild\lib\main.js:603:9)
    at handleIncomingPacket (C:\Users\BTA\Desktop\PJ\THDELIVERY\backend\node_modules\esbuild\lib\main.js:658:12)
    at Socket.readFromStdout (C:\Users\BTA\Desktop\PJ\THDELIVERY\backend\node_modules\esbuild\lib\main.js:581:7)
    at Socket.emit (node:events:519:28)
    at addChunk (node:internal/streams/readable:561:12)
    at readableAddChunkPushByteMode (node:internal/streams/readable:512:3)
    at Readable.push (node:internal/streams/readable:392:5)
    at Pipe.onStreamRead (node:internal/stream_base_commons:189:23){"error":{"name":"TransformError"},"exception":true,"date":"Wed Dec 31 2025 16:42:14 GMT-0300 (Brasilia Standard Time)","process":{"pid":5264,"uid":null,"gid":null,"cwd":"C:\\Users\\BTA\\Desktop\\PJ\\THDELIVERY\\backend","execPath":"C:\\Program Files\\nodejs\\node.exe","version":"v22.20.0","argv":["C:\\Program Files\\nodejs\\node.exe","C:\\Users\\BTA\\Desktop\\PJ\\THDELIVERY\\backend\\src\\server.ts"],"memoryUsage":{"rss":115597312,"heapTotal":39936000,"heapUsed":27141336,"external":5208854,"arrayBuffers":265563}},"os":{"loadavg":[0,0,0],"uptime":79704.468},"trace":[{"column":15,"file":"C:\\Users\\BTA\\Desktop\\PJ\\THDELIVERY\\backend\\node_modules\\esbuild\\lib\\main.js","function":"failureErrorWithLog","line":1467,"method":null,"native":false},{"column":50,"file":"C:\\Users\\BTA\\Desktop\\PJ\\THDELIVERY\\backend\\node_modules\\esbuild\\lib\\main.js","function":null,"line":736,"method":null,"native":false},{"column":9,"file":"C:\\Users\\BTA\\Desktop\\PJ\\THDELIVERY\\backend\\node_modules\\esbuild\\lib\\main.js","function":"responseCallbacks.<computed>","line":603,"method":"<computed>","native":false},{"column":12,"file":"C:\\Users\\BTA\\Desktop\\PJ\\THDELIVERY\\backend\\node_modules\\esbuild\\lib\\main.js","function":"handleIncomingPacket","line":658,"method":null,"native":false},{"column":7,"file":"C:\\Users\\BTA\\Desktop\\PJ\\THDELIVERY\\backend\\node_modules\\esbuild\\lib\\main.js","function":"Socket.readFromStdout","line":581,"method":"readFromStdout","native":false},{"column":28,"file":"node:events","function":"Socket.emit","line":519,"method":"emit","native":false},{"column":12,"file":"node:internal/streams/readable","function":"addChunk","line":561,"method":null,"native":false},{"column":3,"file":"node:internal/streams/readable","function":"readableAddChunkPushByteMode","line":512,"method":null,"native":false},{"column":5,"file":"node:internal/streams/readable","function":"Readable.push","line":392,"method":"push","native":false},{"column":23,"file":"node:internal/stream_base_commons","function":"Pipe.onStreamRead","line":189,"method":"onStreamRead","native":false}]}
[2025-12-31T19:42:17.510Z] [31merror[39m: uncaughtException: Transform failed with 1 error:
C:\Users\BTA\Desktop\PJ\THDELIVERY\backend\src\modules\order\order.service.ts:153:42: ERROR: Unexpected ")"
Error: Transform failed with 1 error:
C:\Users\BTA\Desktop\PJ\THDELIVERY\backend\src\modules\order\order.service.ts:153:42: ERROR: Unexpected ")"
    at failureErrorWithLog (C:\Users\BTA\Desktop\PJ\THDELIVERY\backend\node_modules\esbuild\lib\main.js:1467:15)
    at C:\Users\BTA\Desktop\PJ\THDELIVERY\backend\node_modules\esbuild\lib\main.js:736:50
    at responseCallbacks.<computed> (C:\Users\BTA\Desktop\PJ\THDELIVERY\backend\node_modules\esbuild\lib\main.js:603:9)
    at handleIncomingPacket (C:\Users\BTA\Desktop\PJ\THDELIVERY\backend\node_modules\esbuild\lib\main.js:658:12)
    at Socket.readFromStdout (C:\Users\BTA\Desktop\PJ\THDELIVERY\backend\node_modules\esbuild\lib\main.js:581:7)
    at Socket.emit (node:events:519:28)
    at addChunk (node:internal/streams/readable:561:12)
    at readableAddChunkPushByteMode (node:internal/streams/readable:512:3)
    at Readable.push (node:internal/streams/readable:392:5)
    at Pipe.onStreamRead (node:internal/stream_base_commons:189:23)
Error: Transform failed with 1 error:
C:\Users\BTA\Desktop\PJ\THDELIVERY\backend\src\modules\order\order.service.ts:153:42: ERROR: Unexpected ")"
    at failureErrorWithLog (C:\Users\BTA\Desktop\PJ\THDELIVERY\backend\node_modules\esbuild\lib\main.js:1467:15)
    at C:\Users\BTA\Desktop\PJ\THDELIVERY\backend\node_modules\esbuild\lib\main.js:736:50
    at responseCallbacks.<computed> (C:\Users\BTA\Desktop\PJ\THDELIVERY\backend\node_modules\esbuild\lib\main.js:603:9)
    at handleIncomingPacket (C:\Users\BTA\Desktop\PJ\THDELIVERY\backend\node_modules\esbuild\lib\main.js:658:12)
    at Socket.readFromStdout (C:\Users\BTA\Desktop\PJ\THDELIVERY\backend\node_modules\esbuild\lib\main.js:581:7)
    at Socket.emit (node:events:519:28)
    at addChunk (node:internal/streams/readable:561:12)
    at readableAddChunkPushByteMode (node:internal/streams/readable:512:3)
    at Readable.push (node:internal/streams/readable:392:5)
    at Pipe.onStreamRead (node:internal/stream_base_commons:189:23){"error":{"name":"TransformError"},"exception":true,"date":"Wed Dec 31 2025 16:42:17 GMT-0300 (Brasilia Standard Time)","process":{"pid":19084,"uid":null,"gid":null,"cwd":"C:\\Users\\BTA\\Desktop\\PJ\\THDELIVERY\\backend","execPath":"C:\\Program Files\\nodejs\\node.exe","version":"v22.20.0","argv":["C:\\Program Files\\nodejs\\node.exe","C:\\Users\\BTA\\Desktop\\PJ\\THDELIVERY\\backend\\src\\server.ts"],"memoryUsage":{"rss":116002816,"heapTotal":39936000,"heapUsed":27161888,"external":5211090,"arrayBuffers":267799}},"os":{"loadavg":[0,0,0],"uptime":79707.781},"trace":[{"column":15,"file":"C:\\Users\\BTA\\Desktop\\PJ\\THDELIVERY\\backend\\node_modules\\esbuild\\lib\\main.js","function":"failureErrorWithLog","line":1467,"method":null,"native":false},{"column":50,"file":"C:\\Users\\BTA\\Desktop\\PJ\\THDELIVERY\\backend\\node_modules\\esbuild\\lib\\main.js","function":null,"line":736,"method":null,"native":false},{"column":9,"file":"C:\\Users\\BTA\\Desktop\\PJ\\THDELIVERY\\backend\\node_modules\\esbuild\\lib\\main.js","function":"responseCallbacks.<computed>","line":603,"method":"<computed>","native":false},{"column":12,"file":"C:\\Users\\BTA\\Desktop\\PJ\\THDELIVERY\\backend\\node_modules\\esbuild\\lib\\main.js","function":"handleIncomingPacket","line":658,"method":null,"native":false},{"column":7,"file":"C:\\Users\\BTA\\Desktop\\PJ\\THDELIVERY\\backend\\node_modules\\esbuild\\lib\\main.js","function":"Socket.readFromStdout","line":581,"method":"readFromStdout","native":false},{"column":28,"file":"node:events","function":"Socket.emit","line":519,"method":"emit","native":false},{"column":12,"file":"node:internal/streams/readable","function":"addChunk","line":561,"method":null,"native":false},{"column":3,"file":"node:internal/streams/readable","function":"readableAddChunkPushByteMode","line":512,"method":null,"native":false},{"column":5,"file":"node:internal/streams/readable","function":"Readable.push","line":392,"method":"push","native":false},{"column":23,"file":"node:internal/stream_base_commons","function":"Pipe.onStreamRead","line":189,"method":"onStreamRead","native":false}]}
[2026-01-01T15:37:22.936Z] [31merror[39m: uncaughtException: Transform failed with 1 error:
C:\Users\BTA\Desktop\PJ\THDELIVERY\backend\src\modules\product\product.service.ts:46:9: ERROR: Unexpected "."
Error: Transform failed with 1 error:
C:\Users\BTA\Desktop\PJ\THDELIVERY\backend\src\modules\product\product.service.ts:46:9: ERROR: Unexpected "."
    at failureErrorWithLog (C:\Users\BTA\Desktop\PJ\THDELIVERY\backend\node_modules\esbuild\lib\main.js:1467:15)
    at C:\Users\BTA\Desktop\PJ\THDELIVERY\backend\node_modules\esbuild\lib\main.js:736:50
    at responseCallbacks.<computed> (C:\Users\BTA\Desktop\PJ\THDELIVERY\backend\node_modules\esbuild\lib\main.js:603:9)
    at handleIncomingPacket (C:\Users\BTA\Desktop\PJ\THDELIVERY\backend\node_modules\esbuild\lib\main.js:658:12)
    at Socket.readFromStdout (C:\Users\BTA\Desktop\PJ\THDELIVERY\backend\node_modules\esbuild\lib\main.js:581:7)
    at Socket.emit (node:events:519:28)
    at addChunk (node:internal/streams/readable:561:12)
    at readableAddChunkPushByteMode (node:internal/streams/readable:512:3)
    at Readable.push (node:internal/streams/readable:392:5)
    at Pipe.onStreamRead (node:internal/stream_base_commons:189:23)
Error: Transform failed with 1 error:
C:\Users\BTA\Desktop\PJ\THDELIVERY\backend\src\modules\product\product.service.ts:46:9: ERROR: Unexpected "."
    at failureErrorWithLog (C:\Users\BTA\Desktop\PJ\THDELIVERY\backend\node_modules\esbuild\lib\main.js:1467:15)
    at C:\Users\BTA\Desktop\PJ\THDELIVERY\backend\node_modules\esbuild\lib\main.js:736:50
    at responseCallbacks.<computed> (C:\Users\BTA\Desktop\PJ\THDELIVERY\backend\node_modules\esbuild\lib\main.js:603:9)
    at handleIncomingPacket (C:\Users\BTA\Desktop\PJ\THDELIVERY\backend\node_modules\esbuild\lib\main.js:658:12)
    at Socket.readFromStdout (C:\Users\BTA\Desktop\PJ\THDELIVERY\backend\node_modules\esbuild\lib\main.js:581:7)
    at Socket.emit (node:events:519:28)
    at addChunk (node:internal/streams/readable:561:12)
    at readableAddChunkPushByteMode (node:internal/streams/readable:512:3)
    at Readable.push (node:internal/streams/readable:392:5)
    at Pipe.onStreamRead (node:internal/stream_base_commons:189:23){"error":{"name":"TransformError"},"exception":true,"date":"Thu Jan 01 2026 12:37:22 GMT-0300 (Brasilia Standard Time)","process":{"pid":1368,"uid":null,"gid":null,"cwd":"C:\\Users\\BTA\\Desktop\\PJ\\THDELIVERY\\backend","execPath":"C:\\Program Files\\nodejs\\node.exe","version":"v22.20.0","argv":["C:\\Program Files\\nodejs\\node.exe","C:\\Users\\BTA\\Desktop\\PJ\\THDELIVERY\\backend\\src\\server.ts"],"memoryUsage":{"rss":103432192,"heapTotal":35000320,"heapUsed":23967472,"external":3515578,"arrayBuffers":185879}},"os":{"loadavg":[0,0,0],"uptime":151408.937},"trace":[{"column":15,"file":"C:\\Users\\BTA\\Desktop\\PJ\\THDELIVERY\\backend\\node_modules\\esbuild\\lib\\main.js","function":"failureErrorWithLog","line":1467,"method":null,"native":false},{"column":50,"file":"C:\\Users\\BTA\\Desktop\\PJ\\THDELIVERY\\backend\\node_modules\\esbuild\\lib\\main.js","function":null,"line":736,"method":null,"native":false},{"column":9,"file":"C:\\Users\\BTA\\Desktop\\PJ\\THDELIVERY\\backend\\node_modules\\esbuild\\lib\\main.js","function":"responseCallbacks.<computed>","line":603,"method":"<computed>","native":false},{"column":12,"file":"C:\\Users\\BTA\\Desktop\\PJ\\THDELIVERY\\backend\\node_modules\\esbuild\\lib\\main.js","function":"handleIncomingPacket","line":658,"method":null,"native":false},{"column":7,"file":"C:\\Users\\BTA\\Desktop\\PJ\\THDELIVERY\\backend\\node_modules\\esbuild\\lib\\main.js","function":"Socket.readFromStdout","line":581,"method":"readFromStdout","native":false},{"column":28,"file":"node:events","function":"Socket.emit","line":519,"method":"emit","native":false},{"column":12,"file":"node:internal/streams/readable","function":"addChunk","line":561,"method":null,"native":false},{"column":3,"file":"node:internal/streams/readable","function":"readableAddChunkPushByteMode","line":512,"method":null,"native":false},{"column":5,"file":"node:internal/streams/readable","function":"Readable.push","line":392,"method":"push","native":false},{"column":23,"file":"node:internal/stream_base_commons","function":"Pipe.onStreamRead","line":189,"method":"onStreamRead","native":false}]}
[2026-01-02T20:35:45.387Z] [31merror[39m: uncaughtException: Transform failed with 1 error:
C:\Users\BTA\Desktop\PJ\THDELIVERY\backend\src\modules\product\product.service.ts:44:21: ERROR: Expected identifier but found "("
Error: Transform failed with 1 error:
C:\Users\BTA\Desktop\PJ\THDELIVERY\backend\src\modules\product\product.service.ts:44:21: ERROR: Expected identifier but found "("
    at failureErrorWithLog (C:\Users\BTA\Desktop\PJ\THDELIVERY\backend\node_modules\esbuild\lib\main.js:1467:15)
    at C:\Users\BTA\Desktop\PJ\THDELIVERY\backend\node_modules\esbuild\lib\main.js:736:50
    at responseCallbacks.<computed> (C:\Users\BTA\Desktop\PJ\THDELIVERY\backend\node_modules\esbuild\lib\main.js:603:9)
    at handleIncomingPacket (C:\Users\BTA\Desktop\PJ\THDELIVERY\backend\node_modules\esbuild\lib\main.js:658:12)
    at Socket.readFromStdout (C:\Users\BTA\Desktop\PJ\THDELIVERY\backend\node_modules\esbuild\lib\main.js:581:7)
    at Socket.emit (node:events:519:28)
    at addChunk (node:internal/streams/readable:561:12)
    at readableAddChunkPushByteMode (node:internal/streams/readable:512:3)
    at Readable.push (node:internal/streams/readable:392:5)
    at Pipe.onStreamRead (node:internal/stream_base_commons:189:23)
Error: Transform failed with 1 error:
C:\Users\BTA\Desktop\PJ\THDELIVERY\backend\src\modules\product\product.service.ts:44:21: ERROR: Expected identifier but found "("
    at failureErrorWithLog (C:\Users\BTA\Desktop\PJ\THDELIVERY\backend\node_modules\esbuild\lib\main.js:1467:15)
    at C:\Users\BTA\Desktop\PJ\THDELIVERY\backend\node_modules\esbuild\lib\main.js:736:50
    at responseCallbacks.<computed> (C:\Users\BTA\Desktop\PJ\THDELIVERY\backend\node_modules\esbuild\lib\main.js:603:9)
    at handleIncomingPacket (C:\Users\BTA\Desktop\PJ\THDELIVERY\backend\node_modules\esbuild\lib\main.js:658:12)
    at Socket.readFromStdout (C:\Users\BTA\Desktop\PJ\THDELIVERY\backend\node_modules\esbuild\lib\main.js:581:7)
    at Socket.emit (node:events:519:28)
    at addChunk (node:internal/streams/readable:561:12)
    at readableAddChunkPushByteMode (node:internal/streams/readable:512:3)
    at Readable.push (node:internal/streams/readable:392:5)
    at Pipe.onStreamRead (node:internal/stream_base_commons:189:23){"error":{"name":"TransformError"},"exception":true,"date":"Fri Jan 02 2026 17:35:45 GMT-0300 (Brasilia Standard Time)","process":{"pid":17440,"uid":null,"gid":null,"cwd":"C:\\Users\\BTA\\Desktop\\PJ\\THDELIVERY\\backend","execPath":"C:\\Program Files\\nodejs\\node.exe","version":"v22.20.0","argv":["C:\\Program Files\\nodejs\\node.exe","C:\\Users\\BTA\\Desktop\\PJ\\THDELIVERY\\backend\\src\\server.ts"],"memoryUsage":{"rss":109981696,"heapTotal":35000320,"heapUsed":24061456,"external":3515574,"arrayBuffers":185875}},"os":{"loadavg":[0,0,0],"uptime":30632.421},"trace":[{"column":15,"file":"C:\\Users\\BTA\\Desktop\\PJ\\THDELIVERY\\backend\\node_modules\\esbuild\\lib\\main.js","function":"failureErrorWithLog","line":1467,"method":null,"native":false},{"column":50,"file":"C:\\Users\\BTA\\Desktop\\PJ\\THDELIVERY\\backend\\node_modules\\esbuild\\lib\\main.js","function":null,"line":736,"method":null,"native":false},{"column":9,"file":"C:\\Users\\BTA\\Desktop\\PJ\\THDELIVERY\\backend\\node_modules\\esbuild\\lib\\main.js","function":"responseCallbacks.<computed>","line":603,"method":"<computed>","native":false},{"column":12,"file":"C:\\Users\\BTA\\Desktop\\PJ\\THDELIVERY\\backend\\node_modules\\esbuild\\lib\\main.js","function":"handleIncomingPacket","line":658,"method":null,"native":false},{"column":7,"file":"C:\\Users\\BTA\\Desktop\\PJ\\THDELIVERY\\backend\\node_modules\\esbuild\\lib\\main.js","function":"Socket.readFromStdout","line":581,"method":"readFromStdout","native":false},{"column":28,"file":"node:events","function":"Socket.emit","line":519,"method":"emit","native":false},{"column":12,"file":"node:internal/streams/readable","function":"addChunk","line":561,"method":null,"native":false},{"column":3,"file":"node:internal/streams/readable","function":"readableAddChunkPushByteMode","line":512,"method":null,"native":false},{"column":5,"file":"node:internal/streams/readable","function":"Readable.push","line":392,"method":"push","native":false},{"column":23,"file":"node:internal/stream_base_commons","function":"Pipe.onStreamRead","line":189,"method":"onStreamRead","native":false}]}
[2026-01-02T20:35:56.856Z] [31merror[39m: uncaughtException: Transform failed with 1 error:
C:\Users\BTA\Desktop\PJ\THDELIVERY\backend\src\modules\product\product.service.ts:44:21: ERROR: Expected identifier but found "("
Error: Transform failed with 1 error:
C:\Users\BTA\Desktop\PJ\THDELIVERY\backend\src\modules\product\product.service.ts:44:21: ERROR: Expected identifier but found "("
    at failureErrorWithLog (C:\Users\BTA\Desktop\PJ\THDELIVERY\backend\node_modules\esbuild\lib\main.js:1467:15)
    at C:\Users\BTA\Desktop\PJ\THDELIVERY\backend\node_modules\esbuild\lib\main.js:736:50
    at responseCallbacks.<computed> (C:\Users\BTA\Desktop\PJ\THDELIVERY\backend\node_modules\esbuild\lib\main.js:603:9)
    at handleIncomingPacket (C:\Users\BTA\Desktop\PJ\THDELIVERY\backend\node_modules\esbuild\lib\main.js:658:12)
    at Socket.readFromStdout (C:\Users\BTA\Desktop\PJ\THDELIVERY\backend\node_modules\esbuild\lib\main.js:581:7)
    at Socket.emit (node:events:519:28)
    at addChunk (node:internal/streams/readable:561:12)
    at readableAddChunkPushByteMode (node:internal/streams/readable:512:3)
    at Readable.push (node:internal/streams/readable:392:5)
    at Pipe.onStreamRead (node:internal/stream_base_commons:189:23)
Error: Transform failed with 1 error:
C:\Users\BTA\Desktop\PJ\THDELIVERY\backend\src\modules\product\product.service.ts:44:21: ERROR: Expected identifier but found "("
    at failureErrorWithLog (C:\Users\BTA\Desktop\PJ\THDELIVERY\backend\node_modules\esbuild\lib\main.js:1467:15)
    at C:\Users\BTA\Desktop\PJ\THDELIVERY\backend\node_modules\esbuild\lib\main.js:736:50
    at responseCallbacks.<computed> (C:\Users\BTA\Desktop\PJ\THDELIVERY\backend\node_modules\esbuild\lib\main.js:603:9)
    at handleIncomingPacket (C:\Users\BTA\Desktop\PJ\THDELIVERY\backend\node_modules\esbuild\lib\main.js:658:12)
    at Socket.readFromStdout (C:\Users\BTA\Desktop\PJ\THDELIVERY\backend\node_modules\esbuild\lib\main.js:581:7)
    at Socket.emit (node:events:519:28)
    at addChunk (node:internal/streams/readable:561:12)
    at readableAddChunkPushByteMode (node:internal/streams/readable:512:3)
    at Readable.push (node:internal/streams/readable:392:5)
    at Pipe.onStreamRead (node:internal/stream_base_commons:189:23){"error":{"name":"TransformError"},"exception":true,"date":"Fri Jan 02 2026 17:35:56 GMT-0300 (Brasilia Standard Time)","process":{"pid":21216,"uid":null,"gid":null,"cwd":"C:\\Users\\BTA\\Desktop\\PJ\\THDELIVERY\\backend","execPath":"C:\\Program Files\\nodejs\\node.exe","version":"v22.20.0","argv":["C:\\Program Files\\nodejs\\node.exe","C:\\Users\\BTA\\Desktop\\PJ\\THDELIVERY\\backend\\src\\server.ts"],"memoryUsage":{"rss":110383104,"heapTotal":35262464,"heapUsed":24210416,"external":3515578,"arrayBuffers":185879}},"os":{"loadavg":[0,0,0],"uptime":30643.89},"trace":[{"column":15,"file":"C:\\Users\\BTA\\Desktop\\PJ\\THDELIVERY\\backend\\node_modules\\esbuild\\lib\\main.js","function":"failureErrorWithLog","line":1467,"method":null,"native":false},{"column":50,"file":"C:\\Users\\BTA\\Desktop\\PJ\\THDELIVERY\\backend\\node_modules\\esbuild\\lib\\main.js","function":null,"line":736,"method":null,"native":false},{"column":9,"file":"C:\\Users\\BTA\\Desktop\\PJ\\THDELIVERY\\backend\\node_modules\\esbuild\\lib\\main.js","function":"responseCallbacks.<computed>","line":603,"method":"<computed>","native":false},{"column":12,"file":"C:\\Users\\BTA\\Desktop\\PJ\\THDELIVERY\\backend\\node_modules\\esbuild\\lib\\main.js","function":"handleIncomingPacket","line":658,"method":null,"native":false},{"column":7,"file":"C:\\Users\\BTA\\Desktop\\PJ\\THDELIVERY\\backend\\node_modules\\esbuild\\lib\\main.js","function":"Socket.readFromStdout","line":581,"method":"readFromStdout","native":false},{"column":28,"file":"node:events","function":"Socket.emit","line":519,"method":"emit","native":false},{"column":12,"file":"node:internal/streams/readable","function":"addChunk","line":561,"method":null,"native":false},{"column":3,"file":"node:internal/streams/readable","function":"readableAddChunkPushByteMode","line":512,"method":null,"native":false},{"column":5,"file":"node:internal/streams/readable","function":"Readable.push","line":392,"method":"push","native":false},{"column":23,"file":"node:internal/stream_base_commons","function":"Pipe.onStreamRead","line":189,"method":"onStreamRead","native":false}]}
[2026-01-02T20:35:58.660Z] [31merror[39m: uncaughtException: Transform failed with 1 error:
C:\Users\BTA\Desktop\PJ\THDELIVERY\backend\src\modules\product\product.service.ts:44:21: ERROR: Expected identifier but found "("
Error: Transform failed with 1 error:
C:\Users\BTA\Desktop\PJ\THDELIVERY\backend\src\modules\product\product.service.ts:44:21: ERROR: Expected identifier but found "("
    at failureErrorWithLog (C:\Users\BTA\Desktop\PJ\THDELIVERY\backend\node_modules\esbuild\lib\main.js:1467:15)
    at C:\Users\BTA\Desktop\PJ\THDELIVERY\backend\node_modules\esbuild\lib\main.js:736:50
    at responseCallbacks.<computed> (C:\Users\BTA\Desktop\PJ\THDELIVERY\backend\node_modules\esbuild\lib\main.js:603:9)
    at handleIncomingPacket (C:\Users\BTA\Desktop\PJ\THDELIVERY\backend\node_modules\esbuild\lib\main.js:658:12)
    at Socket.readFromStdout (C:\Users\BTA\Desktop\PJ\THDELIVERY\backend\node_modules\esbuild\lib\main.js:581:7)
    at Socket.emit (node:events:519:28)
    at addChunk (node:internal/streams/readable:561:12)
    at readableAddChunkPushByteMode (node:internal/streams/readable:512:3)
    at Readable.push (node:internal/streams/readable:392:5)
    at Pipe.onStreamRead (node:internal/stream_base_commons:189:23)
Error: Transform failed with 1 error:
C:\Users\BTA\Desktop\PJ\THDELIVERY\backend\src\modules\product\product.service.ts:44:21: ERROR: Expected identifier but found "("
    at failureErrorWithLog (C:\Users\BTA\Desktop\PJ\THDELIVERY\backend\node_modules\esbuild\lib\main.js:1467:15)
    at C:\Users\BTA\Desktop\PJ\THDELIVERY\backend\node_modules\esbuild\lib\main.js:736:50
    at responseCallbacks.<computed> (C:\Users\BTA\Desktop\PJ\THDELIVERY\backend\node_modules\esbuild\lib\main.js:603:9)
    at handleIncomingPacket (C:\Users\BTA\Desktop\PJ\THDELIVERY\backend\node_modules\esbuild\lib\main.js:658:12)
    at Socket.readFromStdout (C:\Users\BTA\Desktop\PJ\THDELIVERY\backend\node_modules\esbuild\lib\main.js:581:7)
    at Socket.emit (node:events:519:28)
    at addChunk (node:internal/streams/readable:561:12)
    at readableAddChunkPushByteMode (node:internal/streams/readable:512:3)
    at Readable.push (node:internal/streams/readable:392:5)
    at Pipe.onStreamRead (node:internal/stream_base_commons:189:23){"error":{"name":"TransformError"},"exception":true,"date":"Fri Jan 02 2026 17:35:58 GMT-0300 (Brasilia Standard Time)","process":{"pid":6788,"uid":null,"gid":null,"cwd":"C:\\Users\\BTA\\Desktop\\PJ\\THDELIVERY\\backend","execPath":"C:\\Program Files\\nodejs\\node.exe","version":"v22.20.0","argv":["C:\\Program Files\\nodejs\\node.exe","C:\\Users\\BTA\\Desktop\\PJ\\THDELIVERY\\backend\\src\\server.ts"],"memoryUsage":{"rss":109985792,"heapTotal":35262464,"heapUsed":24087784,"external":3513342,"arrayBuffers":183643}},"os":{"loadavg":[0,0,0],"uptime":30645.687},"trace":[{"column":15,"file":"C:\\Users\\BTA\\Desktop\\PJ\\THDELIVERY\\backend\\node_modules\\esbuild\\lib\\main.js","function":"failureErrorWithLog","line":1467,"method":null,"native":false},{"column":50,"file":"C:\\Users\\BTA\\Desktop\\PJ\\THDELIVERY\\backend\\node_modules\\esbuild\\lib\\main.js","function":null,"line":736,"method":null,"native":false},{"column":9,"file":"C:\\Users\\BTA\\Desktop\\PJ\\THDELIVERY\\backend\\node_modules\\esbuild\\lib\\main.js","function":"responseCallbacks.<computed>","line":603,"method":"<computed>","native":false},{"column":12,"file":"C:\\Users\\BTA\\Desktop\\PJ\\THDELIVERY\\backend\\node_modules\\esbuild\\lib\\main.js","function":"handleIncomingPacket","line":658,"method":null,"native":false},{"column":7,"file":"C:\\Users\\BTA\\Desktop\\PJ\\THDELIVERY\\backend\\node_modules\\esbuild\\lib\\main.js","function":"Socket.readFromStdout","line":581,"method":"readFromStdout","native":false},{"column":28,"file":"node:events","function":"Socket.emit","line":519,"method":"emit","native":false},{"column":12,"file":"node:internal/streams/readable","function":"addChunk","line":561,"method":null,"native":false},{"column":3,"file":"node:internal/streams/readable","function":"readableAddChunkPushByteMode","line":512,"method":null,"native":false},{"column":5,"file":"node:internal/streams/readable","function":"Readable.push","line":392,"method":"push","native":false},{"column":23,"file":"node:internal/stream_base_commons","function":"Pipe.onStreamRead","line":189,"method":"onStreamRead","native":false}]}
[2026-01-02T20:36:02.636Z] [31merror[39m: uncaughtException: Transform failed with 1 error:
C:\Users\BTA\Desktop\PJ\THDELIVERY\backend\src\modules\product\product.service.ts:44:21: ERROR: Expected identifier but found "("
Error: Transform failed with 1 error:
C:\Users\BTA\Desktop\PJ\THDELIVERY\backend\src\modules\product\product.service.ts:44:21: ERROR: Expected identifier but found "("
    at failureErrorWithLog (C:\Users\BTA\Desktop\PJ\THDELIVERY\backend\node_modules\esbuild\lib\main.js:1467:15)
    at C:\Users\BTA\Desktop\PJ\THDELIVERY\backend\node_modules\esbuild\lib\main.js:736:50
    at responseCallbacks.<computed> (C:\Users\BTA\Desktop\PJ\THDELIVERY\backend\node_modules\esbuild\lib\main.js:603:9)
    at handleIncomingPacket (C:\Users\BTA\Desktop\PJ\THDELIVERY\backend\node_modules\esbuild\lib\main.js:658:12)
    at Socket.readFromStdout (C:\Users\BTA\Desktop\PJ\THDELIVERY\backend\node_modules\esbuild\lib\main.js:581:7)
    at Socket.emit (node:events:519:28)
    at addChunk (node:internal/streams/readable:561:12)
    at readableAddChunkPushByteMode (node:internal/streams/readable:512:3)
    at Readable.push (node:internal/streams/readable:392:5)
    at Pipe.onStreamRead (node:internal/stream_base_commons:189:23)
Error: Transform failed with 1 error:
C:\Users\BTA\Desktop\PJ\THDELIVERY\backend\src\modules\product\product.service.ts:44:21: ERROR: Expected identifier but found "("
    at failureErrorWithLog (C:\Users\BTA\Desktop\PJ\THDELIVERY\backend\node_modules\esbuild\lib\main.js:1467:15)
    at C:\Users\BTA\Desktop\PJ\THDELIVERY\backend\node_modules\esbuild\lib\main.js:736:50
    at responseCallbacks.<computed> (C:\Users\BTA\Desktop\PJ\THDELIVERY\backend\node_modules\esbuild\lib\main.js:603:9)
    at handleIncomingPacket (C:\Users\BTA\Desktop\PJ\THDELIVERY\backend\node_modules\esbuild\lib\main.js:658:12)
    at Socket.readFromStdout (C:\Users\BTA\Desktop\PJ\THDELIVERY\backend\node_modules\esbuild\lib\main.js:581:7)
    at Socket.emit (node:events:519:28)
    at addChunk (node:internal/streams/readable:561:12)
    at readableAddChunkPushByteMode (node:internal/streams/readable:512:3)
    at Readable.push (node:internal/streams/readable:392:5)
    at Pipe.onStreamRead (node:internal/stream_base_commons:189:23){"error":{"name":"TransformError"},"exception":true,"date":"Fri Jan 02 2026 17:36:02 GMT-0300 (Brasilia Standard Time)","process":{"pid":15052,"uid":null,"gid":null,"cwd":"C:\\Users\\BTA\\Desktop\\PJ\\THDELIVERY\\backend","execPath":"C:\\Program Files\\nodejs\\node.exe","version":"v22.20.0","argv":["C:\\Program Files\\nodejs\\node.exe","C:\\Users\\BTA\\Desktop\\PJ\\THDELIVERY\\backend\\src\\server.ts"],"memoryUsage":{"rss":110215168,"heapTotal":35000320,"heapUsed":24062840,"external":3515574,"arrayBuffers":185875}},"os":{"loadavg":[0,0,0],"uptime":30649.671},"trace":[{"column":15,"file":"C:\\Users\\BTA\\Desktop\\PJ\\THDELIVERY\\backend\\node_modules\\esbuild\\lib\\main.js","function":"failureErrorWithLog","line":1467,"method":null,"native":false},{"column":50,"file":"C:\\Users\\BTA\\Desktop\\PJ\\THDELIVERY\\backend\\node_modules\\esbuild\\lib\\main.js","function":null,"line":736,"method":null,"native":false},{"column":9,"file":"C:\\Users\\BTA\\Desktop\\PJ\\THDELIVERY\\backend\\node_modules\\esbuild\\lib\\main.js","function":"responseCallbacks.<computed>","line":603,"method":"<computed>","native":false},{"column":12,"file":"C:\\Users\\BTA\\Desktop\\PJ\\THDELIVERY\\backend\\node_modules\\esbuild\\lib\\main.js","function":"handleIncomingPacket","line":658,"method":null,"native":false},{"column":7,"file":"C:\\Users\\BTA\\Desktop\\PJ\\THDELIVERY\\backend\\node_modules\\esbuild\\lib\\main.js","function":"Socket.readFromStdout","line":581,"method":"readFromStdout","native":false},{"column":28,"file":"node:events","function":"Socket.emit","line":519,"method":"emit","native":false},{"column":12,"file":"node:internal/streams/readable","function":"addChunk","line":561,"method":null,"native":false},{"column":3,"file":"node:internal/streams/readable","function":"readableAddChunkPushByteMode","line":512,"method":null,"native":false},{"column":5,"file":"node:internal/streams/readable","function":"Readable.push","line":392,"method":"push","native":false},{"column":23,"file":"node:internal/stream_base_commons","function":"Pipe.onStreamRead","line":189,"method":"onStreamRead","native":false}]}
[2026-01-02T20:36:09.777Z] [31merror[39m: uncaughtException: Transform failed with 1 error:
C:\Users\BTA\Desktop\PJ\THDELIVERY\backend\src\modules\product\product.service.ts:44:21: ERROR: Expected identifier but found "("
Error: Transform failed with 1 error:
C:\Users\BTA\Desktop\PJ\THDELIVERY\backend\src\modules\product\product.service.ts:44:21: ERROR: Expected identifier but found "("
    at failureErrorWithLog (C:\Users\BTA\Desktop\PJ\THDELIVERY\backend\node_modules\esbuild\lib\main.js:1467:15)
    at C:\Users\BTA\Desktop\PJ\THDELIVERY\backend\node_modules\esbuild\lib\main.js:736:50
    at responseCallbacks.<computed> (C:\Users\BTA\Desktop\PJ\THDELIVERY\backend\node_modules\esbuild\lib\main.js:603:9)
    at handleIncomingPacket (C:\Users\BTA\Desktop\PJ\THDELIVERY\backend\node_modules\esbuild\lib\main.js:658:12)
    at Socket.readFromStdout (C:\Users\BTA\Desktop\PJ\THDELIVERY\backend\node_modules\esbuild\lib\main.js:581:7)
    at Socket.emit (node:events:519:28)
    at addChunk (node:internal/streams/readable:561:12)
    at readableAddChunkPushByteMode (node:internal/streams/readable:512:3)
    at Readable.push (node:internal/streams/readable:392:5)
    at Pipe.onStreamRead (node:internal/stream_base_commons:189:23)
Error: Transform failed with 1 error:
C:\Users\BTA\Desktop\PJ\THDELIVERY\backend\src\modules\product\product.service.ts:44:21: ERROR: Expected identifier but found "("
    at failureErrorWithLog (C:\Users\BTA\Desktop\PJ\THDELIVERY\backend\node_modules\esbuild\lib\main.js:1467:15)
    at C:\Users\BTA\Desktop\PJ\THDELIVERY\backend\node_modules\esbuild\lib\main.js:736:50
    at responseCallbacks.<computed> (C:\Users\BTA\Desktop\PJ\THDELIVERY\backend\node_modules\esbuild\lib\main.js:603:9)
    at handleIncomingPacket (C:\Users\BTA\Desktop\PJ\THDELIVERY\backend\node_modules\esbuild\lib\main.js:658:12)
    at Socket.readFromStdout (C:\Users\BTA\Desktop\PJ\THDELIVERY\backend\node_modules\esbuild\lib\main.js:581:7)
    at Socket.emit (node:events:519:28)
    at addChunk (node:internal/streams/readable:561:12)
    at readableAddChunkPushByteMode (node:internal/streams/readable:512:3)
    at Readable.push (node:internal/streams/readable:392:5)
    at Pipe.onStreamRead (node:internal/stream_base_commons:189:23){"error":{"name":"TransformError"},"exception":true,"date":"Fri Jan 02 2026 17:36:09 GMT-0300 (Brasilia Standard Time)","process":{"pid":10532,"uid":null,"gid":null,"cwd":"C:\\Users\\BTA\\Desktop\\PJ\\THDELIVERY\\backend","execPath":"C:\\Program Files\\nodejs\\node.exe","version":"v22.20.0","argv":["C:\\Program Files\\nodejs\\node.exe","C:\\Users\\BTA\\Desktop\\PJ\\THDELIVERY\\backend\\src\\server.ts"],"memoryUsage":{"rss":110125056,"heapTotal":35000320,"heapUsed":24081352,"external":3515374,"arrayBuffers":185675}},"os":{"loadavg":[0,0,0],"uptime":30656.812},"trace":[{"column":15,"file":"C:\\Users\\BTA\\Desktop\\PJ\\THDELIVERY\\backend\\node_modules\\esbuild\\lib\\main.js","function":"failureErrorWithLog","line":1467,"method":null,"native":false},{"column":50,"file":"C:\\Users\\BTA\\Desktop\\PJ\\THDELIVERY\\backend\\node_modules\\esbuild\\lib\\main.js","function":null,"line":736,"method":null,"native":false},{"column":9,"file":"C:\\Users\\BTA\\Desktop\\PJ\\THDELIVERY\\backend\\node_modules\\esbuild\\lib\\main.js","function":"responseCallbacks.<computed>","line":603,"method":"<computed>","native":false},{"column":12,"file":"C:\\Users\\BTA\\Desktop\\PJ\\THDELIVERY\\backend\\node_modules\\esbuild\\lib\\main.js","function":"handleIncomingPacket","line":658,"method":null,"native":false},{"column":7,"file":"C:\\Users\\BTA\\Desktop\\PJ\\THDELIVERY\\backend\\node_modules\\esbuild\\lib\\main.js","function":"Socket.readFromStdout","line":581,"method":"readFromStdout","native":false},{"column":28,"file":"node:events","function":"Socket.emit","line":519,"method":"emit","native":false},{"column":12,"file":"node:internal/streams/readable","function":"addChunk","line":561,"method":null,"native":false},{"column":3,"file":"node:internal/streams/readable","function":"readableAddChunkPushByteMode","line":512,"method":null,"native":false},{"column":5,"file":"node:internal/streams/readable","function":"Readable.push","line":392,"method":"push","native":false},{"column":23,"file":"node:internal/stream_base_commons","function":"Pipe.onStreamRead","line":189,"method":"onStreamRead","native":false}]}
[2026-01-02T20:36:43.029Z] [31merror[39m: uncaughtException: router is not defined
ReferenceError: router is not defined
    at multer (C:\Users\BTA\Desktop\PJ\THDELIVERY\backend\src\modules\product\products.route.ts:31:1)
    at Object.<anonymous> (C:\Users\BTA\Desktop\PJ\THDELIVERY\backend\src\modules\product\products.route.ts:31:64)
    at Module._compile (node:internal/modules/cjs/loader:1706:14)
    at Object.transformer (C:\Users\BTA\Desktop\PJ\THDELIVERY\backend\node_modules\tsx\dist\register-D46fvsV_.cjs:3:1104)
    at Module.load (node:internal/modules/cjs/loader:1441:32)
    at Function._load (node:internal/modules/cjs/loader:1263:12)
    at TracingChannel.traceSync (node:diagnostics_channel:322:14)
    at wrapModuleLoad (node:internal/modules/cjs/loader:237:24)
    at Module.require (node:internal/modules/cjs/loader:1463:12)
    at require (node:internal/modules/helpers:147:16)
ReferenceError: router is not defined
    at multer (C:\Users\BTA\Desktop\PJ\THDELIVERY\backend\src\modules\product\products.route.ts:31:1)
    at Object.<anonymous> (C:\Users\BTA\Desktop\PJ\THDELIVERY\backend\src\modules\product\products.route.ts:31:64)
    at Module._compile (node:internal/modules/cjs/loader:1706:14)
    at Object.transformer (C:\Users\BTA\Desktop\PJ\THDELIVERY\backend\node_modules\tsx\dist\register-D46fvsV_.cjs:3:1104)
    at Module.load (node:internal/modules/cjs/loader:1441:32)
    at Function._load (node:internal/modules/cjs/loader:1263:12)
    at TracingChannel.traceSync (node:diagnostics_channel:322:14)
    at wrapModuleLoad (node:internal/modules/cjs/loader:237:24)
    at Module.require (node:internal/modules/cjs/loader:1463:12)
    at require (node:internal/modules/helpers:147:16){"error":{},"exception":true,"date":"Fri Jan 02 2026 17:36:43 GMT-0300 (Brasilia Standard Time)","process":{"pid":12032,"uid":null,"gid":null,"cwd":"C:\\Users\\BTA\\Desktop\\PJ\\THDELIVERY\\backend","execPath":"C:\\Program Files\\nodejs\\node.exe","version":"v22.20.0","argv":["C:\\Program Files\\nodejs\\node.exe","C:\\Users\\BTA\\Desktop\\PJ\\THDELIVERY\\backend\\src\\server.ts"],"memoryUsage":{"rss":122097664,"heapTotal":39936000,"heapUsed":26701704,"external":5209226,"arrayBuffers":265935}},"os":{"loadavg":[0,0,0],"uptime":30690.062},"trace":[{"column":1,"file":"C:\\Users\\BTA\\Desktop\\PJ\\THDELIVERY\\backend\\src\\modules\\product\\products.route.ts","function":"multer","line":31,"method":null,"native":false},{"column":64,"file":"C:\\Users\\BTA\\Desktop\\PJ\\THDELIVERY\\backend\\src\\modules\\product\\products.route.ts","function":null,"line":31,"method":null,"native":false},{"column":14,"file":"node:internal/modules/cjs/loader","function":"Module._compile","line":1706,"method":"_compile","native":false},{"column":1104,"file":"C:\\Users\\BTA\\Desktop\\PJ\\THDELIVERY\\backend\\node_modules\\tsx\\dist\\register-D46fvsV_.cjs","function":"Object.transformer","line":3,"method":"transformer","native":false},{"column":32,"file":"node:internal/modules/cjs/loader","function":"Module.load","line":1441,"method":"load","native":false},{"column":12,"file":"node:internal/modules/cjs/loader","function":"Function._load","line":1263,"method":"_load","native":false},{"column":14,"file":"node:diagnostics_channel","function":"TracingChannel.traceSync","line":322,"method":"traceSync","native":false},{"column":24,"file":"node:internal/modules/cjs/loader","function":"wrapModuleLoad","line":237,"method":null,"native":false},{"column":12,"file":"node:internal/modules/cjs/loader","function":"Module.require","line":1463,"method":"require","native":false},{"column":16,"file":"node:internal/modules/helpers","function":"require","line":147,"method":null,"native":false}]}
[2026-01-02T20:36:48.995Z] [31merror[39m: uncaughtException: productRoutesrouter is not defined
ReferenceError: productRoutesrouter is not defined
    at multer (C:\Users\BTA\Desktop\PJ\THDELIVERY\backend\src\modules\product\products.route.ts:31:1)
    at Object.<anonymous> (C:\Users\BTA\Desktop\PJ\THDELIVERY\backend\src\modules\product\products.route.ts:31:77)
    at Module._compile (node:internal/modules/cjs/loader:1706:14)
    at Object.transformer (C:\Users\BTA\Desktop\PJ\THDELIVERY\backend\node_modules\tsx\dist\register-D46fvsV_.cjs:3:1104)
    at Module.load (node:internal/modules/cjs/loader:1441:32)
    at Function._load (node:internal/modules/cjs/loader:1263:12)
    at TracingChannel.traceSync (node:diagnostics_channel:322:14)
    at wrapModuleLoad (node:internal/modules/cjs/loader:237:24)
    at Module.require (node:internal/modules/cjs/loader:1463:12)
    at require (node:internal/modules/helpers:147:16)
ReferenceError: productRoutesrouter is not defined
    at multer (C:\Users\BTA\Desktop\PJ\THDELIVERY\backend\src\modules\product\products.route.ts:31:1)
    at Object.<anonymous> (C:\Users\BTA\Desktop\PJ\THDELIVERY\backend\src\modules\product\products.route.ts:31:77)
    at Module._compile (node:internal/modules/cjs/loader:1706:14)
    at Object.transformer (C:\Users\BTA\Desktop\PJ\THDELIVERY\backend\node_modules\tsx\dist\register-D46fvsV_.cjs:3:1104)
    at Module.load (node:internal/modules/cjs/loader:1441:32)
    at Function._load (node:internal/modules/cjs/loader:1263:12)
    at TracingChannel.traceSync (node:diagnostics_channel:322:14)
    at wrapModuleLoad (node:internal/modules/cjs/loader:237:24)
    at Module.require (node:internal/modules/cjs/loader:1463:12)
    at require (node:internal/modules/helpers:147:16){"error":{},"exception":true,"date":"Fri Jan 02 2026 17:36:48 GMT-0300 (Brasilia Standard Time)","process":{"pid":8668,"uid":null,"gid":null,"cwd":"C:\\Users\\BTA\\Desktop\\PJ\\THDELIVERY\\backend","execPath":"C:\\Program Files\\nodejs\\node.exe","version":"v22.20.0","argv":["C:\\Program Files\\nodejs\\node.exe","C:\\Users\\BTA\\Desktop\\PJ\\THDELIVERY\\backend\\src\\server.ts"],"memoryUsage":{"rss":121470976,"heapTotal":39673856,"heapUsed":26515440,"external":5211286,"arrayBuffers":267995}},"os":{"loadavg":[0,0,0],"uptime":30696.031},"trace":[{"column":1,"file":"C:\\Users\\BTA\\Desktop\\PJ\\THDELIVERY\\backend\\src\\modules\\product\\products.route.ts","function":"multer","line":31,"method":null,"native":false},{"column":77,"file":"C:\\Users\\BTA\\Desktop\\PJ\\THDELIVERY\\backend\\src\\modules\\product\\products.route.ts","function":null,"line":31,"method":null,"native":false},{"column":14,"file":"node:internal/modules/cjs/loader","function":"Module._compile","line":1706,"method":"_compile","native":false},{"column":1104,"file":"C:\\Users\\BTA\\Desktop\\PJ\\THDELIVERY\\backend\\node_modules\\tsx\\dist\\register-D46fvsV_.cjs","function":"Object.transformer","line":3,"method":"transformer","native":false},{"column":32,"file":"node:internal/modules/cjs/loader","function":"Module.load","line":1441,"method":"load","native":false},{"column":12,"file":"node:internal/modules/cjs/loader","function":"Function._load","line":1263,"method":"_load","native":false},{"column":14,"file":"node:diagnostics_channel","function":"TracingChannel.traceSync","line":322,"method":"traceSync","native":false},{"column":24,"file":"node:internal/modules/cjs/loader","function":"wrapModuleLoad","line":237,"method":null,"native":false},{"column":12,"file":"node:internal/modules/cjs/loader","function":"Module.require","line":1463,"method":"require","native":false},{"column":16,"file":"node:internal/modules/helpers","function":"require","line":147,"method":null,"native":false}]}
[2026-01-02T20:45:17.605Z] [31merror[39m: uncaughtException: Cannot read properties of undefined (reading 'bind')
TypeError: Cannot read properties of undefined (reading 'bind')
    at <anonymous> (C:\Users\BTA\Desktop\PJ\THDELIVERY\backend\src\modules\order\order.route.ts:10:57)
    at Object.<anonymous> (C:\Users\BTA\Desktop\PJ\THDELIVERY\backend\src\modules\order\order.route.ts:15:1)
    at Module._compile (node:internal/modules/cjs/loader:1706:14)
    at Object.transformer (C:\Users\BTA\Desktop\PJ\THDELIVERY\backend\node_modules\tsx\dist\register-D46fvsV_.cjs:3:1104)
    at Module.load (node:internal/modules/cjs/loader:1441:32)
    at Function._load (node:internal/modules/cjs/loader:1263:12)
    at TracingChannel.traceSync (node:diagnostics_channel:322:14)
    at wrapModuleLoad (node:internal/modules/cjs/loader:237:24)
    at Module.require (node:internal/modules/cjs/loader:1463:12)
    at require (node:internal/modules/helpers:147:16)
TypeError: Cannot read properties of undefined (reading 'bind')
    at <anonymous> (C:\Users\BTA\Desktop\PJ\THDELIVERY\backend\src\modules\order\order.route.ts:10:57)
    at Object.<anonymous> (C:\Users\BTA\Desktop\PJ\THDELIVERY\backend\src\modules\order\order.route.ts:15:1)
    at Module._compile (node:internal/modules/cjs/loader:1706:14)
    at Object.transformer (C:\Users\BTA\Desktop\PJ\THDELIVERY\backend\node_modules\tsx\dist\register-D46fvsV_.cjs:3:1104)
    at Module.load (node:internal/modules/cjs/loader:1441:32)
    at Function._load (node:internal/modules/cjs/loader:1263:12)
    at TracingChannel.traceSync (node:diagnostics_channel:322:14)
    at wrapModuleLoad (node:internal/modules/cjs/loader:237:24)
    at Module.require (node:internal/modules/cjs/loader:1463:12)
    at require (node:internal/modules/helpers:147:16){"error":{},"exception":true,"date":"Fri Jan 02 2026 17:45:17 GMT-0300 (Brasilia Standard Time)","process":{"pid":2312,"uid":null,"gid":null,"cwd":"C:\\Users\\BTA\\Desktop\\PJ\\THDELIVERY\\backend","execPath":"C:\\Program Files\\nodejs\\node.exe","version":"v22.20.0","argv":["C:\\Program Files\\nodejs\\node.exe","C:\\Users\\BTA\\Desktop\\PJ\\THDELIVERY\\backend\\src\\server.ts"],"memoryUsage":{"rss":122408960,"heapTotal":40198144,"heapUsed":28443016,"external":5252250,"arrayBuffers":308959}},"os":{"loadavg":[0,0,0],"uptime":31204.64},"trace":[{"column":57,"file":"C:\\Users\\BTA\\Desktop\\PJ\\THDELIVERY\\backend\\src\\modules\\order\\order.route.ts","function":"<anonymous>","line":10,"method":null,"native":false},{"column":1,"file":"C:\\Users\\BTA\\Desktop\\PJ\\THDELIVERY\\backend\\src\\modules\\order\\order.route.ts","function":null,"line":15,"method":null,"native":false},{"column":14,"file":"node:internal/modules/cjs/loader","function":"Module._compile","line":1706,"method":"_compile","native":false},{"column":1104,"file":"C:\\Users\\BTA\\Desktop\\PJ\\THDELIVERY\\backend\\node_modules\\tsx\\dist\\register-D46fvsV_.cjs","function":"Object.transformer","line":3,"method":"transformer","native":false},{"column":32,"file":"node:internal/modules/cjs/loader","function":"Module.load","line":1441,"method":"load","native":false},{"column":12,"file":"node:internal/modules/cjs/loader","function":"Function._load","line":1263,"method":"_load","native":false},{"column":14,"file":"node:diagnostics_channel","function":"TracingChannel.traceSync","line":322,"method":"traceSync","native":false},{"column":24,"file":"node:internal/modules/cjs/loader","function":"wrapModuleLoad","line":237,"method":null,"native":false},{"column":12,"file":"node:internal/modules/cjs/loader","function":"Module.require","line":1463,"method":"require","native":false},{"column":16,"file":"node:internal/modules/helpers","function":"require","line":147,"method":null,"native":false}]}
[2026-01-02T20:46:06.234Z] [31merror[39m: uncaughtException: argument handler must be a function
TypeError: argument handler must be a function
    at Route.<computed> [as get] (C:\Users\BTA\Desktop\PJ\THDELIVERY\backend\node_modules\router\lib\route.js:228:15)
    at Router.<computed> [as get] (C:\Users\BTA\Desktop\PJ\THDELIVERY\backend\node_modules\router\index.js:448:19)
    at multer (C:\Users\BTA\Desktop\PJ\THDELIVERY\backend\src\modules\product\products.route.ts:31:15)
    at Object.<anonymous> (C:\Users\BTA\Desktop\PJ\THDELIVERY\backend\src\modules\product\products.route.ts:31:54)
    at Module._compile (node:internal/modules/cjs/loader:1706:14)
    at Object.transformer (C:\Users\BTA\Desktop\PJ\THDELIVERY\backend\node_modules\tsx\dist\register-D46fvsV_.cjs:3:1104)
    at Module.load (node:internal/modules/cjs/loader:1441:32)
    at Function._load (node:internal/modules/cjs/loader:1263:12)
    at TracingChannel.traceSync (node:diagnostics_channel:322:14)
    at wrapModuleLoad (node:internal/modules/cjs/loader:237:24)
TypeError: argument handler must be a function
    at Route.<computed> [as get] (C:\Users\BTA\Desktop\PJ\THDELIVERY\backend\node_modules\router\lib\route.js:228:15)
    at Router.<computed> [as get] (C:\Users\BTA\Desktop\PJ\THDELIVERY\backend\node_modules\router\index.js:448:19)
    at multer (C:\Users\BTA\Desktop\PJ\THDELIVERY\backend\src\modules\product\products.route.ts:31:15)
    at Object.<anonymous> (C:\Users\BTA\Desktop\PJ\THDELIVERY\backend\src\modules\product\products.route.ts:31:54)
    at Module._compile (node:internal/modules/cjs/loader:1706:14)
    at Object.transformer (C:\Users\BTA\Desktop\PJ\THDELIVERY\backend\node_modules\tsx\dist\register-D46fvsV_.cjs:3:1104)
    at Module.load (node:internal/modules/cjs/loader:1441:32)
    at Function._load (node:internal/modules/cjs/loader:1263:12)
    at TracingChannel.traceSync (node:diagnostics_channel:322:14)
    at wrapModuleLoad (node:internal/modules/cjs/loader:237:24){"error":{},"exception":true,"date":"Fri Jan 02 2026 17:46:06 GMT-0300 (Brasilia Standard Time)","process":{"pid":17748,"uid":null,"gid":null,"cwd":"C:\\Users\\BTA\\Desktop\\PJ\\THDELIVERY\\backend","execPath":"C:\\Program Files\\nodejs\\node.exe","version":"v22.20.0","argv":["C:\\Program Files\\nodejs\\node.exe","C:\\Users\\BTA\\Desktop\\PJ\\THDELIVERY\\backend\\src\\server.ts"],"memoryUsage":{"rss":122433536,"heapTotal":39936000,"heapUsed":26526704,"external":5211290,"arrayBuffers":267999}},"os":{"loadavg":[0,0,0],"uptime":31253.265},"trace":[{"column":15,"file":"C:\\Users\\BTA\\Desktop\\PJ\\THDELIVERY\\backend\\node_modules\\router\\lib\\route.js","function":"Route.<computed> [as get]","line":228,"method":"<computed> [as get]","native":false},{"column":19,"file":"C:\\Users\\BTA\\Desktop\\PJ\\THDELIVERY\\backend\\node_modules\\router\\index.js","function":"Router.<computed> [as get]","line":448,"method":"<computed> [as get]","native":false},{"column":15,"file":"C:\\Users\\BTA\\Desktop\\PJ\\THDELIVERY\\backend\\src\\modules\\product\\products.route.ts","function":"multer","line":31,"method":null,"native":false},{"column":54,"file":"C:\\Users\\BTA\\Desktop\\PJ\\THDELIVERY\\backend\\src\\modules\\product\\products.route.ts","function":null,"line":31,"method":null,"native":false},{"column":14,"file":"node:internal/modules/cjs/loader","function":"Module._compile","line":1706,"method":"_compile","native":false},{"column":1104,"file":"C:\\Users\\BTA\\Desktop\\PJ\\THDELIVERY\\backend\\node_modules\\tsx\\dist\\register-D46fvsV_.cjs","function":"Object.transformer","line":3,"method":"transformer","native":false},{"column":32,"file":"node:internal/modules/cjs/loader","function":"Module.load","line":1441,"method":"load","native":false},{"column":12,"file":"node:internal/modules/cjs/loader","function":"Function._load","line":1263,"method":"_load","native":false},{"column":14,"file":"node:diagnostics_channel","function":"TracingChannel.traceSync","line":322,"method":"traceSync","native":false},{"column":24,"file":"node:internal/modules/cjs/loader","function":"wrapModuleLoad","line":237,"method":null,"native":false}]}
[2026-01-02T20:46:44.774Z] [31merror[39m: uncaughtException: Transform failed with 1 error:
C:\Users\BTA\Desktop\PJ\THDELIVERY\backend\src\modules\product\products.route.ts:31:46: ERROR: Expected identifier but found "."
Error: Transform failed with 1 error:
C:\Users\BTA\Desktop\PJ\THDELIVERY\backend\src\modules\product\products.route.ts:31:46: ERROR: Expected identifier but found "."
    at failureErrorWithLog (C:\Users\BTA\Desktop\PJ\THDELIVERY\backend\node_modules\esbuild\lib\main.js:1467:15)
    at C:\Users\BTA\Desktop\PJ\THDELIVERY\backend\node_modules\esbuild\lib\main.js:736:50
    at responseCallbacks.<computed> (C:\Users\BTA\Desktop\PJ\THDELIVERY\backend\node_modules\esbuild\lib\main.js:603:9)
    at handleIncomingPacket (C:\Users\BTA\Desktop\PJ\THDELIVERY\backend\node_modules\esbuild\lib\main.js:658:12)
    at Socket.readFromStdout (C:\Users\BTA\Desktop\PJ\THDELIVERY\backend\node_modules\esbuild\lib\main.js:581:7)
    at Socket.emit (node:events:519:28)
    at addChunk (node:internal/streams/readable:561:12)
    at readableAddChunkPushByteMode (node:internal/streams/readable:512:3)
    at Readable.push (node:internal/streams/readable:392:5)
    at Pipe.onStreamRead (node:internal/stream_base_commons:189:23)
Error: Transform failed with 1 error:
C:\Users\BTA\Desktop\PJ\THDELIVERY\backend\src\modules\product\products.route.ts:31:46: ERROR: Expected identifier but found "."
    at failureErrorWithLog (C:\Users\BTA\Desktop\PJ\THDELIVERY\backend\node_modules\esbuild\lib\main.js:1467:15)
    at C:\Users\BTA\Desktop\PJ\THDELIVERY\backend\node_modules\esbuild\lib\main.js:736:50
    at responseCallbacks.<computed> (C:\Users\BTA\Desktop\PJ\THDELIVERY\backend\node_modules\esbuild\lib\main.js:603:9)
    at handleIncomingPacket (C:\Users\BTA\Desktop\PJ\THDELIVERY\backend\node_modules\esbuild\lib\main.js:658:12)
    at Socket.readFromStdout (C:\Users\BTA\Desktop\PJ\THDELIVERY\backend\node_modules\esbuild\lib\main.js:581:7)
    at Socket.emit (node:events:519:28)
    at addChunk (node:internal/streams/readable:561:12)
    at readableAddChunkPushByteMode (node:internal/streams/readable:512:3)
    at Readable.push (node:internal/streams/readable:392:5)
    at Pipe.onStreamRead (node:internal/stream_base_commons:189:23){"error":{"name":"TransformError"},"exception":true,"date":"Fri Jan 02 2026 17:46:44 GMT-0300 (Brasilia Standard Time)","process":{"pid":9868,"uid":null,"gid":null,"cwd":"C:\\Users\\BTA\\Desktop\\PJ\\THDELIVERY\\backend","execPath":"C:\\Program Files\\nodejs\\node.exe","version":"v22.20.0","argv":["C:\\Program Files\\nodejs\\node.exe","C:\\Users\\BTA\\Desktop\\PJ\\THDELIVERY\\backend\\src\\server.ts"],"memoryUsage":{"rss":109625344,"heapTotal":35000320,"heapUsed":23354208,"external":3507386,"arrayBuffers":177687}},"os":{"loadavg":[0,0,0],"uptime":31291.812},"trace":[{"column":15,"file":"C:\\Users\\BTA\\Desktop\\PJ\\THDELIVERY\\backend\\node_modules\\esbuild\\lib\\main.js","function":"failureErrorWithLog","line":1467,"method":null,"native":false},{"column":50,"file":"C:\\Users\\BTA\\Desktop\\PJ\\THDELIVERY\\backend\\node_modules\\esbuild\\lib\\main.js","function":null,"line":736,"method":null,"native":false},{"column":9,"file":"C:\\Users\\BTA\\Desktop\\PJ\\THDELIVERY\\backend\\node_modules\\esbuild\\lib\\main.js","function":"responseCallbacks.<computed>","line":603,"method":"<computed>","native":false},{"column":12,"file":"C:\\Users\\BTA\\Desktop\\PJ\\THDELIVERY\\backend\\node_modules\\esbuild\\lib\\main.js","function":"handleIncomingPacket","line":658,"method":null,"native":false},{"column":7,"file":"C:\\Users\\BTA\\Desktop\\PJ\\THDELIVERY\\backend\\node_modules\\esbuild\\lib\\main.js","function":"Socket.readFromStdout","line":581,"method":"readFromStdout","native":false},{"column":28,"file":"node:events","function":"Socket.emit","line":519,"method":"emit","native":false},{"column":12,"file":"node:internal/streams/readable","function":"addChunk","line":561,"method":null,"native":false},{"column":3,"file":"node:internal/streams/readable","function":"readableAddChunkPushByteMode","line":512,"method":null,"native":false},{"column":5,"file":"node:internal/streams/readable","function":"Readable.push","line":392,"method":"push","native":false},{"column":23,"file":"node:internal/stream_base_commons","function":"Pipe.onStreamRead","line":189,"method":"onStreamRead","native":false}]}
[2026-01-05T14:46:59.894Z] [31merror[39m: uncaughtException: Cannot read properties of undefined (reading 'bind')
TypeError: Cannot read properties of undefined (reading 'bind')
    at <anonymous> (C:\Users\BTA\Desktop\PJ\THDELIVERY\backend\src\modules\settings\settings.route.ts:22:52)
    at Object.<anonymous> (C:\Users\BTA\Desktop\PJ\THDELIVERY\backend\src\modules\settings\settings.route.ts:34:16)
    at Module._compile (node:internal/modules/cjs/loader:1706:14)
    at Object.transformer (C:\Users\BTA\Desktop\PJ\THDELIVERY\backend\node_modules\tsx\dist\register-D46fvsV_.cjs:3:1104)
    at Module.load (node:internal/modules/cjs/loader:1441:32)
    at Function._load (node:internal/modules/cjs/loader:1263:12)
    at TracingChannel.traceSync (node:diagnostics_channel:322:14)
    at wrapModuleLoad (node:internal/modules/cjs/loader:237:24)
    at Module.require (node:internal/modules/cjs/loader:1463:12)
    at require (node:internal/modules/helpers:147:16)
TypeError: Cannot read properties of undefined (reading 'bind')
    at <anonymous> (C:\Users\BTA\Desktop\PJ\THDELIVERY\backend\src\modules\settings\settings.route.ts:22:52)
    at Object.<anonymous> (C:\Users\BTA\Desktop\PJ\THDELIVERY\backend\src\modules\settings\settings.route.ts:34:16)
    at Module._compile (node:internal/modules/cjs/loader:1706:14)
    at Object.transformer (C:\Users\BTA\Desktop\PJ\THDELIVERY\backend\node_modules\tsx\dist\register-D46fvsV_.cjs:3:1104)
    at Module.load (node:internal/modules/cjs/loader:1441:32)
    at Function._load (node:internal/modules/cjs/loader:1263:12)
    at TracingChannel.traceSync (node:diagnostics_channel:322:14)
    at wrapModuleLoad (node:internal/modules/cjs/loader:237:24)
    at Module.require (node:internal/modules/cjs/loader:1463:12)
    at require (node:internal/modules/helpers:147:16){"error":{},"exception":true,"date":"Mon Jan 05 2026 11:46:59 GMT-0300 (Brasilia Standard Time)","process":{"pid":16816,"uid":null,"gid":null,"cwd":"C:\\Users\\BTA\\Desktop\\PJ\\THDELIVERY\\backend","execPath":"C:\\Program Files\\nodejs\\node.exe","version":"v22.20.0","argv":["C:\\Program Files\\nodejs\\node.exe","C:\\Users\\BTA\\Desktop\\PJ\\THDELIVERY\\backend\\src\\server.ts"],"memoryUsage":{"rss":118042624,"heapTotal":58617856,"heapUsed":26166408,"external":5293210,"arrayBuffers":349919}},"os":{"loadavg":[0,0,0],"uptime":182933.203},"trace":[{"column":52,"file":"C:\\Users\\BTA\\Desktop\\PJ\\THDELIVERY\\backend\\src\\modules\\settings\\settings.route.ts","function":"<anonymous>","line":22,"method":null,"native":false},{"column":16,"file":"C:\\Users\\BTA\\Desktop\\PJ\\THDELIVERY\\backend\\src\\modules\\settings\\settings.route.ts","function":null,"line":34,"method":null,"native":false},{"column":14,"file":"node:internal/modules/cjs/loader","function":"Module._compile","line":1706,"method":"_compile","native":false},{"column":1104,"file":"C:\\Users\\BTA\\Desktop\\PJ\\THDELIVERY\\backend\\node_modules\\tsx\\dist\\register-D46fvsV_.cjs","function":"Object.transformer","line":3,"method":"transformer","native":false},{"column":32,"file":"node:internal/modules/cjs/loader","function":"Module.load","line":1441,"method":"load","native":false},{"column":12,"file":"node:internal/modules/cjs/loader","function":"Function._load","line":1263,"method":"_load","native":false},{"column":14,"file":"node:diagnostics_channel","function":"TracingChannel.traceSync","line":322,"method":"traceSync","native":false},{"column":24,"file":"node:internal/modules/cjs/loader","function":"wrapModuleLoad","line":237,"method":null,"native":false},{"column":12,"file":"node:internal/modules/cjs/loader","function":"Module.require","line":1463,"method":"require","native":false},{"column":16,"file":"node:internal/modules/helpers","function":"require","line":147,"method":null,"native":false}]}
[2026-01-05T15:37:58.033Z] [31merror[39m: uncaughtException: Cannot find module './opening-hours.util'
Require stack:
- C:\Users\BTA\Desktop\PJ\THDELIVERY\backend\src\modules\settings\settings.service.ts
- C:\Users\BTA\Desktop\PJ\THDELIVERY\backend\src\modules\order\order.service.ts
- C:\Users\BTA\Desktop\PJ\THDELIVERY\backend\src\modules\order\order.controller.ts
- C:\Users\BTA\Desktop\PJ\THDELIVERY\backend\src\modules\order\order.route.ts
- C:\Users\BTA\Desktop\PJ\THDELIVERY\backend\src\routes\main.route.ts
- C:\Users\BTA\Desktop\PJ\THDELIVERY\backend\src\app.ts
- C:\Users\BTA\Desktop\PJ\THDELIVERY\backend\src\server.ts
Error: Cannot find module './opening-hours.util'
Require stack:
- C:\Users\BTA\Desktop\PJ\THDELIVERY\backend\src\modules\settings\settings.service.ts
- C:\Users\BTA\Desktop\PJ\THDELIVERY\backend\src\modules\order\order.service.ts
- C:\Users\BTA\Desktop\PJ\THDELIVERY\backend\src\modules\order\order.controller.ts
- C:\Users\BTA\Desktop\PJ\THDELIVERY\backend\src\modules\order\order.route.ts
- C:\Users\BTA\Desktop\PJ\THDELIVERY\backend\src\routes\main.route.ts
- C:\Users\BTA\Desktop\PJ\THDELIVERY\backend\src\app.ts
- C:\Users\BTA\Desktop\PJ\THDELIVERY\backend\src\server.ts
    at node:internal/modules/cjs/loader:1383:15
    at nextResolveSimple (C:\Users\BTA\Desktop\PJ\THDELIVERY\backend\node_modules\tsx\dist\register-D46fvsV_.cjs:4:1004)
    at C:\Users\BTA\Desktop\PJ\THDELIVERY\backend\node_modules\tsx\dist\register-D46fvsV_.cjs:3:2630
    at C:\Users\BTA\Desktop\PJ\THDELIVERY\backend\node_modules\tsx\dist\register-D46fvsV_.cjs:3:1542
    at resolveTsPaths (C:\Users\BTA\Desktop\PJ\THDELIVERY\backend\node_modules\tsx\dist\register-D46fvsV_.cjs:4:760)
    at C:\Users\BTA\Desktop\PJ\THDELIVERY\backend\node_modules\tsx\dist\register-D46fvsV_.cjs:4:1102
    at m._resolveFilename (file:///C:/Users/BTA/Desktop/PJ/THDELIVERY/backend/node_modules/tsx/dist/register-B7jrtLTO.mjs:1:789)
    at defaultResolveImpl (node:internal/modules/cjs/loader:1025:19)
    at resolveForCJSWithHooks (node:internal/modules/cjs/loader:1030:22)
    at Function._load (node:internal/modules/cjs/loader:1192:37)
Error: Cannot find module './opening-hours.util'
Require stack:
- C:\Users\BTA\Desktop\PJ\THDELIVERY\backend\src\modules\settings\settings.service.ts
- C:\Users\BTA\Desktop\PJ\THDELIVERY\backend\src\modules\order\order.service.ts
- C:\Users\BTA\Desktop\PJ\THDELIVERY\backend\src\modules\order\order.controller.ts
- C:\Users\BTA\Desktop\PJ\THDELIVERY\backend\src\modules\order\order.route.ts
- C:\Users\BTA\Desktop\PJ\THDELIVERY\backend\src\routes\main.route.ts
- C:\Users\BTA\Desktop\PJ\THDELIVERY\backend\src\app.ts
- C:\Users\BTA\Desktop\PJ\THDELIVERY\backend\src\server.ts
    at node:internal/modules/cjs/loader:1383:15
    at nextResolveSimple (C:\Users\BTA\Desktop\PJ\THDELIVERY\backend\node_modules\tsx\dist\register-D46fvsV_.cjs:4:1004)
    at C:\Users\BTA\Desktop\PJ\THDELIVERY\backend\node_modules\tsx\dist\register-D46fvsV_.cjs:3:2630
    at C:\Users\BTA\Desktop\PJ\THDELIVERY\backend\node_modules\tsx\dist\register-D46fvsV_.cjs:3:1542
    at resolveTsPaths (C:\Users\BTA\Desktop\PJ\THDELIVERY\backend\node_modules\tsx\dist\register-D46fvsV_.cjs:4:760)
    at C:\Users\BTA\Desktop\PJ\THDELIVERY\backend\node_modules\tsx\dist\register-D46fvsV_.cjs:4:1102
    at m._resolveFilename (file:///C:/Users/BTA/Desktop/PJ/THDELIVERY/backend/node_modules/tsx/dist/register-B7jrtLTO.mjs:1:789)
    at defaultResolveImpl (node:internal/modules/cjs/loader:1025:19)
    at resolveForCJSWithHooks (node:internal/modules/cjs/loader:1030:22)
    at Function._load (node:internal/modules/cjs/loader:1192:37){"error":{"code":"MODULE_NOT_FOUND","requireStack":["C:\\Users\\BTA\\Desktop\\PJ\\THDELIVERY\\backend\\src\\modules\\settings\\settings.service.ts","C:\\Users\\BTA\\Desktop\\PJ\\THDELIVERY\\backend\\src\\modules\\order\\order.service.ts","C:\\Users\\BTA\\Desktop\\PJ\\THDELIVERY\\backend\\src\\modules\\order\\order.controller.ts","C:\\Users\\BTA\\Desktop\\PJ\\THDELIVERY\\backend\\src\\modules\\order\\order.route.ts","C:\\Users\\BTA\\Desktop\\PJ\\THDELIVERY\\backend\\src\\routes\\main.route.ts","C:\\Users\\BTA\\Desktop\\PJ\\THDELIVERY\\backend\\src\\app.ts","C:\\Users\\BTA\\Desktop\\PJ\\THDELIVERY\\backend\\src\\server.ts"]},"exception":true,"date":"Mon Jan 05 2026 12:37:58 GMT-0300 (Brasilia Standard Time)","process":{"pid":10308,"uid":null,"gid":null,"cwd":"C:\\Users\\BTA\\Desktop\\PJ\\THDELIVERY\\backend","execPath":"C:\\Program Files\\nodejs\\node.exe","version":"v22.20.0","argv":["C:\\Program Files\\nodejs\\node.exe","C:\\Users\\BTA\\Desktop\\PJ\\THDELIVERY\\backend\\src\\server.ts"],"memoryUsage":{"rss":115863552,"heapTotal":40198144,"heapUsed":28555560,"external":5260442,"arrayBuffers":317151}},"os":{"loadavg":[0,0,0],"uptime":185991.343},"trace":[{"column":15,"file":"node:internal/modules/cjs/loader","function":null,"line":1383,"method":null,"native":false},{"column":1004,"file":"C:\\Users\\BTA\\Desktop\\PJ\\THDELIVERY\\backend\\node_modules\\tsx\\dist\\register-D46fvsV_.cjs","function":"nextResolveSimple","line":4,"method":null,"native":false},{"column":2630,"file":"C:\\Users\\BTA\\Desktop\\PJ\\THDELIVERY\\backend\\node_modules\\tsx\\dist\\register-D46fvsV_.cjs","function":null,"line":3,"method":null,"native":false},{"column":1542,"file":"C:\\Users\\BTA\\Desktop\\PJ\\THDELIVERY\\backend\\node_modules\\tsx\\dist\\register-D46fvsV_.cjs","function":null,"line":3,"method":null,"native":false},{"column":760,"file":"C:\\Users\\BTA\\Desktop\\PJ\\THDELIVERY\\backend\\node_modules\\tsx\\dist\\register-D46fvsV_.cjs","function":"resolveTsPaths","line":4,"method":null,"native":false},{"column":1102,"file":"C:\\Users\\BTA\\Desktop\\PJ\\THDELIVERY\\backend\\node_modules\\tsx\\dist\\register-D46fvsV_.cjs","function":null,"line":4,"method":null,"native":false},{"column":789,"file":"file:///C:/Users/BTA/Desktop/PJ/THDELIVERY/backend/node_modules/tsx/dist/register-B7jrtLTO.mjs","function":"m._resolveFilename","line":1,"method":"_resolveFilename","native":false},{"column":19,"file":"node:internal/modules/cjs/loader","function":"defaultResolveImpl","line":1025,"method":null,"native":false},{"column":22,"file":"node:internal/modules/cjs/loader","function":"resolveForCJSWithHooks","line":1030,"method":null,"native":false},{"column":37,"file":"node:internal/modules/cjs/loader","function":"Function._load","line":1192,"method":"_load","native":false}]}
[2026-01-05T15:46:35.268Z] [31merror[39m: uncaughtException: import_settings.StoreSettingsController is not a constructor
TypeError: import_settings.StoreSettingsController is not a constructor
    at <anonymous> (C:\Users\BTA\Desktop\PJ\THDELIVERY\backend\src\modules\settings\settings.route.ts:5:20)
    at Object.<anonymous> (C:\Users\BTA\Desktop\PJ\THDELIVERY\backend\src\modules\settings\settings.route.ts:32:16)
    at Module._compile (node:internal/modules/cjs/loader:1706:14)
    at Object.transformer (C:\Users\BTA\Desktop\PJ\THDELIVERY\backend\node_modules\tsx\dist\register-D46fvsV_.cjs:3:1104)
    at Module.load (node:internal/modules/cjs/loader:1441:32)
    at Function._load (node:internal/modules/cjs/loader:1263:12)
    at TracingChannel.traceSync (node:diagnostics_channel:322:14)
    at wrapModuleLoad (node:internal/modules/cjs/loader:237:24)
    at Module.require (node:internal/modules/cjs/loader:1463:12)
    at require (node:internal/modules/helpers:147:16)
TypeError: import_settings.StoreSettingsController is not a constructor
    at <anonymous> (C:\Users\BTA\Desktop\PJ\THDELIVERY\backend\src\modules\settings\settings.route.ts:5:20)
    at Object.<anonymous> (C:\Users\BTA\Desktop\PJ\THDELIVERY\backend\src\modules\settings\settings.route.ts:32:16)
    at Module._compile (node:internal/modules/cjs/loader:1706:14)
    at Object.transformer (C:\Users\BTA\Desktop\PJ\THDELIVERY\backend\node_modules\tsx\dist\register-D46fvsV_.cjs:3:1104)
    at Module.load (node:internal/modules/cjs/loader:1441:32)
    at Function._load (node:internal/modules/cjs/loader:1263:12)
    at TracingChannel.traceSync (node:diagnostics_channel:322:14)
    at wrapModuleLoad (node:internal/modules/cjs/loader:237:24)
    at Module.require (node:internal/modules/cjs/loader:1463:12)
    at require (node:internal/modules/helpers:147:16){"error":{},"exception":true,"date":"Mon Jan 05 2026 12:46:35 GMT-0300 (Brasilia Standard Time)","process":{"pid":17604,"uid":null,"gid":null,"cwd":"C:\\Users\\BTA\\Desktop\\PJ\\THDELIVERY\\backend","execPath":"C:\\Program Files\\nodejs\\node.exe","version":"v22.20.0","argv":["C:\\Program Files\\nodejs\\node.exe","C:\\Users\\BTA\\Desktop\\PJ\\THDELIVERY\\backend\\src\\server.ts"],"memoryUsage":{"rss":118300672,"heapTotal":59142144,"heapUsed":25978168,"external":5289250,"arrayBuffers":345959}},"os":{"loadavg":[0,0,0],"uptime":186508.578},"trace":[{"column":20,"file":"C:\\Users\\BTA\\Desktop\\PJ\\THDELIVERY\\backend\\src\\modules\\settings\\settings.route.ts","function":"<anonymous>","line":5,"method":null,"native":false},{"column":16,"file":"C:\\Users\\BTA\\Desktop\\PJ\\THDELIVERY\\backend\\src\\modules\\settings\\settings.route.ts","function":null,"line":32,"method":null,"native":false},{"column":14,"file":"node:internal/modules/cjs/loader","function":"Module._compile","line":1706,"method":"_compile","native":false},{"column":1104,"file":"C:\\Users\\BTA\\Desktop\\PJ\\THDELIVERY\\backend\\node_modules\\tsx\\dist\\register-D46fvsV_.cjs","function":"Object.transformer","line":3,"method":"transformer","native":false},{"column":32,"file":"node:internal/modules/cjs/loader","function":"Module.load","line":1441,"method":"load","native":false},{"column":12,"file":"node:internal/modules/cjs/loader","function":"Function._load","line":1263,"method":"_load","native":false},{"column":14,"file":"node:diagnostics_channel","function":"TracingChannel.traceSync","line":322,"method":"traceSync","native":false},{"column":24,"file":"node:internal/modules/cjs/loader","function":"wrapModuleLoad","line":237,"method":null,"native":false},{"column":12,"file":"node:internal/modules/cjs/loader","function":"Module.require","line":1463,"method":"require","native":false},{"column":16,"file":"node:internal/modules/helpers","function":"require","line":147,"method":null,"native":false}]}
[2026-01-05T15:48:49.947Z] [31merror[39m: uncaughtException: Transform failed with 1 error:
C:\Users\BTA\Desktop\PJ\THDELIVERY\backend\src\modules\settings\settings.service.ts:1:6: ERROR: Expected ";" but found "recompute"
Error: Transform failed with 1 error:
C:\Users\BTA\Desktop\PJ\THDELIVERY\backend\src\modules\settings\settings.service.ts:1:6: ERROR: Expected ";" but found "recompute"
    at failureErrorWithLog (C:\Users\BTA\Desktop\PJ\THDELIVERY\backend\node_modules\esbuild\lib\main.js:1467:15)
    at C:\Users\BTA\Desktop\PJ\THDELIVERY\backend\node_modules\esbuild\lib\main.js:736:50
    at responseCallbacks.<computed> (C:\Users\BTA\Desktop\PJ\THDELIVERY\backend\node_modules\esbuild\lib\main.js:603:9)
    at handleIncomingPacket (C:\Users\BTA\Desktop\PJ\THDELIVERY\backend\node_modules\esbuild\lib\main.js:658:12)
    at Socket.readFromStdout (C:\Users\BTA\Desktop\PJ\THDELIVERY\backend\node_modules\esbuild\lib\main.js:581:7)
    at Socket.emit (node:events:519:28)
    at addChunk (node:internal/streams/readable:561:12)
    at readableAddChunkPushByteMode (node:internal/streams/readable:512:3)
    at Readable.push (node:internal/streams/readable:392:5)
    at Pipe.onStreamRead (node:internal/stream_base_commons:189:23)
Error: Transform failed with 1 error:
C:\Users\BTA\Desktop\PJ\THDELIVERY\backend\src\modules\settings\settings.service.ts:1:6: ERROR: Expected ";" but found "recompute"
    at failureErrorWithLog (C:\Users\BTA\Desktop\PJ\THDELIVERY\backend\node_modules\esbuild\lib\main.js:1467:15)
    at C:\Users\BTA\Desktop\PJ\THDELIVERY\backend\node_modules\esbuild\lib\main.js:736:50
    at responseCallbacks.<computed> (C:\Users\BTA\Desktop\PJ\THDELIVERY\backend\node_modules\esbuild\lib\main.js:603:9)
    at handleIncomingPacket (C:\Users\BTA\Desktop\PJ\THDELIVERY\backend\node_modules\esbuild\lib\main.js:658:12)
    at Socket.readFromStdout (C:\Users\BTA\Desktop\PJ\THDELIVERY\backend\node_modules\esbuild\lib\main.js:581:7)
    at Socket.emit (node:events:519:28)
    at addChunk (node:internal/streams/readable:561:12)
    at readableAddChunkPushByteMode (node:internal/streams/readable:512:3)
    at Readable.push (node:internal/streams/readable:392:5)
    at Pipe.onStreamRead (node:internal/stream_base_commons:189:23){"error":{"name":"TransformError"},"exception":true,"date":"Mon Jan 05 2026 12:48:49 GMT-0300 (Brasilia Standard Time)","process":{"pid":20316,"uid":null,"gid":null,"cwd":"C:\\Users\\BTA\\Desktop\\PJ\\THDELIVERY\\backend","execPath":"C:\\Program Files\\nodejs\\node.exe","version":"v22.20.0","argv":["C:\\Program Files\\nodejs\\node.exe","C:\\Users\\BTA\\Desktop\\PJ\\THDELIVERY\\backend\\src\\server.ts"],"memoryUsage":{"rss":115945472,"heapTotal":40198144,"heapUsed":27927616,"external":5235666,"arrayBuffers":292375}},"os":{"loadavg":[0,0,0],"uptime":186643.25},"trace":[{"column":15,"file":"C:\\Users\\BTA\\Desktop\\PJ\\THDELIVERY\\backend\\node_modules\\esbuild\\lib\\main.js","function":"failureErrorWithLog","line":1467,"method":null,"native":false},{"column":50,"file":"C:\\Users\\BTA\\Desktop\\PJ\\THDELIVERY\\backend\\node_modules\\esbuild\\lib\\main.js","function":null,"line":736,"method":null,"native":false},{"column":9,"file":"C:\\Users\\BTA\\Desktop\\PJ\\THDELIVERY\\backend\\node_modules\\esbuild\\lib\\main.js","function":"responseCallbacks.<computed>","line":603,"method":"<computed>","native":false},{"column":12,"file":"C:\\Users\\BTA\\Desktop\\PJ\\THDELIVERY\\backend\\node_modules\\esbuild\\lib\\main.js","function":"handleIncomingPacket","line":658,"method":null,"native":false},{"column":7,"file":"C:\\Users\\BTA\\Desktop\\PJ\\THDELIVERY\\backend\\node_modules\\esbuild\\lib\\main.js","function":"Socket.readFromStdout","line":581,"method":"readFromStdout","native":false},{"column":28,"file":"node:events","function":"Socket.emit","line":519,"method":"emit","native":false},{"column":12,"file":"node:internal/streams/readable","function":"addChunk","line":561,"method":null,"native":false},{"column":3,"file":"node:internal/streams/readable","function":"readableAddChunkPushByteMode","line":512,"method":null,"native":false},{"column":5,"file":"node:internal/streams/readable","function":"Readable.push","line":392,"method":"push","native":false},{"column":23,"file":"node:internal/stream_base_commons","function":"Pipe.onStreamRead","line":189,"method":"onStreamRead","native":false}]}
[2026-01-05T15:48:55.653Z] [31merror[39m: uncaughtException: Transform failed with 1 error:
C:\Users\BTA\Desktop\PJ\THDELIVERY\backend\src\modules\settings\settings.service.ts:1:6: ERROR: Expected ";" but found "recompute"
Error: Transform failed with 1 error:
C:\Users\BTA\Desktop\PJ\THDELIVERY\backend\src\modules\settings\settings.service.ts:1:6: ERROR: Expected ";" but found "recompute"
    at failureErrorWithLog (C:\Users\BTA\Desktop\PJ\THDELIVERY\backend\node_modules\esbuild\lib\main.js:1467:15)
    at C:\Users\BTA\Desktop\PJ\THDELIVERY\backend\node_modules\esbuild\lib\main.js:736:50
    at responseCallbacks.<computed> (C:\Users\BTA\Desktop\PJ\THDELIVERY\backend\node_modules\esbuild\lib\main.js:603:9)
    at handleIncomingPacket (C:\Users\BTA\Desktop\PJ\THDELIVERY\backend\node_modules\esbuild\lib\main.js:658:12)
    at Socket.readFromStdout (C:\Users\BTA\Desktop\PJ\THDELIVERY\backend\node_modules\esbuild\lib\main.js:581:7)
    at Socket.emit (node:events:519:28)
    at addChunk (node:internal/streams/readable:561:12)
    at readableAddChunkPushByteMode (node:internal/streams/readable:512:3)
    at Readable.push (node:internal/streams/readable:392:5)
    at Pipe.onStreamRead (node:internal/stream_base_commons:189:23)
Error: Transform failed with 1 error:
C:\Users\BTA\Desktop\PJ\THDELIVERY\backend\src\modules\settings\settings.service.ts:1:6: ERROR: Expected ";" but found "recompute"
    at failureErrorWithLog (C:\Users\BTA\Desktop\PJ\THDELIVERY\backend\node_modules\esbuild\lib\main.js:1467:15)
    at C:\Users\BTA\Desktop\PJ\THDELIVERY\backend\node_modules\esbuild\lib\main.js:736:50
    at responseCallbacks.<computed> (C:\Users\BTA\Desktop\PJ\THDELIVERY\backend\node_modules\esbuild\lib\main.js:603:9)
    at handleIncomingPacket (C:\Users\BTA\Desktop\PJ\THDELIVERY\backend\node_modules\esbuild\lib\main.js:658:12)
    at Socket.readFromStdout (C:\Users\BTA\Desktop\PJ\THDELIVERY\backend\node_modules\esbuild\lib\main.js:581:7)
    at Socket.emit (node:events:519:28)
    at addChunk (node:internal/streams/readable:561:12)
    at readableAddChunkPushByteMode (node:internal/streams/readable:512:3)
    at Readable.push (node:internal/streams/readable:392:5)
    at Pipe.onStreamRead (node:internal/stream_base_commons:189:23){"error":{"name":"TransformError"},"exception":true,"date":"Mon Jan 05 2026 12:48:55 GMT-0300 (Brasilia Standard Time)","process":{"pid":1964,"uid":null,"gid":null,"cwd":"C:\\Users\\BTA\\Desktop\\PJ\\THDELIVERY\\backend","execPath":"C:\\Program Files\\nodejs\\node.exe","version":"v22.20.0","argv":["C:\\Program Files\\nodejs\\node.exe","C:\\Users\\BTA\\Desktop\\PJ\\THDELIVERY\\backend\\src\\server.ts"],"memoryUsage":{"rss":115564544,"heapTotal":39936000,"heapUsed":27893504,"external":5235666,"arrayBuffers":292375}},"os":{"loadavg":[0,0,0],"uptime":186648.953},"trace":[{"column":15,"file":"C:\\Users\\BTA\\Desktop\\PJ\\THDELIVERY\\backend\\node_modules\\esbuild\\lib\\main.js","function":"failureErrorWithLog","line":1467,"method":null,"native":false},{"column":50,"file":"C:\\Users\\BTA\\Desktop\\PJ\\THDELIVERY\\backend\\node_modules\\esbuild\\lib\\main.js","function":null,"line":736,"method":null,"native":false},{"column":9,"file":"C:\\Users\\BTA\\Desktop\\PJ\\THDELIVERY\\backend\\node_modules\\esbuild\\lib\\main.js","function":"responseCallbacks.<computed>","line":603,"method":"<computed>","native":false},{"column":12,"file":"C:\\Users\\BTA\\Desktop\\PJ\\THDELIVERY\\backend\\node_modules\\esbuild\\lib\\main.js","function":"handleIncomingPacket","line":658,"method":null,"native":false},{"column":7,"file":"C:\\Users\\BTA\\Desktop\\PJ\\THDELIVERY\\backend\\node_modules\\esbuild\\lib\\main.js","function":"Socket.readFromStdout","line":581,"method":"readFromStdout","native":false},{"column":28,"file":"node:events","function":"Socket.emit","line":519,"method":"emit","native":false},{"column":12,"file":"node:internal/streams/readable","function":"addChunk","line":561,"method":null,"native":false},{"column":3,"file":"node:internal/streams/readable","function":"readableAddChunkPushByteMode","line":512,"method":null,"native":false},{"column":5,"file":"node:internal/streams/readable","function":"Readable.push","line":392,"method":"push","native":false},{"column":23,"file":"node:internal/stream_base_commons","function":"Pipe.onStreamRead","line":189,"method":"onStreamRead","native":false}]}
[2026-01-05T15:51:47.378Z] [31merror[39m: uncaughtException: Transform failed with 1 error:
C:\Users\BTA\Desktop\PJ\THDELIVERY\backend\src\modules\settings\settings.controller.ts:9:40: ERROR: Expected identifier but found "("
Error: Transform failed with 1 error:
C:\Users\BTA\Desktop\PJ\THDELIVERY\backend\src\modules\settings\settings.controller.ts:9:40: ERROR: Expected identifier but found "("
    at failureErrorWithLog (C:\Users\BTA\Desktop\PJ\THDELIVERY\backend\node_modules\esbuild\lib\main.js:1467:15)
    at C:\Users\BTA\Desktop\PJ\THDELIVERY\backend\node_modules\esbuild\lib\main.js:736:50
    at responseCallbacks.<computed> (C:\Users\BTA\Desktop\PJ\THDELIVERY\backend\node_modules\esbuild\lib\main.js:603:9)
    at handleIncomingPacket (C:\Users\BTA\Desktop\PJ\THDELIVERY\backend\node_modules\esbuild\lib\main.js:658:12)
    at Socket.readFromStdout (C:\Users\BTA\Desktop\PJ\THDELIVERY\backend\node_modules\esbuild\lib\main.js:581:7)
    at Socket.emit (node:events:519:28)
    at addChunk (node:internal/streams/readable:561:12)
    at readableAddChunkPushByteMode (node:internal/streams/readable:512:3)
    at Readable.push (node:internal/streams/readable:392:5)
    at Pipe.onStreamRead (node:internal/stream_base_commons:189:23)
Error: Transform failed with 1 error:
C:\Users\BTA\Desktop\PJ\THDELIVERY\backend\src\modules\settings\settings.controller.ts:9:40: ERROR: Expected identifier but found "("
    at failureErrorWithLog (C:\Users\BTA\Desktop\PJ\THDELIVERY\backend\node_modules\esbuild\lib\main.js:1467:15)
    at C:\Users\BTA\Desktop\PJ\THDELIVERY\backend\node_modules\esbuild\lib\main.js:736:50
    at responseCallbacks.<computed> (C:\Users\BTA\Desktop\PJ\THDELIVERY\backend\node_modules\esbuild\lib\main.js:603:9)
    at handleIncomingPacket (C:\Users\BTA\Desktop\PJ\THDELIVERY\backend\node_modules\esbuild\lib\main.js:658:12)
    at Socket.readFromStdout (C:\Users\BTA\Desktop\PJ\THDELIVERY\backend\node_modules\esbuild\lib\main.js:581:7)
    at Socket.emit (node:events:519:28)
    at addChunk (node:internal/streams/readable:561:12)
    at readableAddChunkPushByteMode (node:internal/streams/readable:512:3)
    at Readable.push (node:internal/streams/readable:392:5)
    at Pipe.onStreamRead (node:internal/stream_base_commons:189:23){"error":{"name":"TransformError"},"exception":true,"date":"Mon Jan 05 2026 12:51:47 GMT-0300 (Brasilia Standard Time)","process":{"pid":12604,"uid":null,"gid":null,"cwd":"C:\\Users\\BTA\\Desktop\\PJ\\THDELIVERY\\backend","execPath":"C:\\Program Files\\nodejs\\node.exe","version":"v22.20.0","argv":["C:\\Program Files\\nodejs\\node.exe","C:\\Users\\BTA\\Desktop\\PJ\\THDELIVERY\\backend\\src\\server.ts"],"memoryUsage":{"rss":117972992,"heapTotal":58355712,"heapUsed":25818168,"external":5265766,"arrayBuffers":322475}},"os":{"loadavg":[0,0,0],"uptime":186820.687},"trace":[{"column":15,"file":"C:\\Users\\BTA\\Desktop\\PJ\\THDELIVERY\\backend\\node_modules\\esbuild\\lib\\main.js","function":"failureErrorWithLog","line":1467,"method":null,"native":false},{"column":50,"file":"C:\\Users\\BTA\\Desktop\\PJ\\THDELIVERY\\backend\\node_modules\\esbuild\\lib\\main.js","function":null,"line":736,"method":null,"native":false},{"column":9,"file":"C:\\Users\\BTA\\Desktop\\PJ\\THDELIVERY\\backend\\node_modules\\esbuild\\lib\\main.js","function":"responseCallbacks.<computed>","line":603,"method":"<computed>","native":false},{"column":12,"file":"C:\\Users\\BTA\\Desktop\\PJ\\THDELIVERY\\backend\\node_modules\\esbuild\\lib\\main.js","function":"handleIncomingPacket","line":658,"method":null,"native":false},{"column":7,"file":"C:\\Users\\BTA\\Desktop\\PJ\\THDELIVERY\\backend\\node_modules\\esbuild\\lib\\main.js","function":"Socket.readFromStdout","line":581,"method":"readFromStdout","native":false},{"column":28,"file":"node:events","function":"Socket.emit","line":519,"method":"emit","native":false},{"column":12,"file":"node:internal/streams/readable","function":"addChunk","line":561,"method":null,"native":false},{"column":3,"file":"node:internal/streams/readable","function":"readableAddChunkPushByteMode","line":512,"method":null,"native":false},{"column":5,"file":"node:internal/streams/readable","function":"Readable.push","line":392,"method":"push","native":false},{"column":23,"file":"node:internal/stream_base_commons","function":"Pipe.onStreamRead","line":189,"method":"onStreamRead","native":false}]}
[2026-01-05T15:51:59.606Z] [31merror[39m: uncaughtException: Transform failed with 1 error:
C:\Users\BTA\Desktop\PJ\THDELIVERY\backend\src\modules\settings\settings.controller.ts:9:40: ERROR: Expected identifier but found "("
Error: Transform failed with 1 error:
C:\Users\BTA\Desktop\PJ\THDELIVERY\backend\src\modules\settings\settings.controller.ts:9:40: ERROR: Expected identifier but found "("
    at failureErrorWithLog (C:\Users\BTA\Desktop\PJ\THDELIVERY\backend\node_modules\esbuild\lib\main.js:1467:15)
    at C:\Users\BTA\Desktop\PJ\THDELIVERY\backend\node_modules\esbuild\lib\main.js:736:50
    at responseCallbacks.<computed> (C:\Users\BTA\Desktop\PJ\THDELIVERY\backend\node_modules\esbuild\lib\main.js:603:9)
    at handleIncomingPacket (C:\Users\BTA\Desktop\PJ\THDELIVERY\backend\node_modules\esbuild\lib\main.js:658:12)
    at Socket.readFromStdout (C:\Users\BTA\Desktop\PJ\THDELIVERY\backend\node_modules\esbuild\lib\main.js:581:7)
    at Socket.emit (node:events:519:28)
    at addChunk (node:internal/streams/readable:561:12)
    at readableAddChunkPushByteMode (node:internal/streams/readable:512:3)
    at Readable.push (node:internal/streams/readable:392:5)
    at Pipe.onStreamRead (node:internal/stream_base_commons:189:23)
Error: Transform failed with 1 error:
C:\Users\BTA\Desktop\PJ\THDELIVERY\backend\src\modules\settings\settings.controller.ts:9:40: ERROR: Expected identifier but found "("
    at failureErrorWithLog (C:\Users\BTA\Desktop\PJ\THDELIVERY\backend\node_modules\esbuild\lib\main.js:1467:15)
    at C:\Users\BTA\Desktop\PJ\THDELIVERY\backend\node_modules\esbuild\lib\main.js:736:50
    at responseCallbacks.<computed> (C:\Users\BTA\Desktop\PJ\THDELIVERY\backend\node_modules\esbuild\lib\main.js:603:9)
    at handleIncomingPacket (C:\Users\BTA\Desktop\PJ\THDELIVERY\backend\node_modules\esbuild\lib\main.js:658:12)
    at Socket.readFromStdout (C:\Users\BTA\Desktop\PJ\THDELIVERY\backend\node_modules\esbuild\lib\main.js:581:7)
    at Socket.emit (node:events:519:28)
    at addChunk (node:internal/streams/readable:561:12)
    at readableAddChunkPushByteMode (node:internal/streams/readable:512:3)
    at Readable.push (node:internal/streams/readable:392:5)
    at Pipe.onStreamRead (node:internal/stream_base_commons:189:23){"error":{"name":"TransformError"},"exception":true,"date":"Mon Jan 05 2026 12:51:59 GMT-0300 (Brasilia Standard Time)","process":{"pid":18248,"uid":null,"gid":null,"cwd":"C:\\Users\\BTA\\Desktop\\PJ\\THDELIVERY\\backend","execPath":"C:\\Program Files\\nodejs\\node.exe","version":"v22.20.0","argv":["C:\\Program Files\\nodejs\\node.exe","C:\\Users\\BTA\\Desktop\\PJ\\THDELIVERY\\backend\\src\\server.ts"],"memoryUsage":{"rss":118050816,"heapTotal":58617856,"heapUsed":25766840,"external":5268634,"arrayBuffers":325351}},"os":{"loadavg":[0,0,0],"uptime":186832.906},"trace":[{"column":15,"file":"C:\\Users\\BTA\\Desktop\\PJ\\THDELIVERY\\backend\\node_modules\\esbuild\\lib\\main.js","function":"failureErrorWithLog","line":1467,"method":null,"native":false},{"column":50,"file":"C:\\Users\\BTA\\Desktop\\PJ\\THDELIVERY\\backend\\node_modules\\esbuild\\lib\\main.js","function":null,"line":736,"method":null,"native":false},{"column":9,"file":"C:\\Users\\BTA\\Desktop\\PJ\\THDELIVERY\\backend\\node_modules\\esbuild\\lib\\main.js","function":"responseCallbacks.<computed>","line":603,"method":"<computed>","native":false},{"column":12,"file":"C:\\Users\\BTA\\Desktop\\PJ\\THDELIVERY\\backend\\node_modules\\esbuild\\lib\\main.js","function":"handleIncomingPacket","line":658,"method":null,"native":false},{"column":7,"file":"C:\\Users\\BTA\\Desktop\\PJ\\THDELIVERY\\backend\\node_modules\\esbuild\\lib\\main.js","function":"Socket.readFromStdout","line":581,"method":"readFromStdout","native":false},{"column":28,"file":"node:events","function":"Socket.emit","line":519,"method":"emit","native":false},{"column":12,"file":"node:internal/streams/readable","function":"addChunk","line":561,"method":null,"native":false},{"column":3,"file":"node:internal/streams/readable","function":"readableAddChunkPushByteMode","line":512,"method":null,"native":false},{"column":5,"file":"node:internal/streams/readable","function":"Readable.push","line":392,"method":"push","native":false},{"column":23,"file":"node:internal/stream_base_commons","function":"Pipe.onStreamRead","line":189,"method":"onStreamRead","native":false}]}
[2026-01-05T16:57:43.884Z] [31merror[39m: uncaughtException: startStoreStatusJob is not defined
ReferenceError: startStoreStatusJob is not defined
    at express (C:\Users\BTA\Desktop\PJ\THDELIVERY\backend\src\app.ts:11:1)
    at Object.<anonymous> (C:\Users\BTA\Desktop\PJ\THDELIVERY\backend\src\app.ts:11:21)
    at Module._compile (node:internal/modules/cjs/loader:1706:14)
    at Object.transformer (C:\Users\BTA\Desktop\PJ\THDELIVERY\backend\node_modules\tsx\dist\register-D46fvsV_.cjs:3:1104)
    at Module.load (node:internal/modules/cjs/loader:1441:32)
    at Function._load (node:internal/modules/cjs/loader:1263:12)
    at TracingChannel.traceSync (node:diagnostics_channel:322:14)
    at wrapModuleLoad (node:internal/modules/cjs/loader:237:24)
    at Module.require (node:internal/modules/cjs/loader:1463:12)
    at require (node:internal/modules/helpers:147:16)
ReferenceError: startStoreStatusJob is not defined
    at express (C:\Users\BTA\Desktop\PJ\THDELIVERY\backend\src\app.ts:11:1)
    at Object.<anonymous> (C:\Users\BTA\Desktop\PJ\THDELIVERY\backend\src\app.ts:11:21)
    at Module._compile (node:internal/modules/cjs/loader:1706:14)
    at Object.transformer (C:\Users\BTA\Desktop\PJ\THDELIVERY\backend\node_modules\tsx\dist\register-D46fvsV_.cjs:3:1104)
    at Module.load (node:internal/modules/cjs/loader:1441:32)
    at Function._load (node:internal/modules/cjs/loader:1263:12)
    at TracingChannel.traceSync (node:diagnostics_channel:322:14)
    at wrapModuleLoad (node:internal/modules/cjs/loader:237:24)
    at Module.require (node:internal/modules/cjs/loader:1463:12)
    at require (node:internal/modules/helpers:147:16){"error":{},"exception":true,"date":"Mon Jan 05 2026 13:57:43 GMT-0300 (Brasilia Standard Time)","process":{"pid":13332,"uid":null,"gid":null,"cwd":"C:\\Users\\BTA\\Desktop\\PJ\\THDELIVERY\\backend","execPath":"C:\\Program Files\\nodejs\\node.exe","version":"v22.20.0","argv":["C:\\Program Files\\nodejs\\node.exe","C:\\Users\\BTA\\Desktop\\PJ\\THDELIVERY\\backend\\src\\server.ts"],"memoryUsage":{"rss":118145024,"heapTotal":59142144,"heapUsed":26129408,"external":5276826,"arrayBuffers":333535}},"os":{"loadavg":[0,0,0],"uptime":190777.187},"trace":[{"column":1,"file":"C:\\Users\\BTA\\Desktop\\PJ\\THDELIVERY\\backend\\src\\app.ts","function":"express","line":11,"method":null,"native":false},{"column":21,"file":"C:\\Users\\BTA\\Desktop\\PJ\\THDELIVERY\\backend\\src\\app.ts","function":null,"line":11,"method":null,"native":false},{"column":14,"file":"node:internal/modules/cjs/loader","function":"Module._compile","line":1706,"method":"_compile","native":false},{"column":1104,"file":"C:\\Users\\BTA\\Desktop\\PJ\\THDELIVERY\\backend\\node_modules\\tsx\\dist\\register-D46fvsV_.cjs","function":"Object.transformer","line":3,"method":"transformer","native":false},{"column":32,"file":"node:internal/modules/cjs/loader","function":"Module.load","line":1441,"method":"load","native":false},{"column":12,"file":"node:internal/modules/cjs/loader","function":"Function._load","line":1263,"method":"_load","native":false},{"column":14,"file":"node:diagnostics_channel","function":"TracingChannel.traceSync","line":322,"method":"traceSync","native":false},{"column":24,"file":"node:internal/modules/cjs/loader","function":"wrapModuleLoad","line":237,"method":null,"native":false},{"column":12,"file":"node:internal/modules/cjs/loader","function":"Module.require","line":1463,"method":"require","native":false},{"column":16,"file":"node:internal/modules/helpers","function":"require","line":147,"method":null,"native":false}]}
[2026-01-05T17:21:48.400Z] [31merror[39m: uncaughtException: ensureAuth is not defined
ReferenceError: ensureAuth is not defined
    at <anonymous> (C:\Users\BTA\Desktop\PJ\THDELIVERY\backend\src\modules\deliveryArea\delivery.route.ts:7:17)
    at Object.<anonymous> (C:\Users\BTA\Desktop\PJ\THDELIVERY\backend\src\modules\deliveryArea\delivery.route.ts:10:54)
    at Module._compile (node:internal/modules/cjs/loader:1706:14)
    at Object.transformer (C:\Users\BTA\Desktop\PJ\THDELIVERY\backend\node_modules\tsx\dist\register-D46fvsV_.cjs:3:1104)
    at Module.load (node:internal/modules/cjs/loader:1441:32)
    at Function._load (node:internal/modules/cjs/loader:1263:12)
    at TracingChannel.traceSync (node:diagnostics_channel:322:14)
    at wrapModuleLoad (node:internal/modules/cjs/loader:237:24)
    at Module.require (node:internal/modules/cjs/loader:1463:12)
    at require (node:internal/modules/helpers:147:16)
ReferenceError: ensureAuth is not defined
    at <anonymous> (C:\Users\BTA\Desktop\PJ\THDELIVERY\backend\src\modules\deliveryArea\delivery.route.ts:7:17)
    at Object.<anonymous> (C:\Users\BTA\Desktop\PJ\THDELIVERY\backend\src\modules\deliveryArea\delivery.route.ts:10:54)
    at Module._compile (node:internal/modules/cjs/loader:1706:14)
    at Object.transformer (C:\Users\BTA\Desktop\PJ\THDELIVERY\backend\node_modules\tsx\dist\register-D46fvsV_.cjs:3:1104)
    at Module.load (node:internal/modules/cjs/loader:1441:32)
    at Function._load (node:internal/modules/cjs/loader:1263:12)
    at TracingChannel.traceSync (node:diagnostics_channel:322:14)
    at wrapModuleLoad (node:internal/modules/cjs/loader:237:24)
    at Module.require (node:internal/modules/cjs/loader:1463:12)
    at require (node:internal/modules/helpers:147:16){"error":{},"exception":true,"date":"Mon Jan 05 2026 14:21:48 GMT-0300 (Brasilia Standard Time)","process":{"pid":17836,"uid":null,"gid":null,"cwd":"C:\\Users\\BTA\\Desktop\\PJ\\THDELIVERY\\backend","execPath":"C:\\Program Files\\nodejs\\node.exe","version":"v22.20.0","argv":["C:\\Program Files\\nodejs\\node.exe","C:\\Users\\BTA\\Desktop\\PJ\\THDELIVERY\\backend\\src\\server.ts"],"memoryUsage":{"rss":116137984,"heapTotal":40198144,"heapUsed":29431832,"external":5276826,"arrayBuffers":333535}},"os":{"loadavg":[0,0,0],"uptime":192221.703},"trace":[{"column":17,"file":"C:\\Users\\BTA\\Desktop\\PJ\\THDELIVERY\\backend\\src\\modules\\deliveryArea\\delivery.route.ts","function":"<anonymous>","line":7,"method":null,"native":false},{"column":54,"file":"C:\\Users\\BTA\\Desktop\\PJ\\THDELIVERY\\backend\\src\\modules\\deliveryArea\\delivery.route.ts","function":null,"line":10,"method":null,"native":false},{"column":14,"file":"node:internal/modules/cjs/loader","function":"Module._compile","line":1706,"method":"_compile","native":false},{"column":1104,"file":"C:\\Users\\BTA\\Desktop\\PJ\\THDELIVERY\\backend\\node_modules\\tsx\\dist\\register-D46fvsV_.cjs","function":"Object.transformer","line":3,"method":"transformer","native":false},{"column":32,"file":"node:internal/modules/cjs/loader","function":"Module.load","line":1441,"method":"load","native":false},{"column":12,"file":"node:internal/modules/cjs/loader","function":"Function._load","line":1263,"method":"_load","native":false},{"column":14,"file":"node:diagnostics_channel","function":"TracingChannel.traceSync","line":322,"method":"traceSync","native":false},{"column":24,"file":"node:internal/modules/cjs/loader","function":"wrapModuleLoad","line":237,"method":null,"native":false},{"column":12,"file":"node:internal/modules/cjs/loader","function":"Module.require","line":1463,"method":"require","native":false},{"column":16,"file":"node:internal/modules/helpers","function":"require","line":147,"method":null,"native":false}]}
[2026-01-05T17:23:05.694Z] [31merror[39m: uncaughtException: ensureAuth is not defined
ReferenceError: ensureAuth is not defined
    at <anonymous> (C:\Users\BTA\Desktop\PJ\THDELIVERY\backend\src\modules\order\order.route.ts:12:17)
    at Object.<anonymous> (C:\Users\BTA\Desktop\PJ\THDELIVERY\backend\src\modules\order\order.route.ts:15:1)
    at Module._compile (node:internal/modules/cjs/loader:1706:14)
    at Object.transformer (C:\Users\BTA\Desktop\PJ\THDELIVERY\backend\node_modules\tsx\dist\register-D46fvsV_.cjs:3:1104)
    at Module.load (node:internal/modules/cjs/loader:1441:32)
    at Function._load (node:internal/modules/cjs/loader:1263:12)
    at TracingChannel.traceSync (node:diagnostics_channel:322:14)
    at wrapModuleLoad (node:internal/modules/cjs/loader:237:24)
    at Module.require (node:internal/modules/cjs/loader:1463:12)
    at require (node:internal/modules/helpers:147:16)
ReferenceError: ensureAuth is not defined
    at <anonymous> (C:\Users\BTA\Desktop\PJ\THDELIVERY\backend\src\modules\order\order.route.ts:12:17)
    at Object.<anonymous> (C:\Users\BTA\Desktop\PJ\THDELIVERY\backend\src\modules\order\order.route.ts:15:1)
    at Module._compile (node:internal/modules/cjs/loader:1706:14)
    at Object.transformer (C:\Users\BTA\Desktop\PJ\THDELIVERY\backend\node_modules\tsx\dist\register-D46fvsV_.cjs:3:1104)
    at Module.load (node:internal/modules/cjs/loader:1441:32)
    at Function._load (node:internal/modules/cjs/loader:1263:12)
    at TracingChannel.traceSync (node:diagnostics_channel:322:14)
    at wrapModuleLoad (node:internal/modules/cjs/loader:237:24)
    at Module.require (node:internal/modules/cjs/loader:1463:12)
    at require (node:internal/modules/helpers:147:16){"error":{},"exception":true,"date":"Mon Jan 05 2026 14:23:05 GMT-0300 (Brasilia Standard Time)","process":{"pid":18000,"uid":null,"gid":null,"cwd":"C:\\Users\\BTA\\Desktop\\PJ\\THDELIVERY\\backend","execPath":"C:\\Program Files\\nodejs\\node.exe","version":"v22.20.0","argv":["C:\\Program Files\\nodejs\\node.exe","C:\\Users\\BTA\\Desktop\\PJ\\THDELIVERY\\backend\\src\\server.ts"],"memoryUsage":{"rss":116264960,"heapTotal":40198144,"heapUsed":28867288,"external":5260442,"arrayBuffers":317151}},"os":{"loadavg":[0,0,0],"uptime":192299},"trace":[{"column":17,"file":"C:\\Users\\BTA\\Desktop\\PJ\\THDELIVERY\\backend\\src\\modules\\order\\order.route.ts","function":"<anonymous>","line":12,"method":null,"native":false},{"column":1,"file":"C:\\Users\\BTA\\Desktop\\PJ\\THDELIVERY\\backend\\src\\modules\\order\\order.route.ts","function":null,"line":15,"method":null,"native":false},{"column":14,"file":"node:internal/modules/cjs/loader","function":"Module._compile","line":1706,"method":"_compile","native":false},{"column":1104,"file":"C:\\Users\\BTA\\Desktop\\PJ\\THDELIVERY\\backend\\node_modules\\tsx\\dist\\register-D46fvsV_.cjs","function":"Object.transformer","line":3,"method":"transformer","native":false},{"column":32,"file":"node:internal/modules/cjs/loader","function":"Module.load","line":1441,"method":"load","native":false},{"column":12,"file":"node:internal/modules/cjs/loader","function":"Function._load","line":1263,"method":"_load","native":false},{"column":14,"file":"node:diagnostics_channel","function":"TracingChannel.traceSync","line":322,"method":"traceSync","native":false},{"column":24,"file":"node:internal/modules/cjs/loader","function":"wrapModuleLoad","line":237,"method":null,"native":false},{"column":12,"file":"node:internal/modules/cjs/loader","function":"Module.require","line":1463,"method":"require","native":false},{"column":16,"file":"node:internal/modules/helpers","function":"require","line":147,"method":null,"native":false}]}
[2026-01-05T17:24:44.704Z] [31merror[39m: uncaughtException: ensureA is not defined
ReferenceError: ensureA is not defined
    at <anonymous> (C:\Users\BTA\Desktop\PJ\THDELIVERY\backend\src\modules\promotion\promotion.route.ts:14:32)
    at Object.<anonymous> (C:\Users\BTA\Desktop\PJ\THDELIVERY\backend\src\modules\promotion\promotion.route.ts:16:16)
    at Module._compile (node:internal/modules/cjs/loader:1706:14)
    at Object.transformer (C:\Users\BTA\Desktop\PJ\THDELIVERY\backend\node_modules\tsx\dist\register-D46fvsV_.cjs:3:1104)
    at Module.load (node:internal/modules/cjs/loader:1441:32)
    at Function._load (node:internal/modules/cjs/loader:1263:12)
    at TracingChannel.traceSync (node:diagnostics_channel:322:14)
    at wrapModuleLoad (node:internal/modules/cjs/loader:237:24)
    at Module.require (node:internal/modules/cjs/loader:1463:12)
    at require (node:internal/modules/helpers:147:16)
ReferenceError: ensureA is not defined
    at <anonymous> (C:\Users\BTA\Desktop\PJ\THDELIVERY\backend\src\modules\promotion\promotion.route.ts:14:32)
    at Object.<anonymous> (C:\Users\BTA\Desktop\PJ\THDELIVERY\backend\src\modules\promotion\promotion.route.ts:16:16)
    at Module._compile (node:internal/modules/cjs/loader:1706:14)
    at Object.transformer (C:\Users\BTA\Desktop\PJ\THDELIVERY\backend\node_modules\tsx\dist\register-D46fvsV_.cjs:3:1104)
    at Module.load (node:internal/modules/cjs/loader:1441:32)
    at Function._load (node:internal/modules/cjs/loader:1263:12)
    at TracingChannel.traceSync (node:diagnostics_channel:322:14)
    at wrapModuleLoad (node:internal/modules/cjs/loader:237:24)
    at Module.require (node:internal/modules/cjs/loader:1463:12)
    at require (node:internal/modules/helpers:147:16){"error":{},"exception":true,"date":"Mon Jan 05 2026 14:24:44 GMT-0300 (Brasilia Standard Time)","process":{"pid":10192,"uid":null,"gid":null,"cwd":"C:\\Users\\BTA\\Desktop\\PJ\\THDELIVERY\\backend","execPath":"C:\\Program Files\\nodejs\\node.exe","version":"v22.20.0","argv":["C:\\Program Files\\nodejs\\node.exe","C:\\Users\\BTA\\Desktop\\PJ\\THDELIVERY\\backend\\src\\server.ts"],"memoryUsage":{"rss":117542912,"heapTotal":58617856,"heapUsed":25723064,"external":5285018,"arrayBuffers":325343}},"os":{"loadavg":[0,0,0],"uptime":192398.015},"trace":[{"column":32,"file":"C:\\Users\\BTA\\Desktop\\PJ\\THDELIVERY\\backend\\src\\modules\\promotion\\promotion.route.ts","function":"<anonymous>","line":14,"method":null,"native":false},{"column":16,"file":"C:\\Users\\BTA\\Desktop\\PJ\\THDELIVERY\\backend\\src\\modules\\promotion\\promotion.route.ts","function":null,"line":16,"method":null,"native":false},{"column":14,"file":"node:internal/modules/cjs/loader","function":"Module._compile","line":1706,"method":"_compile","native":false},{"column":1104,"file":"C:\\Users\\BTA\\Desktop\\PJ\\THDELIVERY\\backend\\node_modules\\tsx\\dist\\register-D46fvsV_.cjs","function":"Object.transformer","line":3,"method":"transformer","native":false},{"column":32,"file":"node:internal/modules/cjs/loader","function":"Module.load","line":1441,"method":"load","native":false},{"column":12,"file":"node:internal/modules/cjs/loader","function":"Function._load","line":1263,"method":"_load","native":false},{"column":14,"file":"node:diagnostics_channel","function":"TracingChannel.traceSync","line":322,"method":"traceSync","native":false},{"column":24,"file":"node:internal/modules/cjs/loader","function":"wrapModuleLoad","line":237,"method":null,"native":false},{"column":12,"file":"node:internal/modules/cjs/loader","function":"Module.require","line":1463,"method":"require","native":false},{"column":16,"file":"node:internal/modules/helpers","function":"require","line":147,"method":null,"native":false}]}
